-- MySQL dump 10.13  Distrib 5.6.26, for osx10.10 (x86_64)
--
-- Host: localhost    Database: accord
-- ------------------------------------------------------
-- Server version	5.6.26

/*!40101 SET @OLD_CHARACTER_SET_CLIENT=@@CHARACTER_SET_CLIENT */;
/*!40101 SET @OLD_CHARACTER_SET_RESULTS=@@CHARACTER_SET_RESULTS */;
/*!40101 SET @OLD_COLLATION_CONNECTION=@@COLLATION_CONNECTION */;
/*!40101 SET NAMES utf8 */;
/*!40103 SET @OLD_TIME_ZONE=@@TIME_ZONE */;
/*!40103 SET TIME_ZONE='+00:00' */;
/*!40014 SET @OLD_UNIQUE_CHECKS=@@UNIQUE_CHECKS, UNIQUE_CHECKS=0 */;
/*!40014 SET @OLD_FOREIGN_KEY_CHECKS=@@FOREIGN_KEY_CHECKS, FOREIGN_KEY_CHECKS=0 */;
/*!40101 SET @OLD_SQL_MODE=@@SQL_MODE, SQL_MODE='NO_AUTO_VALUE_ON_ZERO' */;
/*!40111 SET @OLD_SQL_NOTES=@@SQL_NOTES, SQL_NOTES=0 */;

--
-- Table structure for table `DeductionList`
--

DROP TABLE IF EXISTS `DeductionList`;
/*!40101 SET @saved_cs_client     = @@character_set_client */;
/*!40101 SET character_set_client = utf8 */;
CREATE TABLE `DeductionList` (
  `dcode` mediumint(9) NOT NULL,
  `name` varchar(25) DEFAULT NULL
) ENGINE=InnoDB DEFAULT CHARSET=utf8;
/*!40101 SET character_set_client = @saved_cs_client */;

--
-- Dumping data for table `DeductionList`
--

LOCK TABLES `DeductionList` WRITE;
/*!40000 ALTER TABLE `DeductionList` DISABLE KEYS */;
INSERT INTO `DeductionList` VALUES (0,'Unknown'),(1,'401K'),(2,'401K Loan'),(3,'Child Support'),(4,'Dental'),(5,'FSA'),(6,'GARN'),(7,'Group Life'),(8,'Housing'),(9,'Medical'),(10,'Miscded'),(11,'Taxes');
/*!40000 ALTER TABLE `DeductionList` ENABLE KEYS */;
UNLOCK TABLES;

--
-- Table structure for table `companies`
--

DROP TABLE IF EXISTS `companies`;
/*!40101 SET @saved_cs_client     = @@character_set_client */;
/*!40101 SET character_set_client = utf8 */;
CREATE TABLE `companies` (
  `CoCode` mediumint(9) NOT NULL AUTO_INCREMENT,
  `LegalName` varchar(50) DEFAULT NULL,
  `CommonName` varchar(50) DEFAULT NULL,
  `Address` varchar(35) DEFAULT NULL,
  `Address2` varchar(35) DEFAULT NULL,
  `City` varchar(25) DEFAULT NULL,
  `State` char(25) DEFAULT NULL,
  `PostalCode` varchar(10) DEFAULT NULL,
  `Country` varchar(25) DEFAULT NULL,
  `Phone` varchar(25) DEFAULT NULL,
  `Fax` varchar(25) DEFAULT NULL,
  `Email` varchar(35) DEFAULT NULL,
  `Designation` char(3) NOT NULL,
  `Active` smallint(6) NOT NULL,
  `EmploysPersonnel` smallint(6) NOT NULL,
  PRIMARY KEY (`CoCode`)
) ENGINE=InnoDB AUTO_INCREMENT=76 DEFAULT CHARSET=utf8;
/*!40101 SET character_set_client = @saved_cs_client */;

--
-- Dumping data for table `companies`
--

LOCK TABLES `companies` WRITE;
/*!40000 ALTER TABLE `companies` DISABLE KEYS */;
INSERT INTO `companies` VALUES (1,'Accord/417, LLC','6417','11719 Bee Cave Road','Suite 301','Austin','TX','78738','USA','512-600-1880','323-512-0105','','417',1,0),(2,'Amal Brdoukan Mansour','','424 Brandon Way','','Austin','TX','78733','USA','818-516-9270','','amalbmansour@gmail.com','ABM',1,0),(3,'Acrosscity LDA','Acrosscity','Zona Industrial do Casal da Areia','Lote 55  Casal da Areia Distrito','Alcobaca','Freguesia','206 COZ','Portugal','351-1262-545-271','','','ACR',1,0),(4,'Accord Interests, LLC','Accord Interests','11719 Bee Cave Road','Suite 301','Austin','TX','78738','USA','323-512-0111','323-512-0105','','AII',1,1),(5,'Accord/JGM, LLC','AJM','11719 Bee Cave Road','Suite 301','Austin','TX','78738','USA','512-600-1880','323-512-0105','','AJM',1,0),(6,'Anna Joan Mansour','','424 Brandon Way','','Austin','TX','78738','USA','818-424-5534','','','ANN',1,0),(7,'Accord/BRO CLY, LLC','BCR','11719 Bee Cave Road','Suite 301','Austin','TX','78738','USA','512-600-1880','323-512-0105','','BCR',1,0),(8,'Accord/BRO, LLC','BRG','11719 Bee Cave Road','Suite 301','Austin','TX','78738','USA','512-600-1880','323-512-0105','','BRG',1,0),(9,'Accord/BRO Equity, LLC','BRE','11719 Bee Cave Road','Suite 301','Austin','TX','78738','USA','512-600-1880','323-512-0105','','BRE',1,0),(10,'Accord/BRO Members, LLC','BRO','11719 Bee Cave Road','Suite 301','Austin','TX','78738','USA','512-600-1880','323-512-0105','','BRO',1,0),(11,'BVS CBP Holdings, LLC','','11719 Bee Cave Road','Suite 301','Austin','TX','78738','USA','512-600-1880','323-512-0105','','BVS',1,0),(12,'CBP Member LLC','CBM','11719 Bee Cave Road','Suite 301','Austin','TX','78738','USA','512-600-1880','323-512-0105','','CBM',1,0),(13,'Ceruzzi-Beaumont Partners, LLC','Ceruzzi-Beaumont Partners','11719 Bee Cave Road','Suite 301','Austin','TX','78738','USA','512-600-1880','323-512-0105','','CBP',1,0),(14,'California Commerce Centre Owners Association','CCC','11719 Bee Cave Road','Suite 301','Austin','TX','78738','USA','512-600-1880','323-512-0105','','CCC',1,0),(15,'Darla J. Nelson','','119 The Hills Drive','','Austin','TX','78738','USA','512-502-5486','','','DJN',1,0),(16,'Elizabeth Joan Mansour','','424 Brandon Way','','Austin','TX','78733','USA','310-987-1223','','','ELI',1,0),(17,'Elad Yifrach','','1203 David Drive','','Euless','TX','76040','USA','310-897-8498','','','EY',1,0),(18,'Accord Guaranty LP','GUA','11719 Bee Cave Road','Suite 301','Austin','TX','78738','USA','','','','GUA',1,0),(19,'L\'Objet IOM Limited','L\'Objet IOM','Ground Floor West Suite','54-58 Athol Street','Douglas','','1M11JD','Isle of Man','','','','IOM',1,1),(20,'Accord/OKC Members, LLC','Isola Bella','6303 NW 63rd Street','','Oklahoma City','OK','73132','USA','405-721-2191','405-603-4095','','ISO',1,1),(21,'Joseph G. Mansour','','424 Brandon Way','','Austin','TX','78733','USA','310-245-8220','','','JGM',1,0),(22,'Joan L.Mansour','','424 Brandon Way','','Austin','TX','78733','USA','310-600-1723','','','JLM',1,0),(23,'Jacob Louis Sternbaum','','1602 Lakeway Boulevard','','Lakeway','TX','78734','USA','818-231-1970','','','JLS',1,0),(24,'JGM First, LLC','JM1','11719 Bee Cave Road','Suite 301','Austin','TX','78738','USA','512-600-1880','323-512-0105','','JM1',1,0),(25,'Jacob Sternbaum Trust','Jacob\'s Trust','11719 Bee Cave Road','Suite 301','Austin','TX','78738','USA','512-600-1880','323-512-0105','','JS1',1,0),(26,'Joseph G. Mansour Family Trust 1','JGM\'s Trust','11719 Bee Cave Road','Suite 301','Austin','TX','78738','USA','512-600-1880','323-512-0105','','JT1',1,0),(27,'KLS First, LLC','KS1','11719 Bee Cave Road','Suite 301','Austin','TX','78738','USA','512-600-1880','323-512-0105','','KS1',1,0),(28,'L\'Objet UK Limited','LUK','87-135 Brompton Road','Knightsbridge','London','','SW1X7XL','United Kingdom','','','','LUK',1,0),(29,'Maxxe E  Sternbaum','Maxxy','8756 Wonderland Avenue','','Los Angeles','CA','90046','USA','818-461-4141','','','MES',1,0),(30,'Accord/MOR, LLC','MOR','11719 Bee Cave Road','Suite 301','Austin','TX','78738','USA','512-600-1880','323-512-0105','','MOR',1,0),(31,'Maxxe Sternbaum Trust','Maxxy\'s Trust','11719 Bee Cave Road','Suite 301','Austin','TX','78738','USA','512-600-1880','323-512-0105','','MS1',1,0),(32,'NYC Luxury Reps, Inc.','NYR','41 Madison Avenue','16th Floor','New York','NY','10010','USA','212-251-1011','212-251-1012','','NYR',1,0),(33,'Accord/OKC, LLC','OKG','11719 Bee Cave Road','Suite 301','Austin','TX','78738','USA','310-600-1880','323-512-0105','','OKG',1,0),(34,'Accord/OLI Members, LLC','OL2','11719 Bee Cave Road','Suite 301','Austin','TX','78738','USA','512-600-1880','323-512-0105','','OL2',1,0),(35,'Accord/OLI Equity, LLC','OLE','11719 Bee Cave Road','Suite 301','Austin','TX','78738','USA','512-600-1880','323-512-0105','','OLE',1,0),(36,'231 W Olive Partners, Ltd','OLI','11719 Bee Cave Road','Suite 301','Austin','TX','78738','USA','512-600-1880','323-512-0105','','OLI',1,0),(37,'Accord/PAC Members, LLC','PAC','11719 Bee Cave Road','Suite 301','Austin','TX','78738','USA','512-600-1880','323-512-0105','','PAC',1,0),(38,'BH Rexford Group, Inc.','REX Owners Association','11719 Bee Cave Road','Suite 301','Austin','TX','78738','USA','512-600-1880','323-512-0105','','REH',1,0),(39,'SAT Isola Equity, LLC','SAE','11719 Bee Cave Road','Suite 301','Austin','TX','78738','USA','310-600-1880','323-512-0105','','SAE',1,0),(40,'SAT Isola Manager, LLC','SAG','11719 Bee Cave Road','Suite 301','Austin','TX','78738','USA','310-600-1880','323-512-0105','','SAG',1,0),(41,'SAT Isola Partners, LP','SAT','11719 Bee Cave Road','Suite 301','Austin','TX','78738','USA','310-600-1880','323-512-0105','','SAT',1,0),(42,'Texas Cedars, Ltd.','Tucasa','11719 Bee Cave Road','Suite 301','Austin','TX','78738','USA','310-600-1880','323-512-0105','','TUC',1,1),(43,'Tucasa Corporation','TUG','11719 Bee Cave Road','Suite 301','Austin','TX','78738','USA','310-600-1880','323-512-0105','','TUG',1,0),(44,'L\'Objet USA, LLC','L\'Objet USA','3515 Conflans Road','','Irving','TX','75061','USA','972-986-9575','972-767-4014','','USA',1,1),(45,'Accord/VAU Members, LLC','VAU','11719 Bee Cave Road','Suite 301','Austin','TX','78738','USA','310-600-1880','323-512-0105','','VAU',1,0),(46,'Accord/WIL Members, LLC','WIL','11719 Bee Cave Road','Suite 301','Austin','TX','78738','USA','310-600-1880','323-512-0105','','WIL',1,0),(47,'Accord Group, Inc.','Accord Group','','','','','','','','','','AGI',0,0),(48,'Accord Valet Services, LLC','Accord Valet','','','','','','','','','','AVS',0,0),(49,'Burbank Commerce Centre Industrial, Inc.','BCC','','','','','','','','','','BCC',0,0),(50,'Accord/BEV, LLC','BEG','','','','','','','','','','BEG',0,0),(51,'Accord/BEV Associates, L.P.','BEV','','','','','','','','','','BEV',0,0),(52,'Cedar Interests, Inc.','Cedar Properties','','','','','','','','','','CII',0,0),(53,'Accord/CLY, LLC','CLG','','','','','','','','','','CLG',0,0),(54,'Accord/CLY Members, LLC','CLY','','','','','','','','','','CLY',0,0),(55,'Accord/HOL Members, LLC','HOL','','','','','','','','','','HOL',0,0),(56,'JGM Family Trust 2','JT2','','','','','','','','','','JT2',0,0),(57,'Karl Louis Sternbaum','KLS','','','','','','','','','','KLS',0,0),(58,'Estate of Karl Sternbaum','KSE','','','','','','','','','','KSE',0,0),(59,'KLS Family Trust 1','KS1','','','','','','','','','','KT1',0,0),(60,'MANCO','MCO','','','','','','','','','','MCO',0,0),(61,'Mill Creek Group, Ltd. Co.','Mill Creek','','','','','','','','','','MCT',0,0),(62,'Maxxe Sternbaum Life Insurance Trust','Maxxes Life Insurance Trust','','','','','','','','','','MSL',0,0),(63,'Accord/NE2, LLC','NE2','','','','','','','','','','NE2',0,0),(64,'Accord/NEW Manager, LLC','NEG','','','','','','','','','','NEG',0,0),(65,'Accord/PAS, LLC','PAG','','','','','','','','','','PAG',0,0),(66,'Pasadena Hotel Associates, LLC','PAS','','','','','','','','','','PAS',0,0),(67,'Radford Place Associates','Radford','','','','','','','','','','RPA',0,0),(68,'Accord/SHO, LLC','SHG','','','','','','','','','','SHG',0,0),(69,'Accord/SHO Members, LLC','SHO','','','','','','','','','','SHO',0,0),(70,'Accord/SIE, LLC','SIE','','','','','','','','','','SIE',0,0),(71,'Sternbaum General Partnership','STE','','','','','','','','','','STE',0,0),(72,'Accord/VAU, LLC','VAG','','','','','','','','','','VAG',0,0),(73,'Accord/VIL, LLC','VIG','','','','','','','','','','VIG',0,0),(74,'Accord/VIL Members, LLC','VIL','','','','','','','','','','VIL',0,0),(75,'Accord/WIL, LLC','WIG','','','','','','','','','','WIG',0,0);
/*!40000 ALTER TABLE `companies` ENABLE KEYS */;
UNLOCK TABLES;

--
-- Table structure for table `compensation`
--

DROP TABLE IF EXISTS `compensation`;
/*!40101 SET @saved_cs_client     = @@character_set_client */;
/*!40101 SET character_set_client = utf8 */;
CREATE TABLE `compensation` (
  `uid` mediumint(9) NOT NULL,
  `type` mediumint(9) NOT NULL
) ENGINE=InnoDB DEFAULT CHARSET=utf8;
/*!40101 SET character_set_client = @saved_cs_client */;

--
-- Dumping data for table `compensation`
--

LOCK TABLES `compensation` WRITE;
/*!40000 ALTER TABLE `compensation` DISABLE KEYS */;
INSERT INTO `compensation` VALUES (22,2),(97,2),(106,2),(138,0),(147,1),(208,1),(3,2),(43,0),(46,2),(1,0),(18,0),(19,1),(146,1),(170,0),(178,0),(200,1),(4,4),(71,2),(131,0),(184,0),(7,0),(117,0),(44,0),(64,0),(137,0),(141,1),(36,0),(55,1),(159,0),(197,2),(13,2),(41,4),(133,2),(161,2),(187,4),(167,0),(157,0),(29,2),(79,0),(38,1),(68,0),(81,2),(126,2),(192,1),(25,0),(57,2),(100,2),(115,0),(127,0),(206,1),(76,2),(186,2),(105,2),(111,2),(20,2),(109,2),(142,2),(183,0),(5,0),(40,2),(87,0),(94,4),(122,2),(162,0),(31,0),(80,0),(160,2),(51,2),(61,0),(144,4),(154,0),(27,2),(128,0),(149,1),(156,2),(172,2),(194,2),(199,1),(2,0),(33,0),(47,2),(120,2),(129,4),(65,0),(83,2),(90,0),(179,0),(195,2),(209,1),(60,0),(86,0),(202,1),(205,2),(59,1),(63,0),(114,2),(121,0),(130,0),(8,0),(189,2),(54,0),(84,0),(104,0),(177,0),(48,0),(101,4),(150,0),(175,1),(10,4),(23,4),(24,2),(56,2),(139,0),(102,0),(165,0),(188,2),(182,0),(203,1),(9,2),(16,0),(42,2),(69,4),(153,0),(88,2),(180,0),(204,2),(50,2),(171,0),(176,4),(17,2),(70,2),(198,1),(30,2),(124,2),(148,0),(152,0),(163,1),(89,1),(93,2),(143,0),(151,0),(34,2),(52,4),(53,2),(181,2),(185,2),(193,1),(45,4),(191,1),(201,1),(39,0),(107,0),(174,0),(196,2),(26,2),(66,0),(134,0),(135,0),(95,0),(32,0),(78,0),(113,0),(116,4),(155,0),(12,0),(74,0),(112,0),(136,2),(72,2),(96,2),(99,2),(145,2),(190,2),(173,1),(132,4),(140,0),(169,2),(6,0),(73,1),(85,1),(110,2),(119,0),(125,2),(28,0),(21,2),(210,1),(58,2),(75,0),(82,2),(98,2),(164,0),(166,0),(15,0),(35,0),(62,0),(91,0),(158,0),(207,1),(14,2),(67,0),(168,0),(49,2),(77,2),(103,1),(108,0),(123,0),(211,1),(11,0),(37,2),(92,0),(118,0);
/*!40000 ALTER TABLE `compensation` ENABLE KEYS */;
UNLOCK TABLES;

--
-- Table structure for table `deductions`
--

DROP TABLE IF EXISTS `deductions`;
/*!40101 SET @saved_cs_client     = @@character_set_client */;
/*!40101 SET character_set_client = utf8 */;
CREATE TABLE `deductions` (
  `uid` mediumint(9) NOT NULL,
  `deduction` int(11) NOT NULL
) ENGINE=InnoDB DEFAULT CHARSET=utf8;
/*!40101 SET character_set_client = @saved_cs_client */;

--
-- Dumping data for table `deductions`
--

LOCK TABLES `deductions` WRITE;
/*!40000 ALTER TABLE `deductions` DISABLE KEYS */;
INSERT INTO `deductions` VALUES (3,11),(4,11),(4,9),(4,4),(9,11),(9,9),(9,4),(9,8),(10,11),(10,9),(10,4),(13,11),(13,9),(13,4),(14,11),(14,9),(14,4),(14,8),(17,11),(19,11),(19,9),(19,4),(20,11),(20,9),(20,4),(21,11),(21,9),(21,4),(21,1),(22,11),(22,8),(23,11),(23,9),(23,4),(24,11),(24,9),(24,4),(24,8),(26,11),(26,8),(27,11),(29,11),(29,9),(29,4),(30,11),(30,9),(30,4),(30,6),(34,11),(34,9),(34,4),(34,3),(34,8),(37,11),(37,9),(37,4),(37,10),(37,8),(38,11),(38,9),(38,4),(40,11),(40,9),(40,4),(41,11),(41,9),(41,4),(42,11),(42,9),(42,4),(45,11),(45,9),(45,4),(46,11),(46,9),(46,4),(46,1),(47,11),(47,9),(47,4),(47,1),(49,11),(49,9),(49,4),(50,11),(51,11),(52,11),(53,11),(53,9),(53,4),(55,11),(55,9),(55,4),(55,5),(55,1),(56,11),(56,9),(56,4),(57,11),(57,9),(57,4),(57,8),(58,11),(58,9),(58,4),(59,11),(59,9),(59,4),(59,8),(69,11),(69,9),(69,4),(70,11),(70,9),(70,4),(71,11),(72,11),(73,11),(73,9),(73,4),(76,11),(76,9),(76,4),(76,8),(77,11),(77,9),(77,4),(81,11),(81,9),(81,4),(81,3),(82,11),(82,9),(82,4),(83,11),(83,9),(83,4),(85,11),(88,11),(89,11),(89,9),(89,4),(89,8),(93,11),(94,11),(94,9),(94,4),(96,11),(96,9),(96,4),(96,8),(99,11),(99,8),(100,11),(101,11),(101,9),(101,4),(103,11),(103,9),(103,4),(105,11),(105,8),(109,11),(109,9),(109,4),(110,11),(110,9),(110,4),(111,11),(111,9),(111,4),(111,8),(114,11),(114,9),(114,4),(116,11),(116,9),(116,4),(120,11),(122,11),(124,11),(124,9),(124,4),(124,8),(125,11),(125,9),(125,4),(126,11),(126,9),(126,4),(126,8),(129,11),(129,9),(129,4),(132,11),(132,9),(132,4),(133,11),(133,9),(133,4),(136,11),(141,11),(141,9),(141,4),(142,11),(142,9),(142,4),(142,8),(144,11),(144,9),(144,4),(145,11),(146,11),(146,9),(146,4),(146,5),(147,11),(147,9),(147,4),(149,11),(156,11),(156,9),(156,4),(156,8),(160,11),(161,11),(163,11),(163,9),(163,4),(169,11),(169,8),(172,11),(172,3),(173,11),(173,9),(173,4),(173,8),(175,11),(175,9),(175,4),(176,11),(176,9),(176,4),(181,11),(181,8),(185,11),(185,8),(186,11),(186,9),(186,4),(186,8),(187,11),(187,9),(187,4),(188,11),(188,9),(188,4),(188,8),(188,3),(189,11),(189,9),(189,4),(189,8),(190,11),(191,11),(191,4),(191,9),(191,7),(191,5),(192,11),(192,1),(193,11),(193,1),(194,11),(195,11),(196,11),(197,11),(197,4),(197,9),(197,7),(197,1),(198,11),(198,4),(198,9),(199,11),(200,11),(200,4),(200,9),(200,7),(201,11),(201,4),(201,9),(201,7),(201,10),(202,11),(202,4),(202,9),(202,7),(202,5),(202,1),(203,11),(203,4),(203,9),(203,7),(204,11),(204,8),(205,11),(205,4),(205,9),(205,7),(205,8),(206,11),(206,4),(206,9),(206,7),(206,5),(206,1),(206,2),(207,11),(207,4),(207,9),(207,7),(207,5),(207,1),(207,2),(208,11),(209,11),(210,11),(211,11);
/*!40000 ALTER TABLE `deductions` ENABLE KEYS */;
UNLOCK TABLES;

--
-- Table structure for table `departments`
--

DROP TABLE IF EXISTS `departments`;
/*!40101 SET @saved_cs_client     = @@character_set_client */;
/*!40101 SET character_set_client = utf8 */;
CREATE TABLE `departments` (
  `deptcode` mediumint(9) NOT NULL AUTO_INCREMENT,
  `name` varchar(25) DEFAULT NULL,
  PRIMARY KEY (`deptcode`)
) ENGINE=InnoDB AUTO_INCREMENT=17 DEFAULT CHARSET=utf8;
/*!40101 SET character_set_client = @saved_cs_client */;

--
-- Dumping data for table `departments`
--

LOCK TABLES `departments` WRITE;
/*!40000 ALTER TABLE `departments` DISABLE KEYS */;
INSERT INTO `departments` VALUES (1,'Administrative'),(2,'Capital Improvements'),(3,'Courtesy Patrol'),(4,'Customer Service'),(5,'Fitness Center'),(6,'Food & Beverage'),(7,'Guest Services'),(8,'Housekeeping'),(9,'Landscaping'),(10,'Maintenance'),(11,'Product Development'),(12,'Product Sales'),(13,'Serviced Apt Sales'),(14,'Trad Apt Sales'),(15,'Unknown'),(16,'Warehouse');
/*!40000 ALTER TABLE `departments` ENABLE KEYS */;
UNLOCK TABLES;

--
-- Table structure for table `jobtitles`
--

DROP TABLE IF EXISTS `jobtitles`;
/*!40101 SET @saved_cs_client     = @@character_set_client */;
/*!40101 SET character_set_client = utf8 */;
CREATE TABLE `jobtitles` (
  `jobcode` mediumint(9) NOT NULL AUTO_INCREMENT,
  `Title` varchar(40) DEFAULT NULL,
  `DeptCode` mediumint(9) DEFAULT NULL,
  PRIMARY KEY (`jobcode`)
) ENGINE=InnoDB AUTO_INCREMENT=83 DEFAULT CHARSET=utf8;
/*!40101 SET character_set_client = @saved_cs_client */;

--
-- Dumping data for table `jobtitles`
--

LOCK TABLES `jobtitles` WRITE;
/*!40000 ALTER TABLE `jobtitles` DISABLE KEYS */;
INSERT INTO `jobtitles` VALUES (1,'Accounting Assistant',1),(2,'Accounting Associate',1),(3,'Accounting Manager',1),(4,'Administrative Assistant',1),(5,'Assistant Manager',1),(6,'Associate Developer',1),(7,'Chief Executive Officer',1),(8,'Chief Financial Officer',1),(9,'Chief Operating Officer',1),(10,'Chief Technology Officer',1),(11,'General Manager',1),(12,'HR & Payroll Manager',1),(13,'Intern',1),(14,'Night Auditor',1),(15,'Office Manager',1),(16,'Procurement Specialist',1),(17,'Special Projects Associate',1),(18,'Director of Procurements',1),(19,'Call Center Associate',0),(20,'Call Center Manager',0),(21,'Courtesy Patrol Driver',3),(22,'Courtesy Patrol Manager',3),(23,'Courtesy Patrol Officer',3),(24,'Courtesy Patrol Supervisor',3),(25,'Designer',0),(26,'Creative Director',0),(27,'Development Coordinator',0),(28,'Director of Fragrence',0),(29,'Director of Sales',0),(30,'Principal',0),(31,'Studio Manager',0),(32,'Visual Arts Director',0),(33,'Fitness Center Attendant',5),(34,'Fitness Center Manager',5),(35,'Food and Beverage Manager',5),(36,'Executive Chef',6),(37,'Food & Bev Associate',6),(38,'Bar Manager',6),(39,'Bartender',6),(40,'Host',6),(41,'Waitstaff',6),(42,'Guest Services Associate',7),(43,'Concierge Manager',7),(44,'Concierge',7),(45,'Guest Services Manager',7),(46,'Housekeeping Manager',8),(47,'Housekeeping Supervisor',8),(48,'Common Area Housekeeper',8),(49,'Laundry Associate',8),(50,'Laundry Attendant',8),(51,'Serviced Apt Housekeeper',8),(52,'Svc Apt Housekeeping Associate',8),(53,'Traditional Apt Housekeeper',8),(54,'Grounds Associate',9),(55,'Grounds Supervisor',9),(56,'Maintenance Associate',10),(57,'Maintenance Manager',10),(58,'Maintenance Supervisor',10),(59,'Makeready Associate',10),(60,'Cap Improvement Associate',10),(61,'Cap Improvement Supervisor',10),(62,'Customer Service Associate',0),(63,'Customer Service Manager',0),(64,'Product Sales Associate',0),(65,'Product Sales Manager',0),(66,'National Accounts Manager',0),(67,'Leasing Associate',14),(68,'Leasing Manager',14),(69,'Packer',16),(70,'Repair Room Staff',16),(71,'Seasonal Associate',16),(72,'Checker',16),(73,'Warehouse Associate',16),(74,'Warehouse Manager',16),(75,'Warehouse Supervisor',16),(76,'Retail Clerk',0),(77,'Store Manager',0),(78,'Asst Store Manager',0),(79,'Traditional Apt Housekeeping Assoc',8),(80,'Makeready Technician',0),(81,'Serviced Apt Sales Associate',0),(82,'Unknown',0);
/*!40000 ALTER TABLE `jobtitles` ENABLE KEYS */;
UNLOCK TABLES;

--
-- Table structure for table `people`
--

DROP TABLE IF EXISTS `people`;
/*!40101 SET @saved_cs_client     = @@character_set_client */;
/*!40101 SET character_set_client = utf8 */;
CREATE TABLE `people` (
  `LastName` varchar(25) DEFAULT NULL,
  `FirstName` varchar(25) DEFAULT NULL,
  `MiddleName` varchar(25) DEFAULT NULL,
  `Salutation` varchar(10) DEFAULT NULL,
  `Class` varchar(25) DEFAULT NULL,
  `PositionControlNumber` varchar(10) DEFAULT NULL,
  `Email` varchar(35) DEFAULT NULL,
  `OfficePhone` varchar(25) DEFAULT NULL,
  `OfficeFax` varchar(25) DEFAULT NULL,
  `CellPhone` varchar(25) DEFAULT NULL,
  `PrimaryEmail` varchar(35) DEFAULT NULL,
  `SecondaryEmail` varchar(35) DEFAULT NULL,
  `birthMonth` tinyint(4) DEFAULT NULL,
  `birthDoM` tinyint(4) DEFAULT NULL,
  `HomeStreetAddress` varchar(35) DEFAULT NULL,
  `HomeStreetAddress2` varchar(25) DEFAULT NULL,
  `HomeCity` varchar(25) DEFAULT NULL,
  `HomeState` char(2) DEFAULT NULL,
  `HomePostalCode` varchar(10) DEFAULT NULL,
  `HomeCountry` varchar(25) DEFAULT NULL,
  `uid` mediumint(9) NOT NULL AUTO_INCREMENT,
  `jobcode` mediumint(9) DEFAULT NULL,
  `hire` date DEFAULT NULL,
  `termination` date DEFAULT NULL,
  `mgruid` mediumint(9) NOT NULL,
  `deptcode` mediumint(9) DEFAULT NULL,
  `cocode` mediumint(9) DEFAULT NULL,
  `StateOfEmployment` varchar(25) NOT NULL,
  `CountryOfEmployment` varchar(25) NOT NULL,
  `PreferredName` varchar(25) NOT NULL,
  `EmergencyContactName` varchar(25) NOT NULL,
  `EmergencyContactPhone` varchar(25) NOT NULL,
  `status` smallint(6) NOT NULL,
  `EligibleForRehire` smallint(6) NOT NULL,
  `AcceptedHealthInsurance` smallint(6) NOT NULL,
  `AcceptedDentalInsurance` smallint(6) NOT NULL,
  `Accepted401K` smallint(6) NOT NULL,
  `LastReview` date DEFAULT NULL,
  `NextReview` date DEFAULT NULL,
  `username` varchar(20) DEFAULT NULL,
  `passhash` char(128) DEFAULT NULL,
  PRIMARY KEY (`uid`)
) ENGINE=InnoDB AUTO_INCREMENT=212 DEFAULT CHARSET=utf8;
/*!40101 SET character_set_client = @saved_cs_client */;

--
-- Dumping data for table `people`
--

LOCK TABLES `people` WRITE;
/*!40000 ALTER TABLE `people` DISABLE KEYS */;
INSERT INTO `people` VALUES ('Mejia','Jarod','','','','','','(462) 748-3137','(484) 463-6076','(119) 549-5749','JarodM4058@hotmail.com','JMejia9270@comcast.net',10,21,'36785 Broadway','','Chicago','NM','73128','',1,0,'2014-07-12','2014-07-24',0,0,23,'','','','','',0,1,0,0,0,'0000-00-00','0000-00-00','',''),('Melton','Bee','','','OK:OKC:FDBEV','','','(232) 754-8171','(306) 700-6436','(969) 423-9116','BeeM3090@aol.com','BMelton9405@abiz.com',1,15,'46784 Washington','','Nashua','IL','73132','',2,42,'2014-02-26','2014-09-05',0,7,20,'','','','','',0,0,0,0,0,'0000-00-00','0000-00-00','',''),('Alexander','Clyde','','','OK:OKC:GSERV','1066','','(784) 532-0005','(674) 736-1919','(620) 556-9528','CAlexander6252@abiz.com','ClydeAlexander895@yahoo.com',10,23,'11439 Center','','Naples','TN','73142','',3,42,'2015-08-10','0000-00-00',49,0,20,'','','','','',1,1,2,2,0,'0000-00-00','0000-00-00','',''),('Richard','Thomas','','','OK:OKC:HSKPG','79','','(349) 286-5207','(848) 289-5877','(873) 839-5172','ThomasR1072@hotmail.com','TRichard8186@gmail.com',12,1,'27246 Pinon','','Las Cruces','OR','73112','',4,52,'2011-08-13','0000-00-00',146,0,20,'','','','','',1,1,1,1,0,'0000-00-00','0000-00-00','',''),('Callahan','Sharie','','','OK:OKC:HSKPG','79','','(908) 954-6732','(522) 201-9961','(188) 400-1087','SCallahan5567@comcast.net','SharieC2571@hotmail.com',12,10,'25754 Delaware','','West Valley City','MA','73112','',5,0,'2011-08-13','2015-04-29',146,0,20,'','','','','',0,1,0,0,0,'0000-00-00','0000-00-00','',''),('Long','Debrah','','','','','','(610) 871-5595','(915) 577-2947','(758) 434-3480','DebrahL365@yahoo.com','DebrahL7252@yahoo.com',11,4,'25884 Tenth','','Lacey','MA','73132','',6,0,'2014-02-24','2014-03-09',0,0,20,'','','','','',0,1,0,0,0,'0000-00-00','0000-00-00','',''),('Bright','Fae','','','OK:OKC:HSKPG','','','(705) 734-1707','(739) 452-1923','(739) 612-6796','FaeBright637@yahoo.com','FaeB4702@comcast.net',7,2,'14507 Bay','','Port Saint Lucie','RI','73119','',7,0,'2010-07-23','2014-03-11',0,0,20,'','','','','',0,0,0,0,0,'0000-00-00','0000-00-00','',''),('Hale','Sherika','','','OK:OKC:HSKPG','','','(692) 779-4850','(210) 528-9803','(728) 800-9339','SHale3267@bdiddy.com','SHale3418@bdiddy.com',12,21,'63411 Lincoln','','Oxnard','VT','73109','',8,0,'2011-12-20','2014-03-24',0,0,20,'','','','','',0,0,0,0,0,'0000-00-00','0000-00-00','',''),('Calhoun','Marinda','','','OK:OKC:LSGSAL','832','','(663) 916-0931','(358) 158-3833','(361) 748-2705','MCalhoun9497@hotmail.com','MarindaC1455@abiz.com',9,23,'85058 Juniper','','Hampton','AR','73132','',9,42,'2014-08-13','0000-00-00',49,7,20,'','','','','',1,1,1,1,0,'0000-00-00','0000-00-00','',''),('Hensley','Daniella','','','OK:OKC:HSKPG','783','','(723) 651-2049','(320) 871-1353','(972) 214-4504','DHensley3771@abiz.com','DaniellaH9050@bdiddy.com',5,31,'75471 Canyon','Apt. #9021','Melbourne','NV','73129','',10,0,'2012-09-29','0000-00-00',146,0,20,'','','','','',1,1,1,1,0,'0000-00-00','0000-00-00','',''),('Gentry','Hildegard','','','OK:OKC:FDBEV','1005','','(385) 303-7358','(922) 459-1874','(816) 778-5816','HildegardG3977@comcast.net','HildegardGentry736@yahoo.com',2,24,'84692 New York','','Sacramento','AK','73132','',11,0,'2014-10-15','2015-02-21',0,0,20,'','','','','',0,0,0,0,0,'0000-00-00','0000-00-00','',''),('Hale','Dori','','','','','','(848) 936-6812','(593) 397-9089','(327) 189-2190','DoriHale884@hotmail.com','DoriHale191@yahoo.com',5,29,'2889 River','Apt. #6382','Indianapolis','ID','73132','',12,0,'2014-06-01','2014-09-02',0,0,20,'','','','','',0,0,0,0,0,'0000-00-00','0000-00-00','',''),('Russell','Cordelia','','','OK:OKC:HSKPG','604','','(415) 598-1891','(558) 716-0745','(901) 323-8291','CRussell8135@gmail.com','CRussell8251@abiz.com',7,6,'68873 North','','Murfreesboro','MO','73112','',13,0,'2010-05-19','0000-00-00',146,0,20,'','','','','',1,1,1,1,0,'0000-00-00','0000-00-00','',''),('Wooten','Leigh','','','OK:OKC:HSKPG','624','','(914) 886-0218','(893) 597-5213','(700) 617-7502','LWooten2147@aol.com','LWooten5324@bdiddy.com',9,9,'6232 5th','','Muskegon','PA','73132','',14,50,'2010-07-25','0000-00-00',146,0,20,'','','','','',1,1,1,1,0,'0000-00-00','0000-00-00','',''),('Boyle','Emiko','','','','','','(463) 772-5776','(418) 575-6098','(480) 643-1006','EmikoBoyle38@comcast.net','EBoyle4943@aol.com',4,17,'55878 Washington','','Santa Clara','KY','73106','',15,0,'2014-04-30','2014-05-08',0,0,20,'','','','','',0,1,0,0,0,'0000-00-00','0000-00-00','',''),('Dyer','Buck','','','OK:OKC:FDBEV','','','(449) 680-0998','(489) 902-9423','(524) 785-3371','BDyer9179@bdiddy.com','BDyer6235@yahoo.com',10,31,'94614 Evergreen','','Billings','CA','73120','',16,0,'2014-10-14','2014-10-27',0,0,20,'','','','','',0,0,0,0,0,'0000-00-00','0000-00-00','',''),('Alvarado','Reyna','','','OK:OKC:FDBEV','803','','(481) 708-7042','(200) 376-4878','(324) 255-5082','ReynaAlvarado315@yahoo.com','ReynaAlvarado450@abiz.com',2,16,'34969 Meadow','','Stamford','ID','73132','',17,39,'2014-05-05','0000-00-00',73,6,20,'','','','','',1,1,3,3,0,'0000-00-00','0000-00-00','',''),('Wood','Vernell','','','OK:OKC:MAINT','609','','(927) 134-2143','(399) 535-0211','(927) 747-8422','VernellWood152@abiz.com','VernellWood661@gmail.com',12,29,'48071 Meadow','Apt. #5137','Houma','PA','73127','',18,0,'2010-05-26','2015-05-26',0,0,20,'','','','','',0,0,0,0,0,'0000-00-00','0000-00-00','',''),('Franklin','Cole','','','TX:AII:ACCTG','786','','(691) 123-1037','(383) 911-5743','(557) 467-9834','CFranklin3273@comcast.net','CFranklin3967@bdiddy.com',5,23,'79092 Pioneer','','Carrollton','WA','78745','',19,8,'2014-03-10','0000-00-00',73,1,4,'','','','','',1,1,1,1,0,'0000-00-00','0000-00-00','',''),('Avery','Alissa','','','OK:OKC:HSKPG','700','','(808) 393-1636','(673) 529-9117','(906) 785-8961','AlissaA5556@gmail.com','AlissaA1383@bdiddy.com',2,14,'91672 Juniper','Apt. #5998','Indianapolis','CT','73127','',20,52,'2012-09-12','0000-00-00',146,0,20,'','','','','',1,1,1,1,0,'0000-00-00','0000-00-00','',''),('Wilkerson','Bev','','','TX:USA:WRHSE','434','','(656) 109-7423','(735) 840-1571','(120) 235-2910','BevW8371@yahoo.com','BevWilkerson747@abiz.com',5,26,'57345 6th','Apt. #2849','Denver','MA','76028','',21,75,'2006-08-14','0000-00-00',199,16,0,'','','','','',1,1,1,1,0,'0000-00-00','0000-00-00','',''),('Cash','Wendie','','','OK:OKC:GRNDS','1067','','(837) 768-3680','(524) 176-5132','(545) 108-2625','WCash2744@hotmail.com','WendieCash715@bdiddy.com',5,18,'70111 8th','Apt. #3102','Lake Charles','KS','73132','',22,54,'2015-08-14','0000-00-00',82,9,20,'','','','','',1,1,2,2,0,'0000-00-00','0000-00-00','',''),('Rivas','Von','','','OK:OKC:HSKPG','118','','(882) 989-2238','(426) 534-2672','(369) 459-8252','VRivas9170@yahoo.com','VRivas1517@abiz.com',12,9,'81575 Aspen','','Yonkers','TN','73008','',23,52,'2012-07-02','0000-00-00',146,0,20,'','','','','',1,1,1,1,0,'0000-00-00','0000-00-00','',''),('Lane','Jenell','','','OK:OKC:PHONE','782','','(702) 923-2460','(631) 254-1373','(592) 961-8916','JenellL4037@aol.com','JLane719@bdiddy.com',4,5,'77215 S 100','','Champaign','MD','73132','',24,20,'2012-09-24','0000-00-00',207,0,20,'','','','','',1,1,1,1,0,'0000-00-00','0000-00-00','',''),('Nieves','Alice','','','OK:OKC:CPATR','1049','','(953) 998-7862','(513) 546-7422','(395) 431-8941','AliceNieves223@hotmail.com','ANieves7884@gmail.com',10,24,'78709 Holly','','Salem','MA','73034','',25,0,'2015-07-08','2015-07-27',0,0,20,'','','','','',0,1,0,0,0,'0000-00-00','0000-00-00','',''),('Snider','Von','','','OK:OKC:GRNDS','1040','','(132) 789-9589','(593) 579-1572','(300) 314-8243','VSnider989@bdiddy.com','VonS9203@gmail.com',5,4,'85968 Pecan','','Savannah','ME','73127','',26,54,'2015-06-03','0000-00-00',82,9,20,'','','','','',1,1,1,1,0,'0000-00-00','0000-00-00','',''),('Holloway','Domitila','','','TX:AII:ACCTG','1056','','(839) 439-8117','(512) 225-6214','(829) 820-5367','DomitilaHolloway620@yahoo.com','DomitilaHolloway145@comcast.net',2,22,'239 Fifth','','Appleton','NY','78669','',27,16,'2015-07-29','0000-00-00',19,1,4,'','','','','',1,1,1,1,0,'0000-00-00','0000-00-00','',''),('Conway','Gertrudis','','','','','','(156) 569-2653','(780) 756-0234','(469) 480-5672','GertrudisConway389@gmail.com','GertrudisC7385@bdiddy.com',7,7,'29651 Thirteenth','Apt. #9350','Stamford','GA','73089','',28,0,'2013-10-30','2014-07-02',0,0,20,'','','','','',0,1,0,0,0,'0000-00-00','0000-00-00','',''),('Clark','Herma','','','TX:TUC:ADMIN','277','','(828) 765-1328','(416) 766-6446','(220) 759-4570','HermaClark701@comcast.net','HClark6977@yahoo.com',2,14,'89857 Aspen','Apt. #922','Palmdale','KY','75212','',29,5,'2004-09-14','0000-00-00',201,1,42,'','','','','',1,1,1,1,0,'0000-00-00','0000-00-00','',''),('Strickland','Jong','','','OK:OKC:ADMIN','720','','(384) 800-2271','(729) 271-5399','(737) 596-5404','JongStrickland922@comcast.net','JStrickland1402@abiz.com',5,15,'91967 Canyon','Apt. #726','Reno','NC','73069','',30,5,'2013-06-17','0000-00-00',207,0,20,'','','','','',1,1,1,1,0,'0000-00-00','0000-00-00','',''),('Pearson','Sona','','','OK:OKC:CPATR','1048','','(321) 958-9988','(347) 372-3091','(711) 760-1025','SPearson9601@hotmail.com','SonaP9870@gmail.com',9,28,'14381 Sycamore','','Santa Maria','AL','73142','',31,0,'2015-07-01','2015-07-09',0,0,20,'','','','','',0,0,0,0,0,'0000-00-00','0000-00-00','',''),('Berger','Jayna','','','OK:OKC:MAINT','515','','(777) 279-4786','(274) 207-7421','(324) 856-7397','JBerger8630@aol.com','JaynaB4691@abiz.com',5,4,'7049 6th','Apt. #671','Baton Rouge','MD','73142','',32,0,'2009-03-30','2015-06-06',0,0,20,'','','','','',0,1,0,0,0,'0000-00-00','0000-00-00','',''),('Schneider','Jeri','','','','','','(354) 750-4380','(173) 785-3020','(557) 418-6101','JeriSchneider647@bdiddy.com','JeriS5088@comcast.net',2,21,'53811 11th','','Denver','NV','73132','',33,0,'2013-08-05','2014-02-27',0,0,20,'','','','','',0,0,0,0,0,'0000-00-00','0000-00-00','',''),('Foster','Bari','','','OK:OKC:MAINT','702','','(445) 935-2117','(627) 477-0064','(459) 782-2207','BariF6753@aol.com','BariFoster110@comcast.net',4,22,'87356 Cypress','','Appleton','WV','73132','',34,58,'2012-09-12','0000-00-00',197,0,20,'','','','','',1,1,1,1,0,'0000-00-00','0000-00-00','',''),('Schroeder','Trinidad','','','OK:OKC:GRNDS','1050','','(967) 556-0315','(787) 228-4567','(200) 236-7601','TrinidadSchroeder548@bdiddy.com','TSchroeder7628@abiz.com',1,28,'67386 River','','Atlantic City','WV','73132','',35,0,'2015-06-29','2015-08-14',82,0,20,'','','','','',0,1,0,0,0,'0000-00-00','0000-00-00','',''),('Houston','Marlys','','','OK:OKC:GSERV','','','(613) 444-7088','(590) 326-8436','(187) 623-4205','MarlysH5934@bdiddy.com','MarlysH8592@aol.com',5,10,'10787 New Jersey','Apt. #938','Newburgh','KY','73099','',36,19,'2014-04-30','2014-10-18',0,0,20,'','','','','',0,0,0,0,0,'0000-00-00','0000-00-00','',''),('Espinoza','Paz','','','OK:OKC:FDBEV','584','','(753) 252-9605','(847) 264-1201','(778) 590-0016','PEspinoza9761@abiz.com','PazE4716@bdiddy.com',2,11,'1963 Zoo','','Syracuse','OR','73132','',37,0,'2010-01-25','0000-00-00',73,0,20,'','','','','',1,1,1,1,0,'0000-00-00','0000-00-00','',''),('Brooks','Meaghan','','','TX:USA:ADMIN','511','','(446) 806-7727','(248) 241-4714','(549) 857-3354','MeaghanBrooks900@yahoo.com','MBrooks1851@abiz.com',11,19,'72345 Pinon','','Denver','TN','76040','',38,15,'2006-05-01','0000-00-00',199,1,20,'','','','','',1,1,1,1,0,'0000-00-00','0000-00-00','',''),('Holloway','Aileen','','','','','','(465) 681-6640','(670) 682-5627','(502) 715-2266','AHolloway4417@bdiddy.com','AHolloway771@yahoo.com',7,8,'3483 Lehua','Apt. #4245','Vallejo','NH','73122','',39,0,'2010-09-25','2014-07-02',0,0,20,'','','','','',0,1,0,0,0,'0000-00-00','0000-00-00','',''),('Solomon','Cher','','','OK:OKC:CAPMP','1018','','(813) 513-1064','(471) 972-4544','(245) 379-2561','CSolomon611@hotmail.com','CherS4877@gmail.com',7,15,'7397 Pine','Apt. #9098','Fullerton','IN','73107','',40,17,'2015-01-26','0000-00-00',206,1,20,'','','','','',1,1,1,1,0,'0000-00-00','0000-00-00','',''),('Whitley','Fumiko','','','OK:OKC:HSKPG','93','','(875) 768-1120','(716) 450-5308','(819) 449-1220','FWhitley3299@aol.com','FWhitley4056@aol.com',11,4,'74170 Quail','','High Point','NY','73107','',41,0,'2011-12-24','0000-00-00',146,0,20,'','','','','',1,1,1,1,0,'0000-00-00','0000-00-00','',''),('Holden','Meghan','','','OK:OKC:FDBEV','1016','','(669) 786-1345','(239) 756-9650','(998) 735-0762','MeghanH9840@yahoo.com','MeghanHolden753@hotmail.com',3,19,'17497 Pioneer','Apt. #8844','Kennewick','FL','73132','',42,37,'2015-01-21','0000-00-00',73,0,20,'','','','','',1,1,1,1,0,'0000-00-00','0000-00-00','',''),('Lindsey','Merrie','','','','','','(854) 935-7629','(822) 615-1135','(151) 771-1076','MerrieLindsey581@comcast.net','MerrieLindsey553@gmail.com',11,17,'279 Twelfth','','Garden Grove','OK','73105','',43,0,'2014-08-08','2014-09-19',0,0,20,'','','','','',0,0,0,0,0,'0000-00-00','0000-00-00','',''),('Dalton','Renee','','','','','','(342) 176-3510','(151) 782-7507','(733) 499-7679','ReneeD2566@aol.com','ReneeD5626@abiz.com',10,26,'70608 Wood','','Torrance','WI','73132','',44,0,'2014-01-06','2014-02-02',0,0,20,'','','','','',0,1,0,0,0,'0000-00-00','0000-00-00','',''),('Gay','Kylie','','','OK:OKC:HSKPG','701','','(986) 177-0289','(194) 733-8424','(596) 747-4797','KGay3777@yahoo.com','KylieG8070@bdiddy.com',3,20,'40728 Ridge','','Lexington','RI','73132','',45,52,'2012-09-09','0000-00-00',146,0,20,'','','','','',1,1,1,1,0,'0000-00-00','0000-00-00','',''),('Craig','Tera','','','TX:USA:WRHSE','303','','(382) 150-0794','(898) 252-3632','(848) 996-3135','TCraig3152@yahoo.com','TeraC4815@hotmail.com',8,26,'80186 Seventh','','Vancouver','VT','75061','',46,73,'2006-12-11','0000-00-00',199,16,0,'','','','','',1,1,1,1,0,'0000-00-00','0000-00-00','',''),('Hamilton','Zachary','','','TX:USA:WRHSE','588','','(621) 951-6578','(967) 899-6669','(890) 579-2740','ZacharyH8111@hotmail.com','ZacharyH2790@yahoo.com',5,30,'36929 West Virginia','Apt. #7718','Jersey City','NC','75061','',47,73,'2007-10-17','0000-00-00',199,16,0,'','','','','',1,1,1,1,0,'0000-00-00','0000-00-00','',''),('Boyle','Celine','','','OK:OKC:GSERV','738','','(398) 269-9976','(528) 316-6204','(364) 275-4051','CelineBoyle593@yahoo.com','CBoyle5049@abiz.com',11,19,'47709 Wood','Apt. #907','Bethlehem','WY','73162','',48,44,'2013-09-16','2015-06-08',49,7,20,'','','','','',0,1,0,0,0,'0000-00-00','0000-00-00','',''),('Pennington','Dona','','','OK:OKC:GSERV','687','','(559) 565-9354','(304) 473-2308','(781) 834-9817','DonaP1767@hotmail.com','DPennington3511@yahoo.com',11,21,'29898 Wood','','Nashua','IN','73142','',49,43,'2009-09-29','0000-00-00',207,7,20,'','','','','',1,1,1,1,0,'0000-00-00','0000-00-00','',''),('Riddle','Tatyana','','','OK:OKC:GSERV','1036','','(720) 215-4702','(743) 436-6905','(401) 588-4614','TatyanaR7286@hotmail.com','TRiddle9885@hotmail.com',9,22,'40042 S 400','','Los Angeles','ND','73142','',50,42,'2015-06-01','0000-00-00',49,0,20,'','','','','',1,1,3,3,0,'0000-00-00','0000-00-00','',''),('Stafford','Johnathon','','','OK:OKC:ADMIN','764','','(701) 805-6493','(682) 294-4080','(421) 730-2165','JStafford5231@bdiddy.com','JStafford488@comcast.net',4,27,'58236 Third','Apt. #5230','GreenBay','NE','73083','',51,2,'2015-07-23','0000-00-00',30,1,20,'','','','','',1,1,2,2,0,'0000-00-00','0000-00-00','',''),('Cardenas','Cathryn','','','OK:OKC:HSKPG','1070','','(212) 731-5063','(314) 720-1737','(737) 719-6089','CathrynC548@gmail.com','CathrynCardenas177@yahoo.com',2,11,'69443 Jackson','','Saint Paul','KS','73122','',52,52,'2015-08-23','0000-00-00',146,0,20,'','','','','',1,1,2,2,0,'0000-00-00','0000-00-00','',''),('Roberts','Carri','','','OK:OKC:LSGSAL','821','','(178) 874-3717','(815) 250-7030','(253) 310-2284','CarriR2356@comcast.net','CarriR4090@abiz.com',3,19,'45724 Spruce','Apt. #4849','Huntington','WY','73132','',53,68,'2014-07-23','0000-00-00',207,0,20,'','','','','',1,1,1,1,0,'0000-00-00','0000-00-00','',''),('Blake','Kathie','','','OK:OKC:FDBEV','1017','','(232) 433-4385','(108) 182-7816','(537) 968-5500','KBlake4149@yahoo.com','KathieBlake936@comcast.net',5,12,'469 12th','Apt. #6459','Fort Smith','FL','73122','',54,0,'2015-01-19','2015-01-21',73,0,20,'','','','','',0,0,0,0,0,'0000-00-00','0000-00-00','',''),('Mckenzie','Theresa','','','TX:USA:ACCTG','629','','(218) 424-4782','(808) 612-3274','(796) 209-9146','TheresaM9932@hotmail.com','TMckenzie6702@bdiddy.com',9,30,'15488 Kukui','Apt. #2167','Cincinnati','AK','76117','',55,2,'2010-09-13','0000-00-00',199,0,0,'','','','','',1,1,1,1,0,'0000-00-00','0000-00-00','',''),('Mack','Jules','','','OK:OKC:FDBEV','717','','(789) 116-0564','(659) 843-9957','(272) 543-3661','JulesMack30@abiz.com','JMack9544@bdiddy.com',1,28,'19270 West','','New York City','OK','73132','',56,38,'2013-06-06','0000-00-00',73,6,20,'','','','','',1,1,1,1,0,'0000-00-00','0000-00-00','',''),('Conner','Melva','','','OK:OKC:CPATR','799','','(944) 417-0167','(511) 712-8302','(131) 376-1705','MConner6253@bdiddy.com','MelvaConner753@bdiddy.com',4,15,'10210 New York','Apt. #1555','Inglewood','IL','73132','',57,23,'2014-04-16','0000-00-00',59,3,20,'','','','','',1,1,1,1,0,'0000-00-00','0000-00-00','',''),('Nguyen','Kristen','','','OK:OKC:MAINT','760','','(187) 839-9039','(460) 133-0138','(297) 346-3904','KristenN2178@bdiddy.com','KristenN2876@aol.com',10,25,'31642 Wilson','','Stamford','CA','73064','',58,0,'2013-05-22','0000-00-00',197,0,20,'','','','','',1,1,1,1,0,'0000-00-00','0000-00-00','',''),('Cain','Jordan','','','OK:OKC:CPATR','726','','(614) 909-4819','(781) 430-9984','(626) 770-5890','JCain3334@bdiddy.com','JordanCain669@yahoo.com',9,18,'12190 South Carolina','Apt. #9518','Kalamazoo','NH','73132','',59,24,'2013-07-09','0000-00-00',207,3,20,'','','','','',1,1,1,1,0,'0000-00-00','0000-00-00','',''),('Barnett','Jasper','','','','','','(890) 907-8318','(893) 454-6781','(930) 543-8536','JasperBarnett768@gmail.com','JasperB993@gmail.com',4,4,'75105 Kansas','','Marina','AR','73505','',60,0,'2014-02-25','2014-04-20',0,0,20,'','','','','',0,0,0,0,0,'0000-00-00','0000-00-00','',''),('Rose','Camie','','','OK:OKC:GRNDS','1062','','(733) 755-0442','(327) 193-8227','(267) 832-7198','CRose9858@bdiddy.com','CamieR4543@aol.com',3,1,'82026 Fourth','','Aberdeen','CA','73128','',61,54,'2015-07-30','2015-08-15',82,9,20,'','','','','',0,0,0,0,0,'0000-00-00','0000-00-00','',''),('Acosta','Cathie','','','OK:OKC:GRNDS','1041','','(716) 694-1875','(580) 807-1516','(372) 442-8624','CathieA9005@comcast.net','CathieAcosta249@yahoo.com',7,31,'94176 Kansas','Apt. #3040','Fort Walton Beach','PA','73162','',62,54,'2015-06-12','2015-08-15',82,9,20,'','','','','',0,0,0,0,0,'0000-00-00','0000-00-00','',''),('Zimmerman','Jewel','','','TX:AII:ACCTG','1002','','(884) 303-2434','(302) 926-5982','(381) 771-2801','JewelZimmerman453@bdiddy.com','JZimmerman7578@yahoo.com',8,21,'72584 First','Apt. #4949','Oakland','WA','78749','',63,13,'2014-10-21','2015-03-11',0,1,20,'','','','','',0,1,0,0,0,'0000-00-00','0000-00-00','',''),('Taylor','Alexander','','','','','','(562) 745-8027','(484) 994-8149','(405) 327-9216','ATaylor253@yahoo.com','AlexanderT6428@hotmail.com',12,23,'78282 Dogwood','','Glendale','NE','73103','',64,0,'2014-05-20','2014-07-13',0,0,20,'','','','','',0,0,0,0,0,'0000-00-00','0000-00-00','',''),('Huffman','Kaci','','','OK:OKC:CPATR','1025','','(115) 731-9366','(928) 808-1661','(604) 233-2005','KHuffman8563@aol.com','KHuffman6383@aol.com',3,21,'68548 Cypress','','Bloomington','PA','73121','',65,0,'2015-03-26','2015-04-23',59,0,20,'','','','','',0,0,0,0,0,'0000-00-00','0000-00-00','',''),('Emerson','Adriene','','','OK:OKC:CPATR','1022','','(248) 518-1512','(803) 116-1595','(416) 702-0083','AdrieneE4499@aol.com','AdrieneEmerson921@gmail.com',2,2,'1732 Evergreen','','Pensacola','MS','73132','',66,0,'2015-03-08','2015-04-23',59,0,20,'','','','','',0,0,0,0,0,'0000-00-00','0000-00-00','',''),('Obrien','Lonna','','','','','','(461) 801-3478','(337) 494-4024','(358) 858-7084','LonnaO9369@abiz.com','LonnaO8968@hotmail.com',9,20,'60595 Tenth','','Kenosha','IL','73132','',67,0,'2013-01-01','2014-01-17',0,0,20,'','','','','',0,1,0,0,0,'0000-00-00','0000-00-00','',''),('Holt','Sana','','','','','','(252) 906-2498','(960) 962-5268','(372) 412-8857','SanaH1906@aol.com','SHolt8546@gmail.com',2,15,'8881 Orchard','Apt. #1748','Thousand Oaks','CA','73108','',68,0,'2013-08-27','2014-01-31',0,0,20,'','','','','',0,1,0,0,0,'0000-00-00','0000-00-00','',''),('Dixon','Dina','','','OK:OKC:HSKPG','51','','(450) 690-2502','(495) 988-2417','(616) 511-9069','DDixon9675@aol.com','DDixon4518@bdiddy.com',10,9,'12143 Spruce','Apt. #2473','Clarksville','HI','73132','',69,52,'2010-12-04','0000-00-00',146,0,20,'','','','','',1,1,1,1,0,'0000-00-00','0000-00-00','',''),('Hawkins','Ralph','','','OK:OKC:CAPMP','1013','','(550) 174-6743','(398) 815-3871','(914) 512-1566','RalphHawkins821@hotmail.com','RHawkins7136@aol.com',8,19,'22940 Third','Apt. #2299','Clarke County','TX','73132','',70,60,'2015-01-01','0000-00-00',206,1,20,'','','','','',1,1,1,1,0,'0000-00-00','0000-00-00','',''),('Day','Cecila','','','TX:USA:WRHSE','319','','(299) 105-2677','(665) 693-3909','(515) 829-7664','CecilaDay98@abiz.com','CDay5313@aol.com',5,15,'69799 New Mexico','Apt. #5626','Kalamazoo','NH','75061','',71,73,'2007-07-02','0000-00-00',199,16,0,'','','','','',1,1,2,2,0,'0000-00-00','0000-00-00','',''),('Rios','Rozanne','','','TX:USA:WRHSE','597','','(256) 699-1913','(529) 508-0305','(642) 180-3285','RozanneRios17@gmail.com','RozanneR7508@abiz.com',9,11,'59456 Park','','Scranton','CT','75061','',72,71,'2010-03-18','0000-00-00',199,16,0,'','','','','',1,1,2,2,0,'0000-00-00','0000-00-00','',''),('Gaines','Florene','','','OK:OKC:FDBEV','689','','(163) 148-1583','(791) 485-4969','(325) 184-5616','FloreneG9016@hotmail.com','FloreneGaines36@bdiddy.com',7,10,'46297 10th','','Howell','SD','73132','',73,36,'2011-06-03','0000-00-00',207,6,20,'','','','','',1,1,1,1,0,'0000-00-00','0000-00-00','',''),('Levine','Ludivina','','','TX:AII:ACCTG','1024','','(395) 599-2403','(616) 242-7726','(965) 409-3351','LudivinaL5079@aol.com','LudivinaL2569@aol.com',12,12,'89546 Orchard','Apt. #4631','North Port','NY','78705','',74,13,'2015-03-30','2015-08-28',0,1,4,'','','','','',0,1,0,0,0,'0000-00-00','0000-00-00','',''),('Butler','Lorri','','','OK:OKC:GSERV','','','(210) 737-6265','(106) 289-8665','(383) 273-0835','LorriB8287@hotmail.com','LorriButler335@gmail.com',4,22,'8087 South Dakota','Apt. #1921','Daly City','AL','73132','',75,0,'2014-09-23','2014-11-11',0,0,20,'','','','','',0,0,0,0,0,'0000-00-00','0000-00-00','',''),('Rosales','Genie','','','OK:OKC:PHONE','1010','','(483) 444-4245','(841) 423-7918','(225) 611-8036','GenieRosales782@comcast.net','GRosales8894@abiz.com',8,8,'60098 North','','Mobile','TN','73132','',76,19,'2014-12-22','0000-00-00',24,0,20,'','','','','',1,1,1,1,0,'0000-00-00','0000-00-00','',''),('Carroll','Solange','','','OK:OKC:GRNDS','1037','','(796) 564-0791','(357) 151-6475','(517) 734-7230','SCarroll2178@hotmail.com','SolangeC3646@gmail.com',1,15,'15626 Third','','Kissimmee','NM','73135','',77,54,'2015-06-01','0000-00-00',82,9,20,'','','','','',1,1,1,1,0,'0000-00-00','0000-00-00','',''),('Byers','Pamula','','','','','','(750) 915-9850','(348) 666-0107','(534) 195-1766','PamulaByers867@hotmail.com','PamulaB2657@bdiddy.com',9,30,'36028 Fifth','Apt. #3505','Tuscaloosa','CO','73132','',78,0,'2014-01-24','2014-08-14',0,0,20,'','','','','',0,0,0,0,0,'0000-00-00','0000-00-00','',''),('Padilla','Suanne','','','','','','(629) 415-1722','(523) 208-6716','(215) 477-1070','SPadilla1988@aol.com','SuanneP663@gmail.com',1,26,'7583 Evergreen','','Montgomery','KS','73112','',79,0,'2014-04-28','2014-08-29',0,0,20,'','','','','',0,1,0,0,0,'0000-00-00','0000-00-00','',''),('Woodward','Kimbra','','','','','','(834) 471-7121','(158) 411-8264','(274) 234-6078','KWoodward3221@aol.com','KimbraWoodward465@gmail.com',9,29,'62961 Canyon','','New Haven','VA','73122','',80,0,'2014-02-04','2014-02-13',0,0,20,'','','','','',0,1,0,0,0,'0000-00-00','0000-00-00','',''),('Lucas','Mirna','','','OK:OKC:MAINT','789','','(701) 980-0926','(364) 677-0319','(932) 862-9499','MLucas5841@yahoo.com','MirnaLucas612@aol.com',10,20,'46504 Washington','','Chandler','MN','73132','',81,0,'2012-09-24','0000-00-00',197,0,20,'','','','','',1,1,1,1,0,'0000-00-00','0000-00-00','',''),('Duncan','Soo','','','OK:OKC:GRNDS','1015','','(815) 895-0734','(286) 264-8377','(989) 100-9764','SooDuncan973@gmail.com','SDuncan6309@hotmail.com',12,18,'7096 Elm','','Monroe','NC','73070','',82,55,'2015-04-30','0000-00-00',207,9,20,'','','','','',1,1,1,1,0,'0000-00-00','0000-00-00','',''),('Ward','Carrie','','','OK:OKC:GRNDS','1045','','(448) 181-7390','(163) 179-4968','(848) 827-7155','CarrieW7270@comcast.net','CWard2684@yahoo.com',10,9,'18552 S 100','','Vero Beach','AL','73159','',83,54,'2015-06-23','0000-00-00',82,9,20,'','','','','',1,1,1,1,0,'0000-00-00','0000-00-00','',''),('Shelton','Carola','','','','','','(367) 847-1352','(395) 756-3773','(869) 234-3382','CShelton7378@aol.com','CarolaShelton361@yahoo.com',7,20,'72193 Maple','','Saint Paul','WV','73127','',84,0,'2014-04-29','2014-06-14',0,0,20,'','','','','',0,1,0,0,0,'0000-00-00','0000-00-00','',''),('Clarke','Lauran','','','OK:OKC:SALES','155','','(525) 755-8173','(679) 586-8415','(429) 182-1722','LauranC8563@bdiddy.com','LClarke8668@gmail.com',4,25,'85585 6th','','Salinas','LA','73130','',85,29,'2010-11-17','0000-00-00',207,0,20,'','','','','',1,1,2,2,0,'0000-00-00','0000-00-00','',''),('Salazar','Ileen','','','','','','(609) 774-5860','(676) 137-0236','(178) 930-2388','IleenS5757@abiz.com','ISalazar5492@hotmail.com',5,27,'12504 Magnolia','','Newburgh','HI','73084','',86,0,'2013-12-14','2014-05-13',0,0,20,'','','','','',0,1,0,0,0,'0000-00-00','0000-00-00','',''),('Briggs','Gennie','','','','','','(103) 517-5697','(734) 105-6204','(279) 105-8443','GBriggs7856@bdiddy.com','GennieBriggs690@yahoo.com',8,26,'15067 Fourth','','Washington','VT','73128','',87,0,'2014-05-08','2014-09-20',0,0,20,'','','','','',0,1,0,0,0,'0000-00-00','0000-00-00','',''),('Adkins','Nicolas','','','TX:USA:ADMIN','745','','(233) 312-3585','(755) 605-4918','(123) 954-1302','NAdkins232@comcast.net','NicolasA2547@aol.com',10,7,'26483 Quail','Apt. #3151','Bremerton','NH','75050','',88,62,'2013-10-14','0000-00-00',199,0,0,'','','','','',1,1,2,2,0,'0000-00-00','0000-00-00','',''),('Edwards','Sanora','','','OK:OKC:CPATR','756','','(612) 969-7456','(150) 260-9996','(867) 605-5903','SanoraE1710@aol.com','SanoraE7166@comcast.net',10,31,'67165 Magnolia','Apt. #1928','Vero Beach','PA','73132','',89,24,'2013-12-14','0000-00-00',59,3,20,'','','','','',1,1,1,1,0,'0000-00-00','0000-00-00','',''),('Luna','Estrella','','','','','','(334) 957-3211','(585) 768-6515','(858) 747-7415','EstrellaL9816@gmail.com','ELuna6128@yahoo.com',2,2,'18876 9th','Apt. #7729','Riverside','NM','73099','',90,0,'2014-03-26','2014-09-20',0,0,20,'','','','','',0,1,0,0,0,'0000-00-00','0000-00-00','',''),('Burnett','Vern','','','OK:OKC:GRNDS','775','','(630) 371-5981','(797) 157-6924','(115) 411-9872','VBurnett2231@aol.com','VernBurnett361@hotmail.com',12,30,'88056 Jackson','','Clarke County','WV','73132','',91,54,'2014-02-21','2015-06-12',0,9,20,'','','','','',0,1,0,0,0,'0000-00-00','0000-00-00','',''),('Graves','Leandra','','','OK:OKC:CPATR','531','','(217) 661-4347','(947) 799-3931','(763) 280-8783','LGraves9614@abiz.com','LeandraG7638@abiz.com',3,6,'40053 Aspen','','Cincinnati','MD','73120','',92,0,'2009-06-17','2015-02-23',0,0,20,'','','','','',0,1,0,0,0,'0000-00-00','0000-00-00','',''),('Giles','Collette','','','OK:OKC:GSERV','1042','','(988) 813-4654','(359) 351-6610','(410) 996-2522','ColletteGiles169@gmail.com','ColletteG4406@gmail.com',12,23,'46931 Hillside','Apt. #8953','Normal','VT','73132','',93,0,'2015-06-15','0000-00-00',49,0,20,'','','','','',1,1,3,3,0,'0000-00-00','0000-00-00','',''),('Downs','Harris','','','OK:OKC:HSKPG','116','','(409) 178-2341','(128) 977-7390','(391) 176-9376','HDowns1776@hotmail.com','HarrisD1218@comcast.net',11,4,'28916 Aspen','','Evansville','MA','73008','',94,52,'2012-06-01','0000-00-00',146,0,20,'','','','','',1,1,1,1,0,'0000-00-00','0000-00-00','',''),('Haley','Elsa','','','','','','(275) 814-2214','(177) 223-2777','(144) 171-3229','ElsaHaley481@aol.com','ElsaH8556@gmail.com',12,23,'50889 Redwood','','Nashville','TX','73149','',95,0,'2013-11-12','2014-05-15',0,0,20,'','','','','',0,1,0,0,0,'0000-00-00','0000-00-00','',''),('Jacobs','Geraldo','','','OK:OKC:HSKPG','602','','(134) 551-4900','(505) 741-7602','(344) 216-8212','GeraldoJacobs554@gmail.com','GJacobs2964@abiz.com',3,4,'1841 Cottonwood','','College Station','WA','73132','',96,79,'2010-04-26','0000-00-00',146,8,20,'','','','','',1,1,1,1,0,'0000-00-00','0000-00-00','',''),('Gray','Winifred','','','TX:AII:ACCTG','820','','(682) 216-1983','(402) 727-9197','(890) 258-4731','WinifredGray974@hotmail.com','WGray5840@bdiddy.com',11,21,'68801 Shore','Apt. #4494','Hartford','LA','78738','',97,4,'2014-06-30','0000-00-00',19,1,4,'','','','','',0,1,0,0,0,'0000-00-00','0000-00-00','',''),('Watts','Princess','','','TX:AII:ACCTG','1046','','(631) 968-3130','(253) 714-3983','(926) 343-2796','PrincessW4784@hotmail.com','PrincessWatts215@abiz.com',1,11,'25180 Lincoln','Apt. #3015','GreenBay','WY','78738','',98,4,'2015-06-25','0000-00-00',19,1,4,'','','','','',0,1,0,0,0,'0000-00-00','0000-00-00','',''),('Oneil','Bert','','','OK:OKC:LSGSAL','1053','','(172) 565-8572','(433) 674-8635','(667) 440-6160','BOneil560@hotmail.com','BertO1095@gmail.com',8,11,'25564 Birch','Apt. #1996','Oakland','ID','73132','',99,67,'2015-07-13','0000-00-00',207,0,20,'','','','','',1,1,1,1,0,'0000-00-00','0000-00-00','',''),('Silva','Catarina','','','TX:USA:WRHSE','316','','(128) 736-4659','(376) 291-1128','(302) 260-5405','CatarinaS5844@abiz.com','CSilva5322@hotmail.com',2,1,'38108 Pioneer','Apt. #1291','Berkeley','AK','75061','',100,73,'2007-06-18','0000-00-00',199,16,0,'','','','','',1,1,2,2,0,'0000-00-00','0000-00-00','',''),('Golden','Keturah','','','OK:OKC:HSKPG','792','','(612) 356-3586','(570) 141-0806','(403) 647-3027','KeturahG9397@comcast.net','KeturahG6120@abiz.com',9,20,'60087 Airport','Apt. #3157','Nashville','AR','73122','',101,50,'2014-03-31','0000-00-00',146,0,20,'','','','','',1,1,1,1,0,'0000-00-00','0000-00-00','',''),('Ewing','Renae','','','OK:OKC:HSKPG','830','','(450) 296-8885','(601) 568-3522','(958) 429-8870','RenaeE4453@aol.com','REwing8062@abiz.com',10,5,'85949 Aspen','','Lakeland','PA','73109','',102,0,'2014-08-16','2015-07-03',0,0,20,'','','','','',0,0,0,0,0,'0000-00-00','0000-00-00','',''),('Mueller','Ilona','','','TX:AII:ACCTG','795','','(921) 408-2405','(918) 715-1809','(639) 385-4843','IMueller3429@hotmail.com','IlonaM7366@hotmail.com',4,12,'46151 Aspen','','Fort Walton Beach','PA','78613','',103,2,'2014-04-07','0000-00-00',19,0,4,'','','','','',1,1,1,1,0,'0000-00-00','0000-00-00','',''),('Bonner','Keli','','','OK:OKC:GRNDS','1030','','(336) 664-6377','(914) 226-6721','(305) 850-0407','KBonner2281@bdiddy.com','KeliB1792@comcast.net',10,26,'91052 North Dakota','','Lakeland','HI','73120','',104,54,'2015-04-27','2015-05-25',153,9,20,'','','','','',0,0,0,0,0,'0000-00-00','0000-00-00','',''),('Carrillo','Gracie','','','OK:OKC:GSERV','110','','(996) 270-0436','(645) 634-6087','(607) 917-8300','GCarrillo6601@bdiddy.com','GracieCarrillo389@abiz.com',6,15,'56733 Pioneer','Apt. #1597','South Lyon','IA','73099','',105,44,'2013-10-10','0000-00-00',49,7,20,'','','','','',1,1,2,2,0,'0000-00-00','0000-00-00','',''),('Holt','Harrison','','','TX:AII:ACCTG','1047','','(815) 518-6304','(939) 399-4063','(456) 991-4108','HarrisonH4865@hotmail.com','HarrisonHolt116@comcast.net',9,20,'98656 Fourth','','Antioch','IA','78735','',106,4,'2015-06-25','0000-00-00',19,1,4,'','','','','',0,1,0,0,0,'0000-00-00','0000-00-00','',''),('Schneider','Vivienne','','','','','','(937) 508-4735','(915) 286-0918','(235) 534-1042','VivienneS7075@bdiddy.com','VivienneSchneider702@bdiddy.com',1,2,'34233 S 400','','Glendale','IA','73127','',107,0,'2012-02-16','2014-06-14',0,0,20,'','','','','',0,1,0,0,0,'0000-00-00','0000-00-00','',''),('Villarreal','Lanny','','','','','','(233) 978-3504','(735) 532-5826','(674) 325-9504','LannyV3540@bdiddy.com','LannyVillarreal395@comcast.net',8,20,'16839 Dogwood','Apt. #1120','Modesto','WI','73106','',108,0,'2014-02-06','2014-02-07',0,0,20,'','','','','',0,1,0,0,0,'0000-00-00','0000-00-00','',''),('Mcmahon','Ladawn','','','OK:OKC:CAPMP','100','','(909) 438-9170','(112) 829-1872','(796) 997-1322','LadawnMcmahon511@aol.com','LadawnM6384@hotmail.com',11,21,'32220 Oak','','Boise','MD','73108','',109,60,'2012-02-13','0000-00-00',206,0,20,'','','','','',1,1,1,1,0,'0000-00-00','0000-00-00','',''),('Sheppard','Allegra','','','TX:USA:WRHSE','733','','(997) 707-5200','(617) 728-7218','(237) 478-4113','ASheppard3436@aol.com','AllegraS3288@gmail.com',3,17,'71968 County Line','Apt. #5613','Gulfport-Biloxi','AZ','75212','',110,73,'2013-08-22','0000-00-00',199,16,0,'','','','','',1,1,1,1,0,'0000-00-00','0000-00-00','',''),('Hurley','Lenny','','','OK:OKC:PHONE','839','','(774) 440-6914','(299) 766-7247','(275) 450-1459','LHurley7591@hotmail.com','LennyHurley986@yahoo.com',6,18,'71617 Navajo','','St. Petersburg','ME','73132','',111,19,'2014-09-16','0000-00-00',24,0,20,'','','','','',1,1,1,1,0,'0000-00-00','0000-00-00','',''),('Morse','Emile','','','OK:OKC:GRNDS','1023','','(589) 512-5030','(769) 613-0177','(835) 611-8526','EMorse1845@abiz.com','EmileM5730@bdiddy.com',8,31,'73298 Evergreen','Apt. #8919','Fort Smith','AZ','73132','',112,54,'2015-03-17','2015-07-01',0,9,20,'','','','','',0,1,0,0,0,'0000-00-00','0000-00-00','',''),('Sullivan','Willene','','','OK:OKC:SALES','840','','(731) 415-1584','(535) 650-2082','(795) 501-3831','WSullivan889@comcast.net','WilleneS3179@yahoo.com',7,31,'83086 10th','Apt. #8654','Burbank','MT','73132','',113,0,'2014-09-15','2015-05-15',0,0,20,'','','','','',0,0,0,0,0,'0000-00-00','0000-00-00','',''),('Lambert','Hermelinda','','','TX:TUC:HSKPG','56','','(598) 195-7917','(685) 262-5650','(356) 599-4107','HermelindaLambert962@abiz.com','HLambert2314@gmail.com',7,16,'21381 8th','Apt. #7023','Charleston','OH','75061','',114,80,'2011-01-15','0000-00-00',201,0,42,'','','','','',1,1,1,1,0,'0000-00-00','0000-00-00','',''),('Huff','Lyndon','','','','','','(491) 502-5174','(696) 336-9596','(401) 956-2574','LyndonH3116@hotmail.com','LHuff3729@aol.com',12,12,'56736 Seventh','','Evansville','VA','73159','',115,0,'2013-01-31','2014-01-14',0,0,20,'','','','','',0,1,0,0,0,'0000-00-00','0000-00-00','',''),('Stone','Emely','','','OK:OKC:HSKPG','554','','(512) 850-9289','(497) 584-5580','(425) 188-6895','EmelyStone816@yahoo.com','EmelyS6253@abiz.com',3,30,'99206 Oak','Apt. #309','Lafayette','SC','73139','',116,49,'2012-01-02','0000-00-00',146,8,20,'','','','','',1,1,1,1,0,'0000-00-00','0000-00-00','',''),('Mcclain','Adelaida','','','OK:OKC:FDBEV','1021','','(872) 237-5456','(939) 908-4735','(383) 318-8744','AdelaidaMcclain52@comcast.net','AMcclain9580@yahoo.com',1,14,'91276 Pine','','Victorville','KS','73507','',117,39,'2015-02-26','2015-08-15',73,6,20,'','','','','',0,1,0,0,0,'0000-00-00','0000-00-00','',''),('Welch','Jamie','','','','','','(398) 183-9051','(614) 576-4811','(859) 710-5519','JamieW7986@aol.com','JamieWelch578@comcast.net',3,12,'73345 County Line','','Richmond County','NE','73132','',118,0,'2014-03-10','2014-05-15',0,0,20,'','','','','',0,1,0,0,0,'0000-00-00','0000-00-00','',''),('Mckee','Shalonda','','','OK:OKC:CPATR','834','','(643) 763-8218','(886) 213-0249','(680) 372-1285','SMckee7826@bdiddy.com','SMckee1065@bdiddy.com',8,8,'50545 Pine','','Hampton','ND','73132','',119,0,'2014-08-28','2015-06-12',0,0,20,'','','','','',0,1,0,0,0,'0000-00-00','0000-00-00','',''),('Houston','Kali','','','OK:OKC:ADMIN','1064','','(186) 243-0673','(397) 330-1698','(951) 435-8348','KHouston6622@aol.com','KaliHouston946@bdiddy.com',10,7,'36631 Washington','','Fort Worth','IL','73118','',120,1,'2015-07-27','0000-00-00',30,1,20,'','','','','',1,1,3,3,0,'0000-00-00','0000-00-00','',''),('Jensen','Bill','','','','','','(306) 352-8955','(673) 937-0137','(362) 308-9059','BillJensen412@abiz.com','BJensen9256@gmail.com',5,25,'69273 Fourth','','Orem','DC','73159','',121,0,'2013-11-11','2014-05-24',0,0,20,'','','','','',0,1,0,0,0,'0000-00-00','0000-00-00','',''),('Marsh','Elise','','','OK:OKC:MAINT','1051','','(176) 639-4109','(830) 176-7834','(397) 566-3853','EliseMarsh399@bdiddy.com','EMarsh81@abiz.com',6,5,'10605 West','','Augusta','GA','73120','',122,56,'2015-07-01','0000-00-00',34,0,20,'','','','','',1,1,2,2,0,'0000-00-00','0000-00-00','',''),('Nixon','Niesha','','','OK:OKC:FDBEV','825','','(450) 180-2420','(463) 646-7830','(198) 427-8371','NNixon6822@comcast.net','NieshaNixon347@gmail.com',1,13,'60970 Lee','Apt. #1688','Raleigh','VA','73099','',123,0,'2014-08-02','2015-01-18',0,0,20,'','','','','',0,0,0,0,0,'0000-00-00','0000-00-00','',''),('Barber','Blanch','','','OK:OKC:FDBEV','754','','(515) 137-2240','(293) 223-7066','(556) 927-4660','BlanchB91@aol.com','BBarber8253@hotmail.com',5,13,'79838 Sycamore','','Westminster','CO','73132','',124,37,'2012-05-29','0000-00-00',207,0,20,'','','','','',1,1,1,1,0,'0000-00-00','0000-00-00','',''),('Henson','Katelin','','','OK:OKC:HSKPG','815','','(805) 203-5064','(892) 336-2503','(101) 405-7201','KatelinH1291@gmail.com','KHenson2758@aol.com',1,13,'67660 Columbine','Apt. #5362','Coral Springs','DC','73109','',125,47,'2014-06-14','0000-00-00',146,8,20,'','','','','',1,1,1,1,0,'0000-00-00','0000-00-00','',''),('Cook','Sharika','','','OK:OKC:CAPMP','58','','(745) 845-6525','(416) 844-3964','(752) 195-8406','SharikaC551@yahoo.com','SCook4955@comcast.net',1,6,'51992 9th','Apt. #9380','El Monte','CT','73132','',126,60,'2011-03-07','0000-00-00',206,0,20,'','','','','',1,1,1,1,0,'0000-00-00','0000-00-00','',''),('Riggs','Elene','','','OK:OKC:GRNDS','739','','(780) 918-8800','(647) 178-2346','(322) 687-8098','EleneR5329@yahoo.com','EleneRiggs539@abiz.com',5,15,'49521 Columbine','','San Diego','NE','73135','',127,54,'2013-09-17','2015-05-18',82,9,20,'','','','','',0,0,0,0,0,'0000-00-00','0000-00-00','',''),('Alvarado','Tish','','','OK:OKC:GRNDS','753','','(350) 847-1409','(585) 995-0050','(797) 221-5853','TishA8637@hotmail.com','TishA8058@gmail.com',10,28,'63198 5th','','Redding','NJ','73132','',128,54,'2013-12-14','2015-06-22',0,9,20,'','','','','',0,0,0,0,0,'0000-00-00','0000-00-00','',''),('Spears','Coleen','','','OK:OKC:HSKPG','97','','(108) 136-5733','(464) 506-9085','(380) 706-8978','ColeenSpears699@yahoo.com','ColeenSpears564@aol.com',10,6,'38008 Airport','Apt. #2932','Peoria','DE','73112','',129,52,'2012-01-28','0000-00-00',146,0,20,'','','','','',1,1,1,1,0,'0000-00-00','0000-00-00','',''),('Molina','Letty','','','OK:OKC:CPATR','1014','','(979) 731-2903','(364) 608-8346','(704) 532-4453','LMolina9687@bdiddy.com','LMolina381@aol.com',6,20,'33838 5th','','Spokane','CO','73132','',130,23,'2015-01-19','2015-08-04',59,3,20,'','','','','',0,0,0,0,0,'0000-00-00','0000-00-00','',''),('Kim','Jonathon','','','OK:OKC:GSERV','1019','','(211) 729-3188','(356) 405-7683','(795) 468-5451','JonathonK9099@hotmail.com','JonathonKim816@abiz.com',2,9,'49535 Kahili','','Pittsburgh','AK','73132','',131,42,'2015-02-11','2015-08-28',24,7,20,'','','','','',0,1,0,0,0,'0000-00-00','0000-00-00','',''),('Mcintosh','Chase','','','OK:OKC:HSKPG','831','','(625) 980-8637','(225) 688-1290','(778) 979-9446','ChaseMcintosh595@abiz.com','CMcintosh1107@bdiddy.com',2,21,'69167 Elm','','Bridgeport','VA','73109','',132,0,'2014-08-16','0000-00-00',146,0,20,'','','','','',1,1,1,1,0,'0000-00-00','0000-00-00','',''),('Byers','Rosalee','','','OK:OKC:HSKPG','162','','(570) 199-2820','(798) 727-3715','(197) 459-5400','RosaleeB2811@hotmail.com','RosaleeByers698@bdiddy.com',10,25,'8394 Pleasant','Apt. #1170','Lewisville','NH','73127','',133,52,'2012-08-07','0000-00-00',146,0,20,'','','','','',1,1,1,1,0,'0000-00-00','0000-00-00','',''),('Lopez','Roy','','','OK:OKC:FDBEV','','','(714) 202-9497','(530) 918-9018','(223) 691-4658','RoyLopez774@bdiddy.com','RLopez6067@abiz.com',11,10,'80847 West','','Davidson County','ID','73132','',134,0,'2014-06-16','2014-10-12',0,0,20,'','','','','',0,1,0,0,0,'0000-00-00','0000-00-00','',''),('Turner','Mazie','','','OK:OKC:GRNDS','1055','','(793) 449-5340','(929) 248-7738','(694) 416-6455','MazieT356@bdiddy.com','MTurner2114@abiz.com',11,4,'44720 Hampton','','Tyler','PA','73111','',135,54,'2015-07-27','2015-08-28',82,9,20,'','','','','',0,0,0,0,0,'0000-00-00','0000-00-00','',''),('Nichols','Bea','','','OK:OKC:CPATR','1068','','(885) 147-8318','(528) 254-6509','(150) 921-2246','BeaN204@yahoo.com','BNichols9783@abiz.com',11,28,'92308 9th','Apt. #6232','Bloomington','RI','73142','',136,23,'2015-08-17','0000-00-00',89,0,20,'','','','','',1,1,2,2,0,'0000-00-00','0000-00-00','',''),('Massey','Bree','','','','','','(454) 901-7089','(640) 888-3444','(611) 551-9781','BreeM63@comcast.net','BreeMassey352@abiz.com',10,2,'86771 Evergreen','','Oklahoma City','AK','93112','',137,0,'2014-01-13','2014-02-21',0,0,20,'','','','','',0,1,0,0,0,'0000-00-00','0000-00-00','',''),('Christensen','Roy','','','','','','(200) 930-4013','(810) 460-1319','(950) 326-2591','RoyC3314@yahoo.com','RoyChristensen516@bdiddy.com',4,5,'30375 North Carolina','','Hialeah','MD','73120','',138,0,'2013-12-14','2014-06-05',0,0,20,'','','','','',0,1,0,0,0,'0000-00-00','0000-00-00','',''),('Lawrence','Glynis','','','','','','(313) 179-7379','(971) 737-7908','(551) 533-8978','GlynisLawrence608@comcast.net','GlynisL8862@yahoo.com',4,22,'71024 Johnson','Apt. #144','Milwaukee','AL','73106','',139,0,'2010-12-01','2014-05-06',0,0,20,'','','','','',0,1,0,0,0,'0000-00-00','0000-00-00','',''),('Ferguson','Inez','','','OK:OKC:CPATR','1043','','(847) 685-2098','(474) 371-8598','(384) 352-7639','IFerguson3572@abiz.com','InezFerguson404@comcast.net',5,9,'5311 Quail','Apt. #3230','Chula Vista','ID','73142','',140,0,'2015-06-10','2015-06-28',0,0,20,'','','','','',0,1,0,0,0,'0000-00-00','0000-00-00','',''),('Edwards','Mozella','','','TX:USA:ACCTG','690','','(659) 416-1187','(388) 109-7222','(296) 626-7722','MozellaE8026@abiz.com','MozellaE7328@bdiddy.com',3,1,'68080 Church','','Warren','CA','76121','',141,3,'2011-07-05','0000-00-00',199,1,0,'','','','','',1,1,1,1,0,'0000-00-00','0000-00-00','',''),('Wiley','Emelda','','','OK:OKC:MAINT','1034','','(947) 830-9877','(573) 681-5472','(121) 961-2488','EWiley7681@abiz.com','EWiley9541@gmail.com',2,4,'28310 S 400','','Garden Grove','SD','73132','',142,56,'2015-05-29','0000-00-00',197,0,20,'','','','','',1,1,1,1,0,'0000-00-00','0000-00-00','',''),('Tyson','Corine','','','TX:USA:WRHSE','','','(890) 553-3998','(278) 258-2602','(378) 600-5334','CTyson9168@gmail.com','CorineT1244@abiz.com',12,19,'36096 Eleventh','Apt. #9475','Clarksville','WI','75062','',143,73,'2010-07-21','2014-10-17',0,16,0,'','','','','',0,0,0,0,0,'0000-00-00','0000-00-00','',''),('Gillespie','Marry','','','OK:OKC:HSKPG','95','','(346) 598-4275','(464) 404-5542','(217) 166-2335','MarryGillespie927@hotmail.com','MarryGillespie31@hotmail.com',9,13,'22111 Lakeview','','Carrollton','WI','73127','',144,52,'2011-12-31','0000-00-00',146,0,20,'','','','','',1,1,1,1,0,'0000-00-00','0000-00-00','',''),('Castro','Rosena','','','OK:OKC:HSKPG','612','','(949) 625-7822','(677) 869-8771','(695) 413-6711','RCastro4054@gmail.com','RCastro2297@comcast.net',4,27,'77942 Dogwood','Apt. #7868','Columbia','WY','73132','',145,47,'2010-06-05','0000-00-00',146,0,20,'','','','','',1,1,2,2,0,'0000-00-00','0000-00-00','',''),('Conrad','Enedina','','','OK:OKC:HSKPG','394','','(926) 480-0938','(783) 478-1708','(744) 643-1029','EConrad9270@comcast.net','EnedinaConrad71@gmail.com',6,15,'49714 Elm','','Murfreesboro','UT','73122','',146,46,'2007-10-14','0000-00-00',207,8,20,'','','','','',1,1,1,1,0,'0000-00-00','0000-00-00','',''),('Mills','Etsuko','','','OK:OKC:FTNSS','688','','(518) 522-3066','(992) 937-1913','(466) 166-0805','EMills9539@gmail.com','EMills1100@abiz.com',9,6,'4288 Williams','','Norman','OH','73132','',147,34,'2010-04-09','0000-00-00',207,5,20,'','','','','',1,1,1,1,0,'0000-00-00','0000-00-00','',''),('Hess','Dolly','','','OK:OKC:FDBEV','835','','(929) 172-1841','(677) 144-4084','(118) 372-8858','DollyHess469@hotmail.com','DHess6181@hotmail.com',4,10,'35906 Apache','','Phoenix','NE','73132','',148,0,'2014-09-19','2014-11-23',0,0,20,'','','','','',0,0,0,0,0,'0000-00-00','0000-00-00','',''),('Palmer','Jacques','','','OK:OKC:SALES','798','','(561) 770-0764','(937) 884-7698','(638) 393-7072','JPalmer5857@gmail.com','JacquesP1272@bdiddy.com',8,28,'52747 13th','','Medford','DE','73170','',149,81,'2012-09-24','0000-00-00',207,0,20,'','','','','',1,1,2,2,0,'0000-00-00','0000-00-00','',''),('Sawyer','Elijah','','','OK:OKC:GSERV','1011','','(911) 546-7464','(986) 811-7489','(395) 266-1157','ESawyer604@hotmail.com','ESawyer2745@hotmail.com',10,8,'97197 Cherry','','Montgomery','VA','73107','',150,0,'2014-12-22','2015-01-02',0,0,20,'','','','','',0,0,0,0,0,'0000-00-00','0000-00-00','',''),('Browning','Shandi','','','','','','(327) 314-7913','(389) 576-7734','(271) 914-4688','ShandiB9616@yahoo.com','ShandiB3816@aol.com',1,25,'18595 Lee','Apt. #793','Fort Worth','NV','73127','',151,0,'2014-05-08','2014-08-26',0,0,20,'','','','','',0,1,0,0,0,'0000-00-00','0000-00-00','',''),('Daniels','Gigi','','','OK:OKC:GSERV','1012','','(618) 237-0287','(161) 848-1317','(483) 201-0869','GigiDaniels573@comcast.net','GigiDaniels743@yahoo.com',6,25,'33802 Maple','','Springdale','CO','73132','',152,42,'2014-12-22','2015-05-31',49,7,20,'','','','','',0,1,0,0,0,'0000-00-00','0000-00-00','',''),('Rose','Nereida','','','OK:OKC:GRNDS','114','','(638) 661-2132','(292) 912-8759','(220) 638-8153','NereidaR7389@yahoo.com','NRose9339@gmail.com',9,1,'89405 Quail','','Yonkers','MD','73132','',153,55,'2012-05-14','2015-05-19',82,9,20,'','','','','',0,0,0,0,0,'0000-00-00','0000-00-00','',''),('Blevins','Esperanza','','','OK:OKC:GRNDS','752','','(796) 431-7948','(283) 627-4522','(772) 701-6606','EsperanzaBlevins600@abiz.com','EBlevins7216@aol.com',9,6,'10934 Wood','','Tampa','UT','73108','',154,0,'2013-11-25','2015-01-14',0,0,20,'','','','','',0,0,0,0,0,'0000-00-00','0000-00-00','',''),('Sullivan','Nidia','','','TX:USA:WRHSE','291','','(288) 560-5264','(986) 225-2192','(644) 350-7973','NidiaS8281@hotmail.com','NidiaS7777@bdiddy.com',3,6,'63652 Fourth','','Merced','NV','76247','',155,73,'2006-06-25','2014-12-08',0,16,0,'','','','','',0,0,0,0,0,'0000-00-00','0000-00-00','',''),('Strickland','Malka','','','OK:OKC:LSGSAL','1039','','(881) 731-5193','(563) 162-6165','(408) 856-0047','MStrickland4612@yahoo.com','MStrickland8843@bdiddy.com',3,16,'83887 North Carolina','','Winston','NM','73132','',156,67,'2015-06-12','0000-00-00',207,0,20,'','','','','',1,1,1,1,0,'0000-00-00','0000-00-00','',''),('Goodman','Michelina','','','','','','(835) 807-2265','(941) 270-5565','(551) 586-6899','MichelinaGoodman983@bdiddy.com','MichelinaGoodman186@comcast.net',1,22,'4601 West Virginia','Apt. #5993','Sterling Heights','NY','73130','',157,0,'2011-08-22','2014-05-16',0,0,20,'','','','','',0,1,0,0,0,'0000-00-00','0000-00-00','',''),('Miranda','Arnulfo','','','','','','(134) 208-9738','(587) 108-0860','(297) 226-2232','ArnulfoM8939@bdiddy.com','ArnulfoMiranda640@yahoo.com',10,27,'40321 Apache','','Tucson','UT','73008','',158,0,'2012-02-04','2014-06-27',0,0,20,'','','','','',0,1,0,0,0,'0000-00-00','0000-00-00','',''),('Maynard','Frida','','','','','','(208) 704-9594','(421) 576-4575','(926) 248-7488','FridaM6758@abiz.com','FridaMaynard725@aol.com',0,0,'91360 Mountain View','Apt. #9420','York','SC','','',159,0,'0000-00-00','2014-04-25',0,0,20,'','','','','',0,1,0,0,0,'0000-00-00','0000-00-00','',''),('Lambert','Desiree','','','OK:OKC:FDBEV','1060','','(651) 231-8747','(334) 595-7618','(752) 870-9958','DLambert9190@hotmail.com','DesireeLambert93@bdiddy.com',6,30,'92176 Mountain View','','Thornton','DE','73107','',160,39,'2015-07-27','0000-00-00',73,6,20,'','','','','',1,1,3,3,0,'0000-00-00','0000-00-00','',''),('Horne','Valentina','','','OK:OKC:GSERV','1059','','(563) 594-6356','(610) 456-4674','(569) 628-6735','ValentinaH6981@gmail.com','ValentinaH973@comcast.net',9,10,'58175 North','','Bel Air','PA','73103','',161,44,'2015-08-03','0000-00-00',49,7,20,'','','','','',1,1,2,2,0,'0000-00-00','0000-00-00','',''),('Stone','Tessie','','','OK:OKC:GRNDS','755','','(519) 812-9468','(993) 481-9290','(361) 615-7293','TStone2224@comcast.net','TessieS9059@gmail.com',2,15,'83925 Sixth','Apt. #9977','McHenry','MA','73129','',162,54,'2013-12-14','2015-04-13',0,9,20,'','','','','',0,1,0,0,0,'0000-00-00','0000-00-00','',''),('Morse','Fidelia','','','NY:USA:Design','1057','','(213) 668-1602','(218) 765-2086','(563) 810-5236','FideliaM8713@yahoo.com','FMorse1718@yahoo.com',5,4,'29239 Broadway','','Peoria','WA','11211','',163,0,'2015-08-05','0000-00-00',199,0,0,'','','','','',1,1,1,1,0,'0000-00-00','0000-00-00','',''),('Baker','Charmain','','','','','','(939) 904-4237','(616) 749-6471','(426) 454-9524','CBaker6904@hotmail.com','CBaker7304@gmail.com',3,3,'2257 8th','','Cathedral City','MA','73023','',164,0,'2014-02-09','2014-07-01',0,0,20,'','','','','',0,1,0,0,0,'0000-00-00','0000-00-00','',''),('Waters','Shonta','','','OK:OKC:FDBEV','1020','','(541) 384-9940','(439) 571-0586','(570) 186-7040','ShontaW7808@comcast.net','SWaters2836@comcast.net',6,5,'27717 Smith','','Mesa','IA','73112','',165,39,'2015-02-25','2015-04-17',73,6,20,'','','','','',0,1,0,0,0,'0000-00-00','0000-00-00','',''),('Clements','Madalyn','','','OK:OKC:GSERV','1007','','(624) 405-9835','(278) 558-5103','(780) 152-8115','MClements8345@hotmail.com','MadalynClements361@yahoo.com',2,23,'67116 Kukui','Apt. #8000','Aurora','ME','73107','',166,19,'2014-11-17','2014-12-11',24,0,20,'','','','','',0,0,0,0,0,'0000-00-00','0000-00-00','',''),('Hill','Aleida','','','OK:OKC:ADMIN','814','','(874) 949-6757','(283) 146-1640','(246) 327-3399','AleidaHill986@gmail.com','AHill1361@hotmail.com',7,4,'30110 Mountain View','Apt. #8619','Erie','CO','73118','',167,0,'2014-06-09','2015-04-07',0,0,20,'','','','','',0,0,0,0,0,'0000-00-00','0000-00-00','',''),('Trujillo','Owen','','','','','','(759) 701-9847','(258) 702-0913','(621) 314-0040','OwenTrujillo26@bdiddy.com','OTrujillo1520@hotmail.com',6,13,'21550 8th','Apt. #244','Baton Rouge','VA','73132','',168,0,'2013-12-17','2014-04-29',0,0,20,'','','','','',0,1,0,0,0,'0000-00-00','0000-00-00','',''),('Bates','Tonia','','','OK:OKC:CPATR','1031','','(514) 896-5290','(603) 661-9787','(319) 743-5424','TBates8924@comcast.net','TBates1294@gmail.com',4,17,'97717 Sixth','Apt. #3910','Santa Clarita','MA','73132','',169,23,'2015-05-12','0000-00-00',59,0,20,'','','','','',1,1,1,1,0,'0000-00-00','0000-00-00','',''),('Gilliam','Demarcus','','','OK:OKC:ADMIN','1032','','(971) 288-4526','(830) 661-3738','(670) 266-3462','DemarcusG4094@yahoo.com','DGilliam8107@bdiddy.com',8,3,'63219 3rd','','Norfolk','PA','73112','',170,4,'2015-05-11','2015-07-15',0,1,20,'','','','','',0,1,0,0,0,'0000-00-00','0000-00-00','',''),('Brooks','Bethany','','','OK:OKC:GSERV','1038','','(446) 801-2489','(385) 855-7393','(420) 941-8101','BethanyB4549@abiz.com','BethanyB3375@comcast.net',10,17,'2174 Magnolia','','Killeen','IL','73034','',171,0,'2015-06-01','2015-08-15',49,0,20,'','','','','',0,0,0,0,0,'0000-00-00','0000-00-00','',''),('Kaufman','Vanesa','','','OK:OKC:GRNDS','1063','','(478) 867-1048','(575) 507-0467','(758) 911-9180','VanesaK5349@gmail.com','VKaufman2043@bdiddy.com',4,26,'59388 12th','','McAllen','MO','73179','',172,54,'2015-07-30','0000-00-00',82,9,20,'','','','','',1,1,1,1,0,'0000-00-00','0000-00-00','',''),('Robbins','Alica','','','TX:TUC:MAINT','683','','(581) 314-3605','(197) 132-4940','(496) 831-8371','AlicaRobbins647@bdiddy.com','AlicaRobbins557@comcast.net',2,18,'22316 Walnut','Apt. #7749','Saginaw','MA','75061','',173,57,'1996-05-20','0000-00-00',201,10,42,'','','','','',1,1,1,1,0,'0000-00-00','0000-00-00','',''),('Riggs','Catherine','','','OK:OKC:CPATR','1029','','(244) 565-0302','(465) 332-4450','(628) 380-9201','CatherineR7679@comcast.net','CRiggs9664@bdiddy.com',2,9,'82717 Sycamore','','Lakeland','DE','73003','',174,0,'2015-04-27','2015-05-29',59,0,20,'','','','','',0,0,0,0,0,'0000-00-00','0000-00-00','',''),('Compton','Dotty','','','TX:TUC:CPATR','293','','(258) 163-4641','(237) 948-0610','(859) 795-5895','DCompton3845@comcast.net','DottyC6734@hotmail.com',12,25,'69242 Highland','','Vero Beach','UT','75061','',175,22,'2006-06-25','0000-00-00',201,3,42,'','','','','',1,1,1,1,0,'0000-00-00','0000-00-00','',''),('Osborn','Denver','','','OK:OKC:HSKPG','590','','(523) 723-5461','(141) 407-3344','(719) 554-1860','DOsborn7344@aol.com','DOsborn3735@bdiddy.com',10,13,'67886 5th','','Grand Prairie','VT','73142','',176,52,'2010-02-15','0000-00-00',146,0,20,'','','','','',1,1,1,1,0,'0000-00-00','0000-00-00','',''),('Gallegos','Adelle','','','OK:OKC:HSKPG','','','(106) 699-8608','(747) 453-3643','(614) 426-5801','AdelleG5849@bdiddy.com','AdelleG8681@abiz.com',2,6,'2018 Juniper','','Omaha','ND','73127','',177,0,'2014-08-16','2014-09-12',0,0,20,'','','','','',0,1,0,0,0,'0000-00-00','0000-00-00','',''),('Wiggins','Melisa','','','','','','(691) 585-9165','(819) 756-2199','(904) 568-6409','MelisaWiggins562@aol.com','MelisaWiggins792@gmail.com',10,8,'93380 Pioneer','Apt. #4213','Aberdeen','MI','73129','',178,0,'2014-07-13','2014-07-24',0,0,20,'','','','','',0,1,0,0,0,'0000-00-00','0000-00-00','',''),('Moses','Margarett','','','OK:OKC:GRNDS','1033','','(454) 984-7625','(273) 494-3120','(970) 250-1243','MargarettMoses245@aol.com','MargarettM8515@gmail.com',4,20,'91762 Shore','Apt. #2402','Honolulu','TX','73132','',179,54,'2015-05-21','2015-06-08',82,9,20,'','','','','',0,1,0,0,0,'0000-00-00','0000-00-00','',''),('Bradshaw','Milton','','','OK:OKC:PHONE','1009','','(651) 344-8319','(570) 327-4551','(637) 172-4613','MiltonB6624@hotmail.com','MiltonBradshaw446@abiz.com',1,29,'72477 Evergreen','','Berkeley','IL','73162','',180,19,'2014-12-22','2015-01-06',24,0,20,'','','','','',0,0,0,0,0,'0000-00-00','0000-00-00','',''),('Ramos','Jackelyn','','','OK:OKC:MAINT','1069','','(688) 503-5220','(821) 702-4811','(985) 679-3924','JackelynR1449@abiz.com','JRamos670@yahoo.com',11,8,'40915 Thirteenth','','Santa Clara','NM','73132','',181,0,'2015-08-10','0000-00-00',197,0,20,'','','','','',1,1,2,2,0,'0000-00-00','0000-00-00','',''),('Fischer','Marjory','','','','','','(483) 453-2170','(310) 959-3854','(958) 413-8300','MarjoryF5455@gmail.com','MarjoryF2294@gmail.com',7,28,'72716 West','','Fayetteville','TN','73054','',182,0,'2013-10-11','2014-01-24',0,0,20,'','','','','',0,1,0,0,0,'0000-00-00','0000-00-00','',''),('Padilla','Anisha','','','OK:OKC:CPATR','1006','','(505) 821-0560','(529) 293-5718','(910) 864-8654','AnishaP4534@yahoo.com','AnishaPadilla917@comcast.net',6,18,'57661 Eleventh','','Elkhart','KY','73132','',183,0,'2014-10-10','2015-03-25',0,0,20,'','','','','',0,0,0,0,0,'0000-00-00','0000-00-00','',''),('Chapman','Shaunna','','','OK:OKC:FDBEV','1008','','(446) 376-0389','(956) 828-7293','(325) 942-6614','SChapman2556@comcast.net','ShaunnaC5923@bdiddy.com',4,5,'64465 Sunset','','Flint','KY','73132','',184,0,'2014-11-24','2015-05-08',0,0,20,'','','','','',0,0,0,0,0,'0000-00-00','0000-00-00','',''),('Vaughan','Michael','','','OK:OKC:CPATR','1058','','(677) 593-1746','(110) 857-3787','(970) 706-3823','MichaelV4048@comcast.net','MichaelVaughan897@yahoo.com',12,24,'72869 New Hampshire','','Cary','GA','73132','',185,23,'2015-07-29','0000-00-00',89,0,20,'','','','','',1,1,2,2,0,'0000-00-00','0000-00-00','',''),('Best','Jadwiga','','','OK:OKC:GSERV','759','','(468) 261-4454','(226) 973-3743','(789) 470-0999','JBest2102@bdiddy.com','JBest8377@aol.com',7,7,'11018 South Dakota','','Tacoma','NV','73132','',186,42,'2013-12-14','0000-00-00',49,7,20,'','','','','',1,1,1,1,0,'0000-00-00','0000-00-00','',''),('Conrad','Rey','','','OK:OKC:HSKPG','816','','(302) 499-4019','(333) 439-4767','(131) 113-7422','ReyC4361@aol.com','RConrad7682@comcast.net',7,24,'21671 Hill','Apt. #5986','Fort Smith','SC','73107','',187,52,'2014-06-14','0000-00-00',146,0,20,'','','','','',1,1,1,1,0,'0000-00-00','0000-00-00','',''),('Perkins','Latrina','','','OK:OKC:MAINT','1052','','(974) 101-0071','(997) 779-8357','(539) 239-8130','LatrinaPerkins898@hotmail.com','LatrinaPerkins503@hotmail.com',4,26,'78543 North Carolina','','Monroe','DC','73132','',188,56,'2015-07-02','0000-00-00',34,0,20,'','','','','',1,1,1,1,0,'0000-00-00','0000-00-00','',''),('Wilder','Micheline','','','OK:OKC:MAINT','766','','(346) 194-9382','(574) 450-6616','(372) 694-0587','MichelineW9589@hotmail.com','MichelineW9567@abiz.com',4,8,'36868 Bay','','New Haven','NE','73132','',189,59,'2014-01-14','0000-00-00',197,0,20,'','','','','',1,1,1,1,0,'0000-00-00','0000-00-00','',''),('Hensley','Martin','','','NY:NYR - USA:SALES','1061','','(478) 700-2780','(137) 687-4275','(265) 689-5217','MHensley8777@comcast.net','MartinH166@aol.com',3,24,'4285 Second','','Nashville','KS','11968','',190,76,'2015-08-06','0000-00-00',195,0,0,'','','','','',1,1,3,3,0,'0000-00-00','0000-00-00','',''),('Mcmillan','Sadye','','','NY:NYR - USA:SALES','654','','(243) 261-9598','(746) 975-6865','(359) 387-1945','SadyeMcmillan617@yahoo.com','SMcmillan9802@hotmail.com',11,24,'38488 Broadway','','Tyler','FL','10022','',191,29,'2010-01-16','0000-00-00',199,0,0,'','','','','',1,1,1,1,0,'0000-00-00','0000-00-00','',''),('Phelps','Pat','','','NY:NYR - USA:CRVDES','665','','(443) 965-5536','(331) 289-5294','(302) 726-9463','PatPhelps537@aol.com','PPhelps4814@bdiddy.com',3,1,'9943 5th','Apt. #4351','Hagerstown','VT','11106','',192,32,'2012-04-01','0000-00-00',199,0,0,'','','','','',1,1,2,2,0,'0000-00-00','0000-00-00','',''),('Vazquez','Fred','','','NY:NYR - USA:SALES','80','','(300) 246-8495','(963) 362-9820','(614) 866-8270','FredV5956@aol.com','FVazquez6277@comcast.net',9,12,'46739 Park','','Pomona','SD','11561','',193,66,'2011-10-17','0000-00-00',199,0,0,'','','','','',1,1,1,1,0,'0000-00-00','0000-00-00','',''),('Hicks','Marni','','','NY:NYR - USA:SALES','1044','','(335) 291-8220','(229) 241-4595','(574) 464-1096','MHicks2303@bdiddy.com','MHicks4498@bdiddy.com',6,17,'12717 South Dakota','','Waterbury','OK','11968','',194,76,'2015-05-30','0000-00-00',195,0,0,'','','','','',1,1,3,3,0,'0000-00-00','0000-00-00','',''),('Spencer','Dominic','','','NY:NYR - USA:SALES','1026','','(930) 876-4774','(997) 450-1982','(254) 113-4620','DominicS6336@yahoo.com','DSpencer2043@yahoo.com',9,7,'48092 Mesquite','','Howell','WA','11968','',195,77,'2015-04-06','0000-00-00',193,0,0,'','','','','',1,1,2,2,0,'0000-00-00','0000-00-00','',''),('Rodriquez','Shelley','','','NY:NYR - USA:SALES','1027','','(996) 214-5822','(377) 643-2996','(881) 765-8452','SRodriquez847@bdiddy.com','SRodriquez4810@aol.com',8,18,'4972 Cherry','','Seattle','AL','11949','',196,78,'2015-04-06','0000-00-00',193,0,0,'','','','','',1,1,2,2,0,'0000-00-00','0000-00-00','',''),('Lowery','Lasandra','','','OK:OKC:MAINT','413','','(467) 691-6461','(899) 201-8205','(882) 816-5151','LLowery3888@comcast.net','LasandraLowery472@comcast.net',11,12,'94539 Washington','','North Charleston','VA','73132','',197,58,'2007-09-14','0000-00-00',207,10,20,'','','','','',1,1,1,1,0,'0000-00-00','0000-00-00','',''),('Berg','Florentino','','','TX:AII:ADMIN','1004','','(406) 496-7340','(641) 755-2892','(869) 577-7185','FBerg1951@bdiddy.com','FBerg1754@hotmail.com',6,19,'80787 County Line','','Milwaukee','IN','78733','',198,30,'2014-10-07','0000-00-00',0,0,4,'','','','','',1,1,1,1,0,'0000-00-00','0000-00-00','',''),('Zimmerman','Kasie','','','TX:USA:ADMIN','87','','(106) 173-7485','(794) 894-3742','(993) 433-6223','KasieZimmerman405@comcast.net','KasieZimmerman25@comcast.net',12,22,'71289 Center','Apt. #157','Toledo','MS','75093','',199,7,'2012-01-02','0000-00-00',198,1,0,'','','','','',1,1,1,1,0,'0000-00-00','0000-00-00','',''),('Zamora','Emmie','','','TX:AII:ADMIN','391','','(727) 216-1751','(183) 352-4294','(188) 462-1214','EmmieZ8762@comcast.net','EmmieZ2667@gmail.com',3,9,'97771 Tenth','','Lewisville','LA','78738','',200,9,'1996-01-01','0000-00-00',198,1,4,'','','','','',1,1,1,1,0,'0000-00-00','0000-00-00','',''),('Moore','Lael','','','TX:TUC:ADMIN','686','','(632) 300-2960','(680) 846-5784','(344) 924-0461','LMoore5536@hotmail.com','LaelMoore573@abiz.com',1,27,'70872 Cottonwood','','Santa Clarita','SD','76248','',201,11,'1990-10-30','0000-00-00',198,1,42,'','','','','',1,1,1,1,0,'0000-00-00','0000-00-00','',''),('Warren','Hillary','','','TX:AII:ACCTG','1001','','(769) 740-4579','(969) 394-3317','(145) 473-4373','HillaryWarren442@hotmail.com','HillaryW7687@yahoo.com',9,17,'72826 Navajo','','Saint Louis','VA','78729','',202,12,'2014-07-07','0000-00-00',200,1,4,'','','','','',1,1,1,1,0,'0000-00-00','0000-00-00','',''),('Stevens','Leopoldo','','','TX:AII:ADMIN','773','','(416) 682-7126','(570) 261-2736','(975) 361-2120','LStevens7173@hotmail.com','LStevens4218@hotmail.com',8,28,'79739 Hill','','Lubbock','PA','78729','',203,6,'2014-02-10','0000-00-00',198,1,4,'','','','','',1,1,1,1,0,'0000-00-00','0000-00-00','',''),('Burris','Emilee','','','OK:OKC:CPATR','1054','','(745) 575-7872','(298) 586-8713','(902) 914-0882','EmileeBurris908@yahoo.com','EBurris820@abiz.com',7,29,'88882 Narragansett','','Winston','DC','73132','',204,23,'2015-07-15','0000-00-00',59,3,20,'','','','','',1,1,1,1,0,'0000-00-00','0000-00-00','',''),('Gilmore','Barb','','','OK:OKC:TRANS','663','','(621) 203-1761','(596) 631-6790','(466) 599-8432','BarbG6952@hotmail.com','BarbGilmore885@aol.com',6,8,'35611 9th','','Thornton','NH','73132','',205,21,'2010-12-18','0000-00-00',59,3,20,'','','','','',1,1,1,1,0,'0000-00-00','0000-00-00','',''),('Salinas','Sharita','','','OK:OKC:CAPMP','596','','(702) 630-9432','(983) 995-9685','(474) 835-7846','SharitaS5373@aol.com','SSalinas3194@comcast.net',5,15,'65943 Birch','Apt. #1184','Lancaster','WV','73142','',206,61,'2010-03-01','0000-00-00',207,10,20,'','','','','',1,1,1,1,0,'0000-00-00','0000-00-00','',''),('Strickland','Rhiannon','','','OK:OKC:ADMIN','474','','(447) 208-4576','(330) 297-5969','(869) 754-6389','RhiannonStrickland217@aol.com','RStrickland5081@aol.com',10,9,'46307 Airport','','South Bend','NH','73142','',207,11,'2008-08-26','0000-00-00',198,0,20,'','','','','',1,1,1,1,0,'0000-00-00','0000-00-00','',''),('Hyde','Romona','','','NY:NYR - USA:ADMIN','','','(820) 429-0675','(903) 307-8187','(641) 796-3168','RomonaH1891@aol.com','RomonaHyde67@gmail.com',11,29,'19208 9th','Apt. #7796','Barnstable','OH','11221','',208,31,'2014-09-22','0000-00-00',199,0,0,'','','','','',1,1,2,2,0,'0000-00-00','0000-00-00','',''),('Compton','Angelic','','','TX:AII: CRVDES','','','(933) 633-1043','(638) 335-5905','(237) 316-8574','ACompton9642@yahoo.com','ACompton9753@yahoo.com',10,3,'47504 Washington','Apt. #6824','Alexandria','WA','76040','',209,26,'2008-10-01','0000-00-00',198,0,0,'','','','','',1,1,1,1,0,'0000-00-00','0000-00-00','',''),('Weber','Lavone','','','CA:AII ADMIN','','','(498) 831-7307','(585) 818-7213','(890) 691-7892','LWeber9577@yahoo.com','LavoneWeber661@comcast.net',10,31,'42643 Eighth','','Jacksonville','WA','91202','',210,30,'2015-04-20','0000-00-00',198,0,4,'','','','','',1,1,2,1,0,'0000-00-00','0000-00-00','',''),('Marsh','Deandra','','','CA:AII ADMIN','','','(643) 541-9961','(754) 559-7893','(684) 357-4753','DeandraMarsh105@abiz.com','DeandraM184@hotmail.com',10,24,'49927 Pinon','','High Point','DE','95035','',211,10,'2015-08-17','0000-00-00',198,0,4,'','','','','',1,1,0,0,0,'0000-00-00','0000-00-00','sman','fd6d04e4dd792b0fcc96ad736c336fb3cee75d5d50ec5b4720df64bcf9484572b6603da150540aeddd9d9ee5577d92496d5c77aa0bce3b44ef1f61c44184b022');
/*!40000 ALTER TABLE `people` ENABLE KEYS */;
UNLOCK TABLES;
/*!40103 SET TIME_ZONE=@OLD_TIME_ZONE */;

/*!40101 SET SQL_MODE=@OLD_SQL_MODE */;
/*!40014 SET FOREIGN_KEY_CHECKS=@OLD_FOREIGN_KEY_CHECKS */;
/*!40014 SET UNIQUE_CHECKS=@OLD_UNIQUE_CHECKS */;
/*!40101 SET CHARACTER_SET_CLIENT=@OLD_CHARACTER_SET_CLIENT */;
/*!40101 SET CHARACTER_SET_RESULTS=@OLD_CHARACTER_SET_RESULTS */;
/*!40101 SET COLLATION_CONNECTION=@OLD_COLLATION_CONNECTION */;
/*!40111 SET SQL_NOTES=@OLD_SQL_NOTES */;

-- Dump completed on 2015-11-05  7:48:28
