-- MySQL dump 10.13  Distrib 5.6.26, for osx10.10 (x86_64)
--
-- Host: localhost    Database: accord
-- ------------------------------------------------------
-- Server version	5.6.26

/*!40101 SET @OLD_CHARACTER_SET_CLIENT=@@CHARACTER_SET_CLIENT */;
/*!40101 SET @OLD_CHARACTER_SET_RESULTS=@@CHARACTER_SET_RESULTS */;
/*!40101 SET @OLD_COLLATION_CONNECTION=@@COLLATION_CONNECTION */;
/*!40101 SET NAMES utf8 */;
/*!40103 SET @OLD_TIME_ZONE=@@TIME_ZONE */;
/*!40103 SET TIME_ZONE='+00:00' */;
/*!40014 SET @OLD_UNIQUE_CHECKS=@@UNIQUE_CHECKS, UNIQUE_CHECKS=0 */;
/*!40014 SET @OLD_FOREIGN_KEY_CHECKS=@@FOREIGN_KEY_CHECKS, FOREIGN_KEY_CHECKS=0 */;
/*!40101 SET @OLD_SQL_MODE=@@SQL_MODE, SQL_MODE='NO_AUTO_VALUE_ON_ZERO' */;
/*!40111 SET @OLD_SQL_NOTES=@@SQL_NOTES, SQL_NOTES=0 */;

--
-- Table structure for table `DeductionList`
--

DROP TABLE IF EXISTS `DeductionList`;
/*!40101 SET @saved_cs_client     = @@character_set_client */;
/*!40101 SET character_set_client = utf8 */;
CREATE TABLE `DeductionList` (
  `dcode` mediumint(9) NOT NULL,
  `name` varchar(25) DEFAULT NULL
) ENGINE=InnoDB DEFAULT CHARSET=utf8;
/*!40101 SET character_set_client = @saved_cs_client */;

--
-- Dumping data for table `DeductionList`
--

LOCK TABLES `DeductionList` WRITE;
/*!40000 ALTER TABLE `DeductionList` DISABLE KEYS */;
INSERT INTO `DeductionList` VALUES (0,'Unknown'),(1,'401K'),(2,'401K Loan'),(3,'Child Support'),(4,'Dental'),(5,'FSA'),(6,'GARN'),(7,'Group Life'),(8,'Housing'),(9,'Medical'),(10,'Miscded'),(11,'Taxes');
/*!40000 ALTER TABLE `DeductionList` ENABLE KEYS */;
UNLOCK TABLES;

--
-- Table structure for table `companies`
--

DROP TABLE IF EXISTS `companies`;
/*!40101 SET @saved_cs_client     = @@character_set_client */;
/*!40101 SET character_set_client = utf8 */;
CREATE TABLE `companies` (
  `CoCode` mediumint(9) NOT NULL AUTO_INCREMENT,
  `LegalName` varchar(50) DEFAULT NULL,
  `CommonName` varchar(50) DEFAULT NULL,
  `Address` varchar(35) DEFAULT NULL,
  `Address2` varchar(35) DEFAULT NULL,
  `City` varchar(25) DEFAULT NULL,
  `State` char(25) DEFAULT NULL,
  `PostalCode` varchar(10) DEFAULT NULL,
  `Country` varchar(25) DEFAULT NULL,
  `Phone` varchar(25) DEFAULT NULL,
  `Fax` varchar(25) DEFAULT NULL,
  `Email` varchar(35) DEFAULT NULL,
  `Designation` char(3) NOT NULL,
  `Active` smallint(6) NOT NULL,
  `EmploysPersonnel` smallint(6) NOT NULL,
  PRIMARY KEY (`CoCode`)
) ENGINE=InnoDB AUTO_INCREMENT=76 DEFAULT CHARSET=utf8;
/*!40101 SET character_set_client = @saved_cs_client */;

--
-- Dumping data for table `companies`
--

LOCK TABLES `companies` WRITE;
/*!40000 ALTER TABLE `companies` DISABLE KEYS */;
INSERT INTO `companies` VALUES (1,'Accord/417, LLC','6417','11719 Bee Cave Road','Suite 301','Austin','TX','78738','USA','512-600-1880','323-512-0105','','417',1,0),(2,'Amal Brdoukan Mansour','','424 Brandon Way','','Austin','TX','78733','USA','818-516-9270','','amalbmansour@gmail.com','ABM',1,0),(3,'Acrosscity LDA','Acrosscity','Zona Industrial do Casal da Areia','Lote 55  Casal da Areia Distrito','Alcobaca','Freguesia','206 COZ','Portugal','351-1262-545-271','','','ACR',1,0),(4,'Accord Interests, LLC','Accord Interests','11719 Bee Cave Road','Suite 301','Austin','TX','78738','USA','323-512-0111','323-512-0105','','AII',1,1),(5,'Accord/JGM, LLC','AJM','11719 Bee Cave Road','Suite 301','Austin','TX','78738','USA','512-600-1880','323-512-0105','','AJM',1,0),(6,'Anna Joan Mansour','','424 Brandon Way','','Austin','TX','78738','USA','818-424-5534','','','ANN',1,0),(7,'Accord/BRO CLY, LLC','BCR','11719 Bee Cave Road','Suite 301','Austin','TX','78738','USA','512-600-1880','323-512-0105','','BCR',1,0),(8,'Accord/BRO, LLC','BRG','11719 Bee Cave Road','Suite 301','Austin','TX','78738','USA','512-600-1880','323-512-0105','','BRG',1,0),(9,'Accord/BRO Equity, LLC','BRE','11719 Bee Cave Road','Suite 301','Austin','TX','78738','USA','512-600-1880','323-512-0105','','BRE',1,0),(10,'Accord/BRO Members, LLC','BRO','11719 Bee Cave Road','Suite 301','Austin','TX','78738','USA','512-600-1880','323-512-0105','','BRO',1,0),(11,'BVS CBP Holdings, LLC','','11719 Bee Cave Road','Suite 301','Austin','TX','78738','USA','512-600-1880','323-512-0105','','BVS',1,0),(12,'CBP Member LLC','CBM','11719 Bee Cave Road','Suite 301','Austin','TX','78738','USA','512-600-1880','323-512-0105','','CBM',1,0),(13,'Ceruzzi-Beaumont Partners, LLC','Ceruzzi-Beaumont Partners','11719 Bee Cave Road','Suite 301','Austin','TX','78738','USA','512-600-1880','323-512-0105','','CBP',1,0),(14,'California Commerce Centre Owners Association','CCC','11719 Bee Cave Road','Suite 301','Austin','TX','78738','USA','512-600-1880','323-512-0105','','CCC',1,0),(15,'Darla J. Nelson','','119 The Hills Drive','','Austin','TX','78738','USA','512-502-5486','','','DJN',1,0),(16,'Elizabeth Joan Mansour','','424 Brandon Way','','Austin','TX','78733','USA','310-987-1223','','','ELI',1,0),(17,'Elad Yifrach','','1203 David Drive','','Euless','TX','76040','USA','310-897-8498','','','EY',1,0),(18,'Accord Guaranty LP','GUA','11719 Bee Cave Road','Suite 301','Austin','TX','78738','USA','','','','GUA',1,0),(19,'L\'Objet IOM Limited','L\'Objet IOM','Ground Floor West Suite','54-58 Athol Street','Douglas','','1M11JD','Isle of Man','','','','IOM',1,1),(20,'Accord/OKC Members, LLC','Isola Bella','6303 NW 63rd Street','','Oklahoma City','OK','73132','USA','405-721-2191','405-603-4095','','ISO',1,1),(21,'Joseph G. Mansour','','424 Brandon Way','','Austin','TX','78733','USA','310-245-8220','','','JGM',1,0),(22,'Joan L.Mansour','','424 Brandon Way','','Austin','TX','78733','USA','310-600-1723','','','JLM',1,0),(23,'Jacob Louis Sternbaum','','1602 Lakeway Boulevard','','Lakeway','TX','78734','USA','818-231-1970','','','JLS',1,0),(24,'JGM First, LLC','JM1','11719 Bee Cave Road','Suite 301','Austin','TX','78738','USA','512-600-1880','323-512-0105','','JM1',1,0),(25,'Jacob Sternbaum Trust','Jacob\'s Trust','11719 Bee Cave Road','Suite 301','Austin','TX','78738','USA','512-600-1880','323-512-0105','','JS1',1,0),(26,'Joseph G. Mansour Family Trust 1','JGM\'s Trust','11719 Bee Cave Road','Suite 301','Austin','TX','78738','USA','512-600-1880','323-512-0105','','JT1',1,0),(27,'KLS First, LLC','KS1','11719 Bee Cave Road','Suite 301','Austin','TX','78738','USA','512-600-1880','323-512-0105','','KS1',1,0),(28,'L\'Objet UK Limited','LUK','87-135 Brompton Road','Knightsbridge','London','','SW1X7XL','United Kingdom','','','','LUK',1,0),(29,'Maxxe E  Sternbaum','Maxxy','8756 Wonderland Avenue','','Los Angeles','CA','90046','USA','818-461-4141','','','MES',1,0),(30,'Accord/MOR, LLC','MOR','11719 Bee Cave Road','Suite 301','Austin','TX','78738','USA','512-600-1880','323-512-0105','','MOR',1,0),(31,'Maxxe Sternbaum Trust','Maxxy\'s Trust','11719 Bee Cave Road','Suite 301','Austin','TX','78738','USA','512-600-1880','323-512-0105','','MS1',1,0),(32,'NYC Luxury Reps, Inc.','NYR','41 Madison Avenue','16th Floor','New York','NY','10010','USA','212-251-1011','212-251-1012','','NYR',1,0),(33,'Accord/OKC, LLC','OKG','11719 Bee Cave Road','Suite 301','Austin','TX','78738','USA','310-600-1880','323-512-0105','','OKG',1,0),(34,'Accord/OLI Members, LLC','OL2','11719 Bee Cave Road','Suite 301','Austin','TX','78738','USA','512-600-1880','323-512-0105','','OL2',1,0),(35,'Accord/OLI Equity, LLC','OLE','11719 Bee Cave Road','Suite 301','Austin','TX','78738','USA','512-600-1880','323-512-0105','','OLE',1,0),(36,'231 W Olive Partners, Ltd','OLI','11719 Bee Cave Road','Suite 301','Austin','TX','78738','USA','512-600-1880','323-512-0105','','OLI',1,0),(37,'Accord/PAC Members, LLC','PAC','11719 Bee Cave Road','Suite 301','Austin','TX','78738','USA','512-600-1880','323-512-0105','','PAC',1,0),(38,'BH Rexford Group, Inc.','REX Owners Association','11719 Bee Cave Road','Suite 301','Austin','TX','78738','USA','512-600-1880','323-512-0105','','REH',1,0),(39,'SAT Isola Equity, LLC','SAE','11719 Bee Cave Road','Suite 301','Austin','TX','78738','USA','310-600-1880','323-512-0105','','SAE',1,0),(40,'SAT Isola Manager, LLC','SAG','11719 Bee Cave Road','Suite 301','Austin','TX','78738','USA','310-600-1880','323-512-0105','','SAG',1,0),(41,'SAT Isola Partners, LP','SAT','11719 Bee Cave Road','Suite 301','Austin','TX','78738','USA','310-600-1880','323-512-0105','','SAT',1,0),(42,'Texas Cedars, Ltd.','Tucasa','11719 Bee Cave Road','Suite 301','Austin','TX','78738','USA','310-600-1880','323-512-0105','','TUC',1,1),(43,'Tucasa Corporation','TUG','11719 Bee Cave Road','Suite 301','Austin','TX','78738','USA','310-600-1880','323-512-0105','','TUG',1,0),(44,'L\'Objet USA, LLC','L\'Objet USA','3515 Conflans Road','','Irving','TX','75061','USA','972-986-9575','972-767-4014','','USA',1,1),(45,'Accord/VAU Members, LLC','VAU','11719 Bee Cave Road','Suite 301','Austin','TX','78738','USA','310-600-1880','323-512-0105','','VAU',1,0),(46,'Accord/WIL Members, LLC','WIL','11719 Bee Cave Road','Suite 301','Austin','TX','78738','USA','310-600-1880','323-512-0105','','WIL',1,0),(47,'Accord Group, Inc.','Accord Group','','','','','','','','','','AGI',0,0),(48,'Accord Valet Services, LLC','Accord Valet','','','','','','','','','','AVS',0,0),(49,'Burbank Commerce Centre Industrial, Inc.','BCC','','','','','','','','','','BCC',0,0),(50,'Accord/BEV, LLC','BEG','','','','','','','','','','BEG',0,0),(51,'Accord/BEV Associates, L.P.','BEV','','','','','','','','','','BEV',0,0),(52,'Cedar Interests, Inc.','Cedar Properties','','','','','','','','','','CII',0,0),(53,'Accord/CLY, LLC','CLG','','','','','','','','','','CLG',0,0),(54,'Accord/CLY Members, LLC','CLY','','','','','','','','','','CLY',0,0),(55,'Accord/HOL Members, LLC','HOL','','','','','','','','','','HOL',0,0),(56,'JGM Family Trust 2','JT2','','','','','','','','','','JT2',0,0),(57,'Karl Louis Sternbaum','KLS','','','','','','','','','','KLS',0,0),(58,'Estate of Karl Sternbaum','KSE','','','','','','','','','','KSE',0,0),(59,'KLS Family Trust 1','KS1','','','','','','','','','','KT1',0,0),(60,'MANCO','MCO','','','','','','','','','','MCO',0,0),(61,'Mill Creek Group, Ltd. Co.','Mill Creek','','','','','','','','','','MCT',0,0),(62,'Maxxe Sternbaum Life Insurance Trust','Maxxes Life Insurance Trust','','','','','','','','','','MSL',0,0),(63,'Accord/NE2, LLC','NE2','','','','','','','','','','NE2',0,0),(64,'Accord/NEW Manager, LLC','NEG','','','','','','','','','','NEG',0,0),(65,'Accord/PAS, LLC','PAG','','','','','','','','','','PAG',0,0),(66,'Pasadena Hotel Associates, LLC','PAS','','','','','','','','','','PAS',0,0),(67,'Radford Place Associates','Radford','','','','','','','','','','RPA',0,0),(68,'Accord/SHO, LLC','SHG','','','','','','','','','','SHG',0,0),(69,'Accord/SHO Members, LLC','SHO','','','','','','','','','','SHO',0,0),(70,'Accord/SIE, LLC','SIE','','','','','','','','','','SIE',0,0),(71,'Sternbaum General Partnership','STE','','','','','','','','','','STE',0,0),(72,'Accord/VAU, LLC','VAG','','','','','','','','','','VAG',0,0),(73,'Accord/VIL, LLC','VIG','','','','','','','','','','VIG',0,0),(74,'Accord/VIL Members, LLC','VIL','','','','','','','','','','VIL',0,0),(75,'Accord/WIL, LLC','WIG','','','','','','','','','','WIG',0,0);
/*!40000 ALTER TABLE `companies` ENABLE KEYS */;
UNLOCK TABLES;

--
-- Table structure for table `compensation`
--

DROP TABLE IF EXISTS `compensation`;
/*!40101 SET @saved_cs_client     = @@character_set_client */;
/*!40101 SET character_set_client = utf8 */;
CREATE TABLE `compensation` (
  `uid` mediumint(9) NOT NULL,
  `type` mediumint(9) NOT NULL
) ENGINE=InnoDB DEFAULT CHARSET=utf8;
/*!40101 SET character_set_client = @saved_cs_client */;

--
-- Dumping data for table `compensation`
--

LOCK TABLES `compensation` WRITE;
/*!40000 ALTER TABLE `compensation` DISABLE KEYS */;
INSERT INTO `compensation` VALUES (58,2),(147,1),(120,2),(139,0),(192,1),(130,0),(131,0),(38,1),(142,2),(81,2),(87,0),(4,4),(42,2),(47,2),(193,1),(112,0),(162,0),(54,0),(90,0),(116,4),(190,2),(209,1),(3,2),(30,2),(60,0),(96,2),(5,0),(53,2),(68,0),(73,1),(16,0),(40,2),(211,1),(22,2),(148,0),(182,0),(200,1),(98,2),(9,2),(167,0),(80,0),(95,0),(99,2),(157,0),(169,2),(105,2),(8,0),(23,4),(106,2),(176,4),(17,2),(83,2),(89,1),(175,1),(177,0),(202,1),(21,2),(63,0),(77,2),(104,0),(32,0),(181,2),(55,1),(66,0),(71,2),(180,0),(183,0),(29,2),(78,0),(115,0),(164,0),(191,1),(93,2),(158,0),(19,1),(179,0),(117,0),(172,2),(25,0),(94,4),(101,4),(178,0),(13,2),(28,0),(208,1),(49,2),(195,2),(108,0),(118,0),(45,4),(70,2),(170,0),(174,0),(102,0),(121,0),(156,2),(166,0),(187,4),(137,0),(18,0),(196,2),(2,0),(62,0),(64,0),(155,0),(1,0),(59,1),(184,0),(194,2),(20,2),(133,2),(146,1),(198,1),(69,4),(76,2),(171,0),(145,2),(197,2),(33,0),(111,2),(109,2),(122,2),(188,2),(210,1),(127,0),(132,4),(43,0),(207,1),(138,0),(201,1),(140,0),(199,1),(7,0),(61,0),(126,2),(152,0),(151,0),(35,0),(41,4),(185,2),(11,0),(91,0),(123,0),(165,0),(86,0),(189,2),(48,0),(82,2),(85,1),(39,0),(134,0),(136,2),(24,2),(31,0),(56,2),(15,0),(27,2),(114,2),(168,0),(26,2),(124,2),(206,1),(143,0),(113,0),(203,1),(205,2),(10,4),(150,0),(75,0),(97,2),(141,1),(153,0),(128,0),(149,1),(34,2),(57,2),(72,2),(110,2),(163,1),(79,0),(204,2),(37,2),(50,2),(125,2),(12,0),(52,4),(135,0),(46,2),(67,0),(84,0),(119,0),(65,0),(160,2),(161,2),(6,0),(36,0),(74,0),(100,2),(129,4),(159,0),(173,1),(88,2),(92,0),(103,1),(186,2),(144,4),(154,0),(14,2),(44,0),(51,2),(107,0);
/*!40000 ALTER TABLE `compensation` ENABLE KEYS */;
UNLOCK TABLES;

--
-- Table structure for table `deductions`
--

DROP TABLE IF EXISTS `deductions`;
/*!40101 SET @saved_cs_client     = @@character_set_client */;
/*!40101 SET character_set_client = utf8 */;
CREATE TABLE `deductions` (
  `uid` mediumint(9) NOT NULL,
  `deduction` int(11) NOT NULL
) ENGINE=InnoDB DEFAULT CHARSET=utf8;
/*!40101 SET character_set_client = @saved_cs_client */;

--
-- Dumping data for table `deductions`
--

LOCK TABLES `deductions` WRITE;
/*!40000 ALTER TABLE `deductions` DISABLE KEYS */;
INSERT INTO `deductions` VALUES (3,11),(4,11),(4,9),(4,4),(9,11),(9,9),(9,4),(9,8),(10,11),(10,9),(10,4),(13,11),(13,9),(13,4),(14,11),(14,9),(14,4),(14,8),(17,11),(19,11),(19,9),(19,4),(20,11),(20,9),(20,4),(21,11),(21,9),(21,4),(21,1),(22,11),(22,8),(23,11),(23,9),(23,4),(24,11),(24,9),(24,4),(24,8),(26,11),(26,8),(27,11),(29,11),(29,9),(29,4),(30,11),(30,9),(30,4),(30,6),(34,11),(34,9),(34,4),(34,3),(34,8),(37,11),(37,9),(37,4),(37,10),(37,8),(38,11),(38,9),(38,4),(40,11),(40,9),(40,4),(41,11),(41,9),(41,4),(42,11),(42,9),(42,4),(45,11),(45,9),(45,4),(46,11),(46,9),(46,4),(46,1),(47,11),(47,9),(47,4),(47,1),(49,11),(49,9),(49,4),(50,11),(51,11),(52,11),(53,11),(53,9),(53,4),(55,11),(55,9),(55,4),(55,5),(55,1),(56,11),(56,9),(56,4),(57,11),(57,9),(57,4),(57,8),(58,11),(58,9),(58,4),(59,11),(59,9),(59,4),(59,8),(69,11),(69,9),(69,4),(70,11),(70,9),(70,4),(71,11),(72,11),(73,11),(73,9),(73,4),(76,11),(76,9),(76,4),(76,8),(77,11),(77,9),(77,4),(81,11),(81,9),(81,4),(81,3),(82,11),(82,9),(82,4),(83,11),(83,9),(83,4),(85,11),(88,11),(89,11),(89,9),(89,4),(89,8),(93,11),(94,11),(94,9),(94,4),(96,11),(96,9),(96,4),(96,8),(99,11),(99,8),(100,11),(101,11),(101,9),(101,4),(103,11),(103,9),(103,4),(105,11),(105,8),(109,11),(109,9),(109,4),(110,11),(110,9),(110,4),(111,11),(111,9),(111,4),(111,8),(114,11),(114,9),(114,4),(116,11),(116,9),(116,4),(120,11),(122,11),(124,11),(124,9),(124,4),(124,8),(125,11),(125,9),(125,4),(126,11),(126,9),(126,4),(126,8),(129,11),(129,9),(129,4),(132,11),(132,9),(132,4),(133,11),(133,9),(133,4),(136,11),(141,11),(141,9),(141,4),(142,11),(142,9),(142,4),(142,8),(144,11),(144,9),(144,4),(145,11),(146,11),(146,9),(146,4),(146,5),(147,11),(147,9),(147,4),(149,11),(156,11),(156,9),(156,4),(156,8),(160,11),(161,11),(163,11),(163,9),(163,4),(169,11),(169,8),(172,11),(172,3),(173,11),(173,9),(173,4),(173,8),(175,11),(175,9),(175,4),(176,11),(176,9),(176,4),(181,11),(181,8),(185,11),(185,8),(186,11),(186,9),(186,4),(186,8),(187,11),(187,9),(187,4),(188,11),(188,9),(188,4),(188,8),(188,3),(189,11),(189,9),(189,4),(189,8),(190,11),(191,11),(191,4),(191,9),(191,7),(191,5),(192,11),(192,1),(193,11),(193,1),(194,11),(195,11),(196,11),(197,11),(197,4),(197,9),(197,7),(197,1),(198,11),(198,4),(198,9),(199,11),(200,11),(200,4),(200,9),(200,7),(201,11),(201,4),(201,9),(201,7),(201,10),(202,11),(202,4),(202,9),(202,7),(202,5),(202,1),(203,11),(203,4),(203,9),(203,7),(204,11),(204,8),(205,11),(205,4),(205,9),(205,7),(205,8),(206,11),(206,4),(206,9),(206,7),(206,5),(206,1),(206,2),(207,11),(207,4),(207,9),(207,7),(207,5),(207,1),(207,2),(208,11),(209,11),(210,11),(211,11);
/*!40000 ALTER TABLE `deductions` ENABLE KEYS */;
UNLOCK TABLES;

--
-- Table structure for table `departments`
--

DROP TABLE IF EXISTS `departments`;
/*!40101 SET @saved_cs_client     = @@character_set_client */;
/*!40101 SET character_set_client = utf8 */;
CREATE TABLE `departments` (
  `deptcode` mediumint(9) NOT NULL AUTO_INCREMENT,
  `name` varchar(25) DEFAULT NULL,
  PRIMARY KEY (`deptcode`)
) ENGINE=InnoDB AUTO_INCREMENT=17 DEFAULT CHARSET=utf8;
/*!40101 SET character_set_client = @saved_cs_client */;

--
-- Dumping data for table `departments`
--

LOCK TABLES `departments` WRITE;
/*!40000 ALTER TABLE `departments` DISABLE KEYS */;
INSERT INTO `departments` VALUES (1,'Administrative'),(2,'Capital Improvements'),(3,'Courtesy Patrol'),(4,'Customer Service'),(5,'Fitness Center'),(6,'Food & Beverage'),(7,'Guest Services'),(8,'Housekeeping'),(9,'Landscaping'),(10,'Maintenance'),(11,'Product Development'),(12,'Product Sales'),(13,'Serviced Apt Sales'),(14,'Trad Apt Sales'),(15,'Unknown'),(16,'Warehouse');
/*!40000 ALTER TABLE `departments` ENABLE KEYS */;
UNLOCK TABLES;

--
-- Table structure for table `jobtitles`
--

DROP TABLE IF EXISTS `jobtitles`;
/*!40101 SET @saved_cs_client     = @@character_set_client */;
/*!40101 SET character_set_client = utf8 */;
CREATE TABLE `jobtitles` (
  `jobcode` mediumint(9) NOT NULL AUTO_INCREMENT,
  `Title` varchar(40) DEFAULT NULL,
  `DeptCode` mediumint(9) DEFAULT NULL,
  PRIMARY KEY (`jobcode`)
) ENGINE=InnoDB AUTO_INCREMENT=83 DEFAULT CHARSET=utf8;
/*!40101 SET character_set_client = @saved_cs_client */;

--
-- Dumping data for table `jobtitles`
--

LOCK TABLES `jobtitles` WRITE;
/*!40000 ALTER TABLE `jobtitles` DISABLE KEYS */;
INSERT INTO `jobtitles` VALUES (1,'Accounting Assistant',1),(2,'Accounting Associate',1),(3,'Accounting Manager',1),(4,'Administrative Assistant',1),(5,'Assistant Manager',1),(6,'Associate Developer',1),(7,'Chief Executive Officer',1),(8,'Chief Financial Officer',1),(9,'Chief Operating Officer',1),(10,'Chief Technology Officer',1),(11,'General Manager',1),(12,'HR & Payroll Manager',1),(13,'Intern',1),(14,'Night Auditor',1),(15,'Office Manager',1),(16,'Procurement Specialist',1),(17,'Special Projects Associate',1),(18,'Director of Procurements',1),(19,'Call Center Associate',0),(20,'Call Center Manager',0),(21,'Courtesy Patrol Driver',3),(22,'Courtesy Patrol Manager',3),(23,'Courtesy Patrol Officer',3),(24,'Courtesy Patrol Supervisor',3),(25,'Designer',0),(26,'Creative Director',0),(27,'Development Coordinator',0),(28,'Director of Fragrence',0),(29,'Director of Sales',0),(30,'Principal',0),(31,'Studio Manager',0),(32,'Visual Arts Director',0),(33,'Fitness Center Attendant',5),(34,'Fitness Center Manager',5),(35,'Food and Beverage Manager',5),(36,'Executive Chef',6),(37,'Food & Bev Associate',6),(38,'Bar Manager',6),(39,'Bartender',6),(40,'Host',6),(41,'Waitstaff',6),(42,'Guest Services Associate',7),(43,'Concierge Manager',7),(44,'Concierge',7),(45,'Guest Services Manager',7),(46,'Housekeeping Manager',8),(47,'Housekeeping Supervisor',8),(48,'Common Area Housekeeper',8),(49,'Laundry Associate',8),(50,'Laundry Attendant',8),(51,'Serviced Apt Housekeeper',8),(52,'Svc Apt Housekeeping Associate',8),(53,'Traditional Apt Housekeeper',8),(54,'Grounds Associate',9),(55,'Grounds Supervisor',9),(56,'Maintenance Associate',10),(57,'Maintenance Manager',10),(58,'Maintenance Supervisor',10),(59,'Makeready Associate',10),(60,'Cap Improvement Associate',10),(61,'Cap Improvement Supervisor',10),(62,'Customer Service Associate',0),(63,'Customer Service Manager',0),(64,'Product Sales Associate',0),(65,'Product Sales Manager',0),(66,'National Accounts Manager',0),(67,'Leasing Associate',14),(68,'Leasing Manager',14),(69,'Packer',16),(70,'Repair Room Staff',16),(71,'Seasonal Associate',16),(72,'Checker',16),(73,'Warehouse Associate',16),(74,'Warehouse Manager',16),(75,'Warehouse Supervisor',16),(76,'Retail Clerk',0),(77,'Store Manager',0),(78,'Asst Store Manager',0),(79,'Traditional Apt Housekeeping Assoc',8),(80,'Makeready Technician',0),(81,'Serviced Apt Sales Associate',0),(82,'Unknown',0);
/*!40000 ALTER TABLE `jobtitles` ENABLE KEYS */;
UNLOCK TABLES;

--
-- Table structure for table `people`
--

DROP TABLE IF EXISTS `people`;
/*!40101 SET @saved_cs_client     = @@character_set_client */;
/*!40101 SET character_set_client = utf8 */;
CREATE TABLE `people` (
  `LastName` varchar(25) DEFAULT NULL,
  `FirstName` varchar(25) DEFAULT NULL,
  `MiddleName` varchar(25) DEFAULT NULL,
  `Salutation` varchar(10) DEFAULT NULL,
  `Class` varchar(25) DEFAULT NULL,
  `PositionControlNumber` varchar(10) DEFAULT NULL,
  `Email` varchar(35) DEFAULT NULL,
  `OfficePhone` varchar(25) DEFAULT NULL,
  `OfficeFax` varchar(25) DEFAULT NULL,
  `CellPhone` varchar(25) DEFAULT NULL,
  `PrimaryEmail` varchar(35) DEFAULT NULL,
  `SecondaryEmail` varchar(35) DEFAULT NULL,
  `birthMonth` tinyint(4) DEFAULT NULL,
  `birthDoM` tinyint(4) DEFAULT NULL,
  `HomeStreetAddress` varchar(35) DEFAULT NULL,
  `HomeStreetAddress2` varchar(25) DEFAULT NULL,
  `HomeCity` varchar(25) DEFAULT NULL,
  `HomeState` char(2) DEFAULT NULL,
  `HomePostalCode` varchar(10) DEFAULT NULL,
  `HomeCountry` varchar(25) DEFAULT NULL,
  `uid` mediumint(9) NOT NULL AUTO_INCREMENT,
  `jobcode` mediumint(9) DEFAULT NULL,
  `hire` date DEFAULT NULL,
  `termination` date DEFAULT NULL,
  `mgruid` mediumint(9) NOT NULL,
  `deptcode` mediumint(9) DEFAULT NULL,
  `cocode` mediumint(9) DEFAULT NULL,
  `StateOfEmployment` varchar(25) NOT NULL,
  `CountryOfEmployment` varchar(25) NOT NULL,
  `PreferredName` varchar(25) NOT NULL,
  `EmergencyContactName` varchar(25) NOT NULL,
  `EmergencyContactPhone` varchar(25) NOT NULL,
  `status` smallint(6) NOT NULL,
  `EligibleForRehire` smallint(6) NOT NULL,
  `AcceptedHealthInsurance` smallint(6) NOT NULL,
  `AcceptedDentalInsurance` smallint(6) NOT NULL,
  `Accepted401K` smallint(6) NOT NULL,
  `LastReview` date DEFAULT NULL,
  `NextReview` date DEFAULT NULL,
  `username` varchar(20) DEFAULT NULL,
  `passhash` char(128) DEFAULT NULL,
  PRIMARY KEY (`uid`)
) ENGINE=InnoDB AUTO_INCREMENT=212 DEFAULT CHARSET=utf8;
/*!40101 SET character_set_client = @saved_cs_client */;

--
-- Dumping data for table `people`
--

LOCK TABLES `people` WRITE;
/*!40000 ALTER TABLE `people` DISABLE KEYS */;
INSERT INTO `people` VALUES ('Acuna','Doris','','','','','','','','','','',10,21,'2400 S Macarther','Lote-321','Oklahoma City','OK','73128','',1,0,'2014-07-12','2014-07-24',0,0,23,'','','','','',0,1,0,0,0,'0000-00-00','0000-00-00','dacuna','76498229db1024a919bbbebc3ce6feb702ed3cb6f115926ac5a677b43f387ba3c169dce72c75793f0e5301fe616a3645f71e011f4b21eb0dee6ec849c6d9d42d'),('Adams','Chase','','','OK:OKC:FDBEV','','','','','','','',1,15,'5961 N Seminole Rd','','Oklahoma City','OK','73132','',2,42,'2014-02-26','2014-09-05',0,7,20,'','','','','',0,0,0,0,0,'0000-00-00','0000-00-00','cadams','76498229db1024a919bbbebc3ce6feb702ed3cb6f115926ac5a677b43f387ba3c169dce72c75793f0e5301fe616a3645f71e011f4b21eb0dee6ec849c6d9d42d'),('Agers','Veronica','','','OK:OKC:GSERV','1066','','','','','bizee1roni-cagers@snet.net','',10,23,'12600 N MacArthur Blvd','Apt 1619','Oklahoma City','OK','73142','',3,42,'2015-08-10','0000-00-00',49,0,20,'','','','','',1,1,2,2,0,'0000-00-00','0000-00-00','vagers','76498229db1024a919bbbebc3ce6feb702ed3cb6f115926ac5a677b43f387ba3c169dce72c75793f0e5301fe616a3645f71e011f4b21eb0dee6ec849c6d9d42d'),('Aguinaga','Maria','','','OK:OKC:HSKPG','79','','','','','','',12,1,'2139 NW 12th','','Oklahoma City','OK','73112','',4,52,'2011-08-13','0000-00-00',146,0,20,'','','','','',1,1,1,1,0,'0000-00-00','0000-00-00','maguinaga','76498229db1024a919bbbebc3ce6feb702ed3cb6f115926ac5a677b43f387ba3c169dce72c75793f0e5301fe616a3645f71e011f4b21eb0dee6ec849c6d9d42d'),('Aguinaga','Maria0','','','OK:OKC:HSKPG','79','','','','','','',12,10,'2504 NW 33rd St','','Oklahoma City','OK','73112','',5,0,'2011-08-13','2015-04-29',146,0,20,'','','','','',0,1,0,0,0,'0000-00-00','0000-00-00','maguinaga1','76498229db1024a919bbbebc3ce6feb702ed3cb6f115926ac5a677b43f387ba3c169dce72c75793f0e5301fe616a3645f71e011f4b21eb0dee6ec849c6d9d42d'),('Alston','Alivia','','','','','','','','','','',11,4,'6604 W. Edenborough Dr','Apt 210','Oklahoma City','OK','73132','',6,0,'2014-02-24','2014-03-09',0,0,20,'','','','','',0,1,0,0,0,'0000-00-00','0000-00-00','aalston','76498229db1024a919bbbebc3ce6feb702ed3cb6f115926ac5a677b43f387ba3c169dce72c75793f0e5301fe616a3645f71e011f4b21eb0dee6ec849c6d9d42d'),('Archan','Maria','','','OK:OKC:HSKPG','','','','','','','',7,2,'2309 SW 35th St','','Oklahoma City','OK','73119','',7,0,'2010-07-23','2014-03-11',0,0,20,'','','','','',0,0,0,0,0,'0000-00-00','0000-00-00','marchan','76498229db1024a919bbbebc3ce6feb702ed3cb6f115926ac5a677b43f387ba3c169dce72c75793f0e5301fe616a3645f71e011f4b21eb0dee6ec849c6d9d42d'),('Archan','Yiovana','','','OK:OKC:HSKPG','','','','','','','',12,21,'1115 SW 31st','','Oklahoma City','OK','73109','',8,0,'2011-12-20','2014-03-24',0,0,20,'','','','','',0,0,0,0,0,'0000-00-00','0000-00-00','yarchan','76498229db1024a919bbbebc3ce6feb702ed3cb6f115926ac5a677b43f387ba3c169dce72c75793f0e5301fe616a3645f71e011f4b21eb0dee6ec849c6d9d42d'),('Arriola','Brandi','','','OK:OKC:LSGSAL','832','','','','','','',9,23,'6804 Lyrewood Ln','Apt 95','Oklahoma City','OK','73132','',9,42,'2014-08-13','0000-00-00',49,7,20,'','','','','',1,1,1,1,0,'0000-00-00','0000-00-00','barriola','76498229db1024a919bbbebc3ce6feb702ed3cb6f115926ac5a677b43f387ba3c169dce72c75793f0e5301fe616a3645f71e011f4b21eb0dee6ec849c6d9d42d'),('Avalos','Yuridia','','','OK:OKC:HSKPG','783','','','','','','',5,31,'5004 S Eastern','#402','Oklahoma City','OK','73129','',10,0,'2012-09-29','0000-00-00',146,0,20,'','','','','',1,1,1,1,0,'0000-00-00','0000-00-00','yavalos','76498229db1024a919bbbebc3ce6feb702ed3cb6f115926ac5a677b43f387ba3c169dce72c75793f0e5301fe616a3645f71e011f4b21eb0dee6ec849c6d9d42d'),('Avery','Tina','','','OK:OKC:FDBEV','1005','','','','','','',2,24,'6708 Lyrewood Ln','Apt 64','Oklahoma City','OK','73132','',11,0,'2014-10-15','2015-02-21',0,0,20,'','','','','',0,0,0,0,0,'0000-00-00','0000-00-00','tavery','76498229db1024a919bbbebc3ce6feb702ed3cb6f115926ac5a677b43f387ba3c169dce72c75793f0e5301fe616a3645f71e011f4b21eb0dee6ec849c6d9d42d'),('Barker Jr','Jobe','','','','','','','','','','',5,29,'7168 Lyrewood Ln','Apt 275','Oklahoma City','OK','73132','',12,0,'2014-06-01','2014-09-02',0,0,20,'','','','','',0,0,0,0,0,'0000-00-00','0000-00-00','jbarker','76498229db1024a919bbbebc3ce6feb702ed3cb6f115926ac5a677b43f387ba3c169dce72c75793f0e5301fe616a3645f71e011f4b21eb0dee6ec849c6d9d42d'),('Becerra','Cristina','','','OK:OKC:HSKPG','604','','','','','','',7,6,'7134 Lyrewood Ln','','Oklahoma City','OK','73112','',13,0,'2010-05-19','0000-00-00',146,0,20,'','','','','',1,1,1,1,0,'0000-00-00','0000-00-00','cbecerra','76498229db1024a919bbbebc3ce6feb702ed3cb6f115926ac5a677b43f387ba3c169dce72c75793f0e5301fe616a3645f71e011f4b21eb0dee6ec849c6d9d42d'),('Becerra','Maria','','','OK:OKC:HSKPG','624','','','','','','',9,9,'6904 Lyrewood Lane','Apt 157','Oklahoma City','OK','73132','',14,50,'2010-07-25','0000-00-00',146,0,20,'','','','','',1,1,1,1,0,'0000-00-00','0000-00-00','mbecerra','76498229db1024a919bbbebc3ce6feb702ed3cb6f115926ac5a677b43f387ba3c169dce72c75793f0e5301fe616a3645f71e011f4b21eb0dee6ec849c6d9d42d'),('Betancort','Erika','','','','','','','','','','',4,17,'1928 NW 10th St','','Oklahoma City','OK','73106','',15,0,'2014-04-30','2014-05-08',0,0,20,'','','','','',0,1,0,0,0,'0000-00-00','0000-00-00','ebetancort','76498229db1024a919bbbebc3ce6feb702ed3cb6f115926ac5a677b43f387ba3c169dce72c75793f0e5301fe616a3645f71e011f4b21eb0dee6ec849c6d9d42d'),('Bird','Lindsey','','','OK:OKC:FDBEV','','','','','','','',10,31,'1317 Kenilworth Rd','','Oklahoma City','OK','73120','',16,0,'2014-10-14','2014-10-27',0,0,20,'','','','','',0,0,0,0,0,'0000-00-00','0000-00-00','lbird','76498229db1024a919bbbebc3ce6feb702ed3cb6f115926ac5a677b43f387ba3c169dce72c75793f0e5301fe616a3645f71e011f4b21eb0dee6ec849c6d9d42d'),('Bradley','Seth','','','OK:OKC:FDBEV','803','','','','','','',2,16,'7172 Lyrewood Lane','Apt 286','Oklahoma City','OK','73132','',17,39,'2014-05-05','0000-00-00',73,6,20,'','','','','',1,1,3,3,0,'0000-00-00','0000-00-00','sbradley','76498229db1024a919bbbebc3ce6feb702ed3cb6f115926ac5a677b43f387ba3c169dce72c75793f0e5301fe616a3645f71e011f4b21eb0dee6ec849c6d9d42d'),('Brazle','John','','','OK:OKC:MAINT','609','','','','','','',12,29,'6912 Lyrewood Ln','Apt 176','Oklahoma City','OK','73127','',18,0,'2010-05-26','2015-05-26',0,0,20,'','','','','',0,0,0,0,0,'0000-00-00','0000-00-00','jbrazle','76498229db1024a919bbbebc3ce6feb702ed3cb6f115926ac5a677b43f387ba3c169dce72c75793f0e5301fe616a3645f71e011f4b21eb0dee6ec849c6d9d42d'),('Brogan','Terence','','','TX:AII:ACCTG','786','','','','','','',5,23,'1805 Forest Hill Dr','','Austin','TX','78745','',19,8,'2014-03-10','0000-00-00',73,1,4,'','','','','',1,1,1,1,0,'0000-00-00','0000-00-00','tbrogan','76498229db1024a919bbbebc3ce6feb702ed3cb6f115926ac5a677b43f387ba3c169dce72c75793f0e5301fe616a3645f71e011f4b21eb0dee6ec849c6d9d42d'),('Buz','Patricia','','','OK:OKC:HSKPG','700','','','','','','',2,14,'7400 NW 7th','','Oklahoma City','OK','73127','',20,52,'2012-09-12','0000-00-00',146,0,20,'','','','','',1,1,1,1,0,'0000-00-00','0000-00-00','pbuz','76498229db1024a919bbbebc3ce6feb702ed3cb6f115926ac5a677b43f387ba3c169dce72c75793f0e5301fe616a3645f71e011f4b21eb0dee6ec849c6d9d42d'),('Cardona','Isaac','','','TX:USA:WRHSE','434','','','','','','',5,26,'12608 Panorama Dr','','Burleson','TX','76028','',21,75,'2006-08-14','0000-00-00',199,16,0,'','','','','',1,1,1,1,0,'0000-00-00','0000-00-00','icardona','76498229db1024a919bbbebc3ce6feb702ed3cb6f115926ac5a677b43f387ba3c169dce72c75793f0e5301fe616a3645f71e011f4b21eb0dee6ec849c6d9d42d'),('Carrington','Imania','','','OK:OKC:GRNDS','1067','','','','','','',5,18,'7008 Lyrewood Lane','Apt 205','Oklahoma City','OK','73132','',22,54,'2015-08-14','0000-00-00',82,9,20,'','','','','',1,1,2,2,0,'0000-00-00','0000-00-00','icarrington','76498229db1024a919bbbebc3ce6feb702ed3cb6f115926ac5a677b43f387ba3c169dce72c75793f0e5301fe616a3645f71e011f4b21eb0dee6ec849c6d9d42d'),('Castillo','Anali','','','OK:OKC:HSKPG','118','','','','','','',12,9,'7014 NW 74TH','','BETHANY','OK','73008','',23,52,'2012-07-02','0000-00-00',146,0,20,'','','','','',1,1,1,1,0,'0000-00-00','0000-00-00','acastillo','76498229db1024a919bbbebc3ce6feb702ed3cb6f115926ac5a677b43f387ba3c169dce72c75793f0e5301fe616a3645f71e011f4b21eb0dee6ec849c6d9d42d'),('Chadwick','Lisa','','','OK:OKC:PHONE','782','','','','','','',4,5,'6608 Lyrewood','Apt 019','Oklahoma City','OK','73132','',24,20,'2012-09-24','0000-00-00',207,0,20,'','','','','',1,1,1,1,0,'0000-00-00','0000-00-00','lchadwick','76498229db1024a919bbbebc3ce6feb702ed3cb6f115926ac5a677b43f387ba3c169dce72c75793f0e5301fe616a3645f71e011f4b21eb0dee6ec849c6d9d42d'),('Chandler','Kevin','','','OK:OKC:CPATR','1049','','','','','kchandler5@uco.edu','',10,24,'930 S. Blvd #108','','Edmond','OK','73034','',25,0,'2015-07-08','2015-07-27',0,0,20,'','','','','',0,1,0,0,0,'0000-00-00','0000-00-00','kchandler','76498229db1024a919bbbebc3ce6feb702ed3cb6f115926ac5a677b43f387ba3c169dce72c75793f0e5301fe616a3645f71e011f4b21eb0dee6ec849c6d9d42d'),('Compton','Christopher','','','OK:OKC:GRNDS','1040','','','','','chriscompton0140@gmail.com','',5,4,'1111 N St Charles #8','','Oklahoma City','OK','73127','',26,54,'2015-06-03','0000-00-00',82,9,20,'','','','','',1,1,1,1,0,'0000-00-00','0000-00-00','ccompton','76498229db1024a919bbbebc3ce6feb702ed3cb6f115926ac5a677b43f387ba3c169dce72c75793f0e5301fe616a3645f71e011f4b21eb0dee6ec849c6d9d42d'),('Coury','Joseph','','','TX:AII:ACCTG','1056','','','','','couryjj@gmail.com','',2,22,'5417 Cypress Ranch Blvd','','Spicewood','TX','78669','',27,16,'2015-07-29','0000-00-00',19,1,4,'','','','','',1,1,1,1,0,'0000-00-00','0000-00-00','jcoury','76498229db1024a919bbbebc3ce6feb702ed3cb6f115926ac5a677b43f387ba3c169dce72c75793f0e5301fe616a3645f71e011f4b21eb0dee6ec849c6d9d42d'),('Davis','Jeremy','','','','','','','','','','',7,7,'9216 NE 46 Street','','Spencer','OK','73089','',28,0,'2013-10-30','2014-07-02',0,0,20,'','','','','',0,1,0,0,0,'0000-00-00','0000-00-00','jdavis','76498229db1024a919bbbebc3ce6feb702ed3cb6f115926ac5a677b43f387ba3c169dce72c75793f0e5301fe616a3645f71e011f4b21eb0dee6ec849c6d9d42d'),('Davis','Sonia','','','TX:TUC:ADMIN','277','','','','','','',2,14,'5202 Eagle Heights Dr','','Dallas','TX','75212','',29,5,'2004-09-14','0000-00-00',201,1,42,'','','','','',1,1,1,1,0,'0000-00-00','0000-00-00','sdavis','76498229db1024a919bbbebc3ce6feb702ed3cb6f115926ac5a677b43f387ba3c169dce72c75793f0e5301fe616a3645f71e011f4b21eb0dee6ec849c6d9d42d'),('Denson','Ashley','','','OK:OKC:ADMIN','720','','','','','','',5,15,'209 Tonhawa St','','Norman','OK','73069','',30,5,'2013-06-17','0000-00-00',207,0,20,'','','','','',1,1,1,1,0,'0000-00-00','0000-00-00','adenson','76498229db1024a919bbbebc3ce6feb702ed3cb6f115926ac5a677b43f387ba3c169dce72c75793f0e5301fe616a3645f71e011f4b21eb0dee6ec849c6d9d42d'),('Dixon','Billy','','','OK:OKC:CPATR','1048','','','','','broyce86@hotmail.com','',9,28,'12401 N MacArthur #2513','','Oklahoma City','OK','73142','',31,0,'2015-07-01','2015-07-09',0,0,20,'','','','','',0,0,0,0,0,'0000-00-00','0000-00-00','bdixon','76498229db1024a919bbbebc3ce6feb702ed3cb6f115926ac5a677b43f387ba3c169dce72c75793f0e5301fe616a3645f71e011f4b21eb0dee6ec849c6d9d42d'),('Doss','Derrick','','','OK:OKC:MAINT','515','','','','','','',5,4,'6321 West lane','','Oklahoma City','OK','73142','',32,0,'2009-03-30','2015-06-06',0,0,20,'','','','','',0,1,0,0,0,'0000-00-00','0000-00-00','ddoss','76498229db1024a919bbbebc3ce6feb702ed3cb6f115926ac5a677b43f387ba3c169dce72c75793f0e5301fe616a3645f71e011f4b21eb0dee6ec849c6d9d42d'),('Edgmon','Jessica','','','','','','','','','','',2,21,'6604 Lyrewood Ln','Apt 14','Oklahoma City','OK','73132','',33,0,'2013-08-05','2014-02-27',0,0,20,'','','','','',0,0,0,0,0,'0000-00-00','0000-00-00','jedgmon','76498229db1024a919bbbebc3ce6feb702ed3cb6f115926ac5a677b43f387ba3c169dce72c75793f0e5301fe616a3645f71e011f4b21eb0dee6ec849c6d9d42d'),('Edwards','David','','','OK:OKC:MAINT','702','','','','','','',4,22,'6606 Edenborough Dr  #115','','Oklahoma City','OK','73132','',34,58,'2012-09-12','0000-00-00',197,0,20,'','','','','',1,1,1,1,0,'0000-00-00','0000-00-00','dedwards','76498229db1024a919bbbebc3ce6feb702ed3cb6f115926ac5a677b43f387ba3c169dce72c75793f0e5301fe616a3645f71e011f4b21eb0dee6ec849c6d9d42d'),('Edwards','Jacob','','','OK:OKC:GRNDS','1050','','','','','EJake6969@gmail.com','',1,28,'6606 Edenbourgh Dr','Apt 115','Oklahoma City','OK','73132','',35,0,'2015-06-29','2015-08-14',82,0,20,'','','','','',0,1,0,0,0,'0000-00-00','0000-00-00','jedwards','76498229db1024a919bbbebc3ce6feb702ed3cb6f115926ac5a677b43f387ba3c169dce72c75793f0e5301fe616a3645f71e011f4b21eb0dee6ec849c6d9d42d'),('Edwards','Zachary','','','OK:OKC:GSERV','','','','','','','',5,10,'1020 Walsh Lane','','Yukon','OK','73099','',36,19,'2014-04-30','2014-10-18',0,0,20,'','','','','',0,0,0,0,0,'0000-00-00','0000-00-00','zedwards','76498229db1024a919bbbebc3ce6feb702ed3cb6f115926ac5a677b43f387ba3c169dce72c75793f0e5301fe616a3645f71e011f4b21eb0dee6ec849c6d9d42d'),('Espinoza','Maria','','','OK:OKC:FDBEV','584','','','','','','',2,11,'6900 Lyrewood Land','Apt 47','Oklahoma City','OK','73132','',37,0,'2010-01-25','0000-00-00',73,0,20,'','','','','',1,1,1,1,0,'0000-00-00','0000-00-00','mespinoza','76498229db1024a919bbbebc3ce6feb702ed3cb6f115926ac5a677b43f387ba3c169dce72c75793f0e5301fe616a3645f71e011f4b21eb0dee6ec849c6d9d42d'),('Estella','Milagros','','','TX:USA:ADMIN','511','','','','','','',11,19,'1203 David Drive','','Euless','TX','76040','',38,15,'2006-05-01','0000-00-00',199,1,20,'','','','','',1,1,1,1,0,'0000-00-00','0000-00-00','mestella','76498229db1024a919bbbebc3ce6feb702ed3cb6f115926ac5a677b43f387ba3c169dce72c75793f0e5301fe616a3645f71e011f4b21eb0dee6ec849c6d9d42d'),('Estrada','Ana','','','','','','','','','','',7,8,'5807 NW 36th','','Warr Acres','OK','73122','',39,0,'2010-09-25','2014-07-02',0,0,20,'','','','','',0,1,0,0,0,'0000-00-00','0000-00-00','aestrada','76498229db1024a919bbbebc3ce6feb702ed3cb6f115926ac5a677b43f387ba3c169dce72c75793f0e5301fe616a3645f71e011f4b21eb0dee6ec849c6d9d42d'),('Estrada','Jonathan','','','OK:OKC:CAPMP','1018','','','','','','',7,15,'3000 NW 15th Street','','Oklahoma City','OK','73107','',40,17,'2015-01-26','0000-00-00',206,1,20,'','','','','',1,1,1,1,0,'0000-00-00','0000-00-00','jestrada','76498229db1024a919bbbebc3ce6feb702ed3cb6f115926ac5a677b43f387ba3c169dce72c75793f0e5301fe616a3645f71e011f4b21eb0dee6ec849c6d9d42d'),('Estrada','Maria Consuelo','','','OK:OKC:HSKPG','93','','','','','','',11,4,'2139 NW 12th Street','','Oklahoma City','OK','73107','',41,0,'2011-12-24','0000-00-00',146,0,20,'','','','','',1,1,1,1,0,'0000-00-00','0000-00-00','mestrada','76498229db1024a919bbbebc3ce6feb702ed3cb6f115926ac5a677b43f387ba3c169dce72c75793f0e5301fe616a3645f71e011f4b21eb0dee6ec849c6d9d42d'),('Flores','Hector','','','OK:OKC:FDBEV','1016','','','','','','',3,19,'6159 NW 63rd','Apt B','Oklahoma City','OK','73132','',42,37,'2015-01-21','0000-00-00',73,0,20,'','','','','',1,1,1,1,0,'0000-00-00','0000-00-00','hflores','76498229db1024a919bbbebc3ce6feb702ed3cb6f115926ac5a677b43f387ba3c169dce72c75793f0e5301fe616a3645f71e011f4b21eb0dee6ec849c6d9d42d'),('Frazier','Sleece','','','','','','','','','','',11,17,'714 NE 17th','','Oklahoma City','OK','73105','',43,0,'2014-08-08','2014-09-19',0,0,20,'','','','','',0,0,0,0,0,'0000-00-00','0000-00-00','sfrazier','76498229db1024a919bbbebc3ce6feb702ed3cb6f115926ac5a677b43f387ba3c169dce72c75793f0e5301fe616a3645f71e011f4b21eb0dee6ec849c6d9d42d'),('Fulbright','Casey','','','','','','','','','','',10,26,'6416 Peniel','Apt 31','Oklahoma City','OK','73132','',44,0,'2014-01-06','2014-02-02',0,0,20,'','','','','',0,1,0,0,0,'0000-00-00','0000-00-00','cfulbright','76498229db1024a919bbbebc3ce6feb702ed3cb6f115926ac5a677b43f387ba3c169dce72c75793f0e5301fe616a3645f71e011f4b21eb0dee6ec849c6d9d42d'),('Garcia-Torres','Carmela','','','OK:OKC:HSKPG','701','','','','','','',3,20,'6217 NW 63rd #F','','Oklahoma City','OK','73132','',45,52,'2012-09-09','0000-00-00',146,0,20,'','','','','',1,1,1,1,0,'0000-00-00','0000-00-00','cgarcia','76498229db1024a919bbbebc3ce6feb702ed3cb6f115926ac5a677b43f387ba3c169dce72c75793f0e5301fe616a3645f71e011f4b21eb0dee6ec849c6d9d42d'),('Garcia','Jose','','','TX:USA:WRHSE','303','','','','','','',8,26,'214 W Union Bower','Apt #117','Irving','TX','75061','',46,73,'2006-12-11','0000-00-00',199,16,0,'','','','','',1,1,1,1,0,'0000-00-00','0000-00-00','jgarcia','76498229db1024a919bbbebc3ce6feb702ed3cb6f115926ac5a677b43f387ba3c169dce72c75793f0e5301fe616a3645f71e011f4b21eb0dee6ec849c6d9d42d'),('Garcia','Jose','','','TX:USA:WRHSE','588','','','','','','',5,30,'1502 Carl Road','#116','Irving','TX','75061','',47,73,'2007-10-17','0000-00-00',199,16,0,'','','','','',1,1,1,1,0,'0000-00-00','0000-00-00','jgarcia1','76498229db1024a919bbbebc3ce6feb702ed3cb6f115926ac5a677b43f387ba3c169dce72c75793f0e5301fe616a3645f71e011f4b21eb0dee6ec849c6d9d42d'),('Garrett','Alex','','','OK:OKC:GSERV','738','','','','','','',11,19,'6714 Elk Canyon Rd','','Oklahoma City','OK','73162','',48,44,'2013-09-16','2015-06-08',49,7,20,'','','','','',0,1,0,0,0,'0000-00-00','0000-00-00','agarrett','76498229db1024a919bbbebc3ce6feb702ed3cb6f115926ac5a677b43f387ba3c169dce72c75793f0e5301fe616a3645f71e011f4b21eb0dee6ec849c6d9d42d'),('Gibbs','Sheila','','','OK:OKC:GSERV','687','','','','','sgibbs@myisolabella.com','',11,21,'12612 Bannockburn Pl','','Oklahoma City','OK','73142','',49,43,'2009-09-29','0000-00-00',207,7,20,'','','','','',1,1,1,1,0,'0000-00-00','0000-00-00','sgibbs','76498229db1024a919bbbebc3ce6feb702ed3cb6f115926ac5a677b43f387ba3c169dce72c75793f0e5301fe616a3645f71e011f4b21eb0dee6ec849c6d9d42d'),('Gibbs','Sydni','','','OK:OKC:GSERV','1036','','','','','sydgibbs888@gmail.com','',9,22,'12612 Bannockburn Pl','','Oklahoma City','OK','73142','',50,42,'2015-06-01','0000-00-00',49,0,20,'','','','','',1,1,3,3,0,'0000-00-00','0000-00-00','sgibbs1','76498229db1024a919bbbebc3ce6feb702ed3cb6f115926ac5a677b43f387ba3c169dce72c75793f0e5301fe616a3645f71e011f4b21eb0dee6ec849c6d9d42d'),('Gilbert','Derek','','','OK:OKC:ADMIN','764','','','','','derekcallengilbert@gmail.com','',4,27,'PO Box 355','','Edmond','OK','73083','',51,2,'2015-07-23','0000-00-00',30,1,20,'','','','','',1,1,2,2,0,'0000-00-00','0000-00-00','dgilbert','76498229db1024a919bbbebc3ce6feb702ed3cb6f115926ac5a677b43f387ba3c169dce72c75793f0e5301fe616a3645f71e011f4b21eb0dee6ec849c6d9d42d'),('Gonzalez','Maria','','','OK:OKC:HSKPG','1070','','','','','','',2,11,'5913 NW 61st','','Warr Acres','OK','73122','',52,52,'2015-08-23','0000-00-00',146,0,20,'','','','','',1,1,2,2,0,'0000-00-00','0000-00-00','mgonzalez','76498229db1024a919bbbebc3ce6feb702ed3cb6f115926ac5a677b43f387ba3c169dce72c75793f0e5301fe616a3645f71e011f4b21eb0dee6ec849c6d9d42d'),('Graham','Brittney','','','OK:OKC:LSGSAL','821','','','','','','',3,19,'6608 Lyrewood Ln','Apt 24','Oklahoma City','OK','73132','',53,68,'2014-07-23','0000-00-00',207,0,20,'','','','','',1,1,1,1,0,'0000-00-00','0000-00-00','bgraham','76498229db1024a919bbbebc3ce6feb702ed3cb6f115926ac5a677b43f387ba3c169dce72c75793f0e5301fe616a3645f71e011f4b21eb0dee6ec849c6d9d42d'),('Griffin-Moore','Juan','','','OK:OKC:FDBEV','1017','','','','','jgriffinmoore@gmail.com','',5,12,'5560 Willow Cliff Rd','','Oklahoma City','OK','73122','',54,0,'2015-01-19','2015-01-21',73,0,20,'','','','','',0,0,0,0,0,'0000-00-00','0000-00-00','jgriffin','76498229db1024a919bbbebc3ce6feb702ed3cb6f115926ac5a677b43f387ba3c169dce72c75793f0e5301fe616a3645f71e011f4b21eb0dee6ec849c6d9d42d'),('Guerra','Lorena','','','TX:USA:ACCTG','629','','','','','','',9,30,'5736 Coventry Park Dr','','Haltom City','TX','76117','',55,2,'2010-09-13','0000-00-00',199,0,0,'','','','','',1,1,1,1,0,'0000-00-00','0000-00-00','lguerra','76498229db1024a919bbbebc3ce6feb702ed3cb6f115926ac5a677b43f387ba3c169dce72c75793f0e5301fe616a3645f71e011f4b21eb0dee6ec849c6d9d42d'),('Hall','Donal','','','OK:OKC:FDBEV','717','','','','','','',1,28,'6812 Lyrewood Lane #108','','Oklahoma City','OK','73132','',56,38,'2013-06-06','0000-00-00',73,6,20,'','','','','',1,1,1,1,0,'0000-00-00','0000-00-00','dhall','76498229db1024a919bbbebc3ce6feb702ed3cb6f115926ac5a677b43f387ba3c169dce72c75793f0e5301fe616a3645f71e011f4b21eb0dee6ec849c6d9d42d'),('Halliburton','Thomas','','','OK:OKC:CPATR','799','','','','','','',4,15,'6428 W Peniel Ave','','Oklahoma City','OK','73132','',57,23,'2014-04-16','0000-00-00',59,3,20,'','','','','',1,1,1,1,0,'0000-00-00','0000-00-00','thalliburton','76498229db1024a919bbbebc3ce6feb702ed3cb6f115926ac5a677b43f387ba3c169dce72c75793f0e5301fe616a3645f71e011f4b21eb0dee6ec849c6d9d42d'),('Hammer','Ronald','','','OK:OKC:MAINT','760','','','','','','',10,25,'1106 W Griggs Way','','Mustang','OK','73064','',58,0,'2013-05-22','0000-00-00',197,0,20,'','','','','',1,1,1,1,0,'0000-00-00','0000-00-00','rhammer','76498229db1024a919bbbebc3ce6feb702ed3cb6f115926ac5a677b43f387ba3c169dce72c75793f0e5301fe616a3645f71e011f4b21eb0dee6ec849c6d9d42d'),('Hankins','Michael','','','OK:OKC:CPATR','726','','','','','mhankins@myisolabella.com','',9,18,'6600 Edenborough Dr','#201','Oklahoma City','OK','73132','',59,24,'2013-07-09','0000-00-00',207,3,20,'','','','','',1,1,1,1,0,'0000-00-00','0000-00-00','mhankins','76498229db1024a919bbbebc3ce6feb702ed3cb6f115926ac5a677b43f387ba3c169dce72c75793f0e5301fe616a3645f71e011f4b21eb0dee6ec849c6d9d42d'),('Hanson','Brandy','','','','','','','','','','',4,4,'6321 NW Irwin','','Lawton','OK','73505','',60,0,'2014-02-25','2014-04-20',0,0,20,'','','','','',0,0,0,0,0,'0000-00-00','0000-00-00','bhanson','76498229db1024a919bbbebc3ce6feb702ed3cb6f115926ac5a677b43f387ba3c169dce72c75793f0e5301fe616a3645f71e011f4b21eb0dee6ec849c6d9d42d'),('Harrison','Johnny','','','OK:OKC:GRNDS','1062','','','','','','',3,1,'1111 N St Charles #19','','Oklahoma City','OK','73128','',61,54,'2015-07-30','2015-08-15',82,9,20,'','','','','',0,0,0,0,0,'0000-00-00','0000-00-00','jharrison','76498229db1024a919bbbebc3ce6feb702ed3cb6f115926ac5a677b43f387ba3c169dce72c75793f0e5301fe616a3645f71e011f4b21eb0dee6ec849c6d9d42d'),('Harshaw','Michael','','','OK:OKC:GRNDS','1041','','','','','','',7,31,'7016 Lyrewood Ln Apt 218','','Oklahoma City','OK','73162','',62,54,'2015-06-12','2015-08-15',82,9,20,'','','','','',0,0,0,0,0,'0000-00-00','0000-00-00','mharshaw','76498229db1024a919bbbebc3ce6feb702ed3cb6f115926ac5a677b43f387ba3c169dce72c75793f0e5301fe616a3645f71e011f4b21eb0dee6ec849c6d9d42d'),('Hart','Stephanie','','','TX:AII:ACCTG','1002','','','','','stephaniekh@gmail.com','',8,21,'5812 Abilene Trail','','Austin','TX','78749','',63,13,'2014-10-21','2015-03-11',0,1,20,'','','','','',0,1,0,0,0,'0000-00-00','0000-00-00','shart','76498229db1024a919bbbebc3ce6feb702ed3cb6f115926ac5a677b43f387ba3c169dce72c75793f0e5301fe616a3645f71e011f4b21eb0dee6ec849c6d9d42d'),('Heard','William','','','','','','','','','','',12,23,'2508 N Lee','','Oklahoma City','OK','73103','',64,0,'2014-05-20','2014-07-13',0,0,20,'','','','','',0,0,0,0,0,'0000-00-00','0000-00-00','wheard','76498229db1024a919bbbebc3ce6feb702ed3cb6f115926ac5a677b43f387ba3c169dce72c75793f0e5301fe616a3645f71e011f4b21eb0dee6ec849c6d9d42d'),('Henderson','Anthony','','','OK:OKC:CPATR','1025','','','','','','',3,21,'3811 Cimarron Estate','','Oklahoma City','OK','73121','',65,0,'2015-03-26','2015-04-23',59,0,20,'','','','','',0,0,0,0,0,'0000-00-00','0000-00-00','ahenderson','76498229db1024a919bbbebc3ce6feb702ed3cb6f115926ac5a677b43f387ba3c169dce72c75793f0e5301fe616a3645f71e011f4b21eb0dee6ec849c6d9d42d'),('Henderson','Mar\'Ques','','','OK:OKC:CPATR','1022','','','','','','',2,2,'6700 Lyrewood Lane #42','','Oklahoma City','OK','73132','',66,0,'2015-03-08','2015-04-23',59,0,20,'','','','','',0,0,0,0,0,'0000-00-00','0000-00-00','mhenderson','76498229db1024a919bbbebc3ce6feb702ed3cb6f115926ac5a677b43f387ba3c169dce72c75793f0e5301fe616a3645f71e011f4b21eb0dee6ec849c6d9d42d'),('Henderson','Wayne','','','','','','','','','','',9,20,'6628 Lyrewood Ln','Apt 140','Oklahoma City','OK','73132','',67,0,'2013-01-01','2014-01-17',0,0,20,'','','','','',0,1,0,0,0,'0000-00-00','0000-00-00','whenderson','76498229db1024a919bbbebc3ce6feb702ed3cb6f115926ac5a677b43f387ba3c169dce72c75793f0e5301fe616a3645f71e011f4b21eb0dee6ec849c6d9d42d'),('Hernandez','Daniela','','','','','','','','','','',2,15,'1613 1/2 SW 27th','','Oklahoma City','OK','73108','',68,0,'2013-08-27','2014-01-31',0,0,20,'','','','','',0,1,0,0,0,'0000-00-00','0000-00-00','dhernandez','76498229db1024a919bbbebc3ce6feb702ed3cb6f115926ac5a677b43f387ba3c169dce72c75793f0e5301fe616a3645f71e011f4b21eb0dee6ec849c6d9d42d'),('Hernandez','Eulalia','','','OK:OKC:HSKPG','51','','','','','','',10,9,'6725 Lancaster Cir','','Oklahoma City','OK','73132','',69,52,'2010-12-04','0000-00-00',146,0,20,'','','','','',1,1,1,1,0,'0000-00-00','0000-00-00','ehernandez','76498229db1024a919bbbebc3ce6feb702ed3cb6f115926ac5a677b43f387ba3c169dce72c75793f0e5301fe616a3645f71e011f4b21eb0dee6ec849c6d9d42d'),('Hernandez','Jose','','','OK:OKC:CAPMP','1013','','','','','','',8,19,'7150 Lyrewood Ln','','Oklahoma City','OK','73132','',70,60,'2015-01-01','0000-00-00',206,1,20,'','','','','',1,1,1,1,0,'0000-00-00','0000-00-00','jhernandez','76498229db1024a919bbbebc3ce6feb702ed3cb6f115926ac5a677b43f387ba3c169dce72c75793f0e5301fe616a3645f71e011f4b21eb0dee6ec849c6d9d42d'),('Hernandez','Teresa','','','TX:USA:WRHSE','319','','','','','','',5,15,'1300 Katy Dr','#217','Irving','TX','75061','',71,73,'2007-07-02','0000-00-00',199,16,0,'','','','','',1,1,2,2,0,'0000-00-00','0000-00-00','thernandez','76498229db1024a919bbbebc3ce6feb702ed3cb6f115926ac5a677b43f387ba3c169dce72c75793f0e5301fe616a3645f71e011f4b21eb0dee6ec849c6d9d42d'),('Hernandez','Yolanda','','','TX:USA:WRHSE','597','','','','','','',9,11,'1236 N Britain Rd','Apt 134','Irving','TX','75061','',72,71,'2010-03-18','0000-00-00',199,16,0,'','','','','',1,1,2,2,0,'0000-00-00','0000-00-00','yhernandez','76498229db1024a919bbbebc3ce6feb702ed3cb6f115926ac5a677b43f387ba3c169dce72c75793f0e5301fe616a3645f71e011f4b21eb0dee6ec849c6d9d42d'),('Hibbard','Daren','','','OK:OKC:FDBEV','689','','','','','','',7,10,'6828 Lyrewood Ln','Apt 142','Oklahoma City','OK','73132','',73,36,'2011-06-03','0000-00-00',207,6,20,'','','','','',1,1,1,1,0,'0000-00-00','0000-00-00','dhibbard','76498229db1024a919bbbebc3ce6feb702ed3cb6f115926ac5a677b43f387ba3c169dce72c75793f0e5301fe616a3645f71e011f4b21eb0dee6ec849c6d9d42d'),('Hirouji','Kyle','','','TX:AII:ACCTG','1024','','','','','khiro20@utexas.edu','',12,12,'620 W 24th St #306','','Austin','TX','78705','',74,13,'2015-03-30','2015-08-28',0,1,4,'','','','','',0,1,0,0,0,'0000-00-00','0000-00-00','khirouji','76498229db1024a919bbbebc3ce6feb702ed3cb6f115926ac5a677b43f387ba3c169dce72c75793f0e5301fe616a3645f71e011f4b21eb0dee6ec849c6d9d42d'),('Hopkins','Jaqueline','','','OK:OKC:GSERV','','','','','','jaqueline.hopkins@yahoo.com','',4,22,'6442 W Wilshire','Apt D','Oklahoma City','OK','73132','',75,0,'2014-09-23','2014-11-11',0,0,20,'','','','','',0,0,0,0,0,'0000-00-00','0000-00-00','jhopkins','76498229db1024a919bbbebc3ce6feb702ed3cb6f115926ac5a677b43f387ba3c169dce72c75793f0e5301fe616a3645f71e011f4b21eb0dee6ec849c6d9d42d'),('House','Mariah','','','OK:OKC:PHONE','1010','','','','','imariahhouse@gmail.com','',8,8,'7000 Lyrewood Lane #191','','Oklahoma City','OK','73132','',76,19,'2014-12-22','0000-00-00',24,0,20,'','','','','',1,1,1,1,0,'0000-00-00','0000-00-00','mhouse','76498229db1024a919bbbebc3ce6feb702ed3cb6f115926ac5a677b43f387ba3c169dce72c75793f0e5301fe616a3645f71e011f4b21eb0dee6ec849c6d9d42d'),('Hudson','Otha','','','OK:OKC:GRNDS','1037','','','','','','',1,15,'3308 SE 57th','','Oklahoma City','OK','73135','',77,54,'2015-06-01','0000-00-00',82,9,20,'','','','','',1,1,1,1,0,'0000-00-00','0000-00-00','ohudson','76498229db1024a919bbbebc3ce6feb702ed3cb6f115926ac5a677b43f387ba3c169dce72c75793f0e5301fe616a3645f71e011f4b21eb0dee6ec849c6d9d42d'),('Irish','Keith','','','','','','','','','','',9,30,'7100 Lyrewood','Apt 231','Oklahoma City','OK','73132','',78,0,'2014-01-24','2014-08-14',0,0,20,'','','','','',0,0,0,0,0,'0000-00-00','0000-00-00','kirish','76498229db1024a919bbbebc3ce6feb702ed3cb6f115926ac5a677b43f387ba3c169dce72c75793f0e5301fe616a3645f71e011f4b21eb0dee6ec849c6d9d42d'),('Jacobs','Joshua','','','','','','','','','','',1,26,'3002 NW 41st Street','','Oklahoma City','OK','73112','',79,0,'2014-04-28','2014-08-29',0,0,20,'','','','','',0,1,0,0,0,'0000-00-00','0000-00-00','jjacobs','76498229db1024a919bbbebc3ce6feb702ed3cb6f115926ac5a677b43f387ba3c169dce72c75793f0e5301fe616a3645f71e011f4b21eb0dee6ec849c6d9d42d'),('Johnson','Sharrell','','','','','','','','','','',9,29,'5552 Willow Cliff Rd','','Oklahoma City','OK','73122','',80,0,'2014-02-04','2014-02-13',0,0,20,'','','','','',0,1,0,0,0,'0000-00-00','0000-00-00','sjohnson','76498229db1024a919bbbebc3ce6feb702ed3cb6f115926ac5a677b43f387ba3c169dce72c75793f0e5301fe616a3645f71e011f4b21eb0dee6ec849c6d9d42d'),('Jones','Samuel','','','OK:OKC:MAINT','789','','','','','','',10,20,'6708 Lyrewood Ln','Apt 63','Oklahoma City','OK','73132','',81,0,'2012-09-24','0000-00-00',197,0,20,'','','','','',1,1,1,1,0,'0000-00-00','0000-00-00','sjones','76498229db1024a919bbbebc3ce6feb702ed3cb6f115926ac5a677b43f387ba3c169dce72c75793f0e5301fe616a3645f71e011f4b21eb0dee6ec849c6d9d42d'),('Julian','Eric','','','OK:OKC:GRNDS','1015','','','','','julianeric@gmail.com','',12,18,'209 E. Tonhawa','','Norman','OK','73070','',82,55,'2015-04-30','0000-00-00',207,9,20,'','','','','',1,1,1,1,0,'0000-00-00','0000-00-00','ejulian','76498229db1024a919bbbebc3ce6feb702ed3cb6f115926ac5a677b43f387ba3c169dce72c75793f0e5301fe616a3645f71e011f4b21eb0dee6ec849c6d9d42d'),('Kennedy','Deundra','','','OK:OKC:GRNDS','1045','','','','','DeundraKennedy7@gmail.com','',10,9,'6026 S May Ave Apt 436','','Oklahoma City','OK','73159','',83,54,'2015-06-23','0000-00-00',82,9,20,'','','','','',1,1,1,1,0,'0000-00-00','0000-00-00','dkennedy','76498229db1024a919bbbebc3ce6feb702ed3cb6f115926ac5a677b43f387ba3c169dce72c75793f0e5301fe616a3645f71e011f4b21eb0dee6ec849c6d9d42d'),('Kissick','Rachelle','','','','','','','','','','',7,20,'1204 Templet Dr','','Oklahoma City','OK','73127','',84,0,'2014-04-29','2014-06-14',0,0,20,'','','','','',0,1,0,0,0,'0000-00-00','0000-00-00','rkissick','76498229db1024a919bbbebc3ce6feb702ed3cb6f115926ac5a677b43f387ba3c169dce72c75793f0e5301fe616a3645f71e011f4b21eb0dee6ec849c6d9d42d'),('Koon','Krista','','','OK:OKC:SALES','155','','','','','','',4,25,'10407 SE 23rd','','Midwest City','OK','73130','',85,29,'2010-11-17','0000-00-00',207,0,20,'','','','','',1,1,2,2,0,'0000-00-00','0000-00-00','kkoon','76498229db1024a919bbbebc3ce6feb702ed3cb6f115926ac5a677b43f387ba3c169dce72c75793f0e5301fe616a3645f71e011f4b21eb0dee6ec849c6d9d42d'),('Lacue','Samuel','','','','','','','','','','',5,27,'5200 Randle Dr','','Spencer','OK','73084','',86,0,'2013-12-14','2014-05-13',0,0,20,'','','','','',0,1,0,0,0,'0000-00-00','0000-00-00','slacue','76498229db1024a919bbbebc3ce6feb702ed3cb6f115926ac5a677b43f387ba3c169dce72c75793f0e5301fe616a3645f71e011f4b21eb0dee6ec849c6d9d42d'),('Leach','Brittani','','','','','','','','','','',8,26,'2001 S MacArthur Blvd','Apt 95','Oklahoma City','OK','73128','',87,0,'2014-05-08','2014-09-20',0,0,20,'','','','','',0,1,0,0,0,'0000-00-00','0000-00-00','bleach','76498229db1024a919bbbebc3ce6feb702ed3cb6f115926ac5a677b43f387ba3c169dce72c75793f0e5301fe616a3645f71e011f4b21eb0dee6ec849c6d9d42d'),('Ledesma','Monica','','','TX:USA:ADMIN','745','','','','','','',10,7,'402 Skyline Rd','','Grand Prairie','TX','75050','',88,62,'2013-10-14','0000-00-00',199,0,0,'','','','','',1,1,2,2,0,'0000-00-00','0000-00-00','mledesma','76498229db1024a919bbbebc3ce6feb702ed3cb6f115926ac5a677b43f387ba3c169dce72c75793f0e5301fe616a3645f71e011f4b21eb0dee6ec849c6d9d42d'),('Lee','Marcus','','','OK:OKC:CPATR','756','','','','','','',10,31,'6824 Lyrewood Lane','Apt 132','Oklahoma City','OK','73132','',89,24,'2013-12-14','0000-00-00',59,3,20,'','','','','',1,1,1,1,0,'0000-00-00','0000-00-00','mlee','76498229db1024a919bbbebc3ce6feb702ed3cb6f115926ac5a677b43f387ba3c169dce72c75793f0e5301fe616a3645f71e011f4b21eb0dee6ec849c6d9d42d'),('Leverette','Tristan','','','','','','','','','','',2,2,'9020 NW 86th St','','Yukon','OK','73099','',90,0,'2014-03-26','2014-09-20',0,0,20,'','','','','',0,1,0,0,0,'0000-00-00','0000-00-00','tleverette','76498229db1024a919bbbebc3ce6feb702ed3cb6f115926ac5a677b43f387ba3c169dce72c75793f0e5301fe616a3645f71e011f4b21eb0dee6ec849c6d9d42d'),('Long','Nathan','','','OK:OKC:GRNDS','775','','','','','','',12,30,'6600 Lyrewood Lane #6','','Oklahoma City','OK','73132','',91,54,'2014-02-21','2015-06-12',0,9,20,'','','','','',0,1,0,0,0,'0000-00-00','0000-00-00','nlong','76498229db1024a919bbbebc3ce6feb702ed3cb6f115926ac5a677b43f387ba3c169dce72c75793f0e5301fe616a3645f71e011f4b21eb0dee6ec849c6d9d42d'),('Long','Patrick','','','OK:OKC:CPATR','531','','','','','','',3,6,'1812 Oxford Way','','Oklahoma City','OK','73120','',92,0,'2009-06-17','2015-02-23',0,0,20,'','','','','',0,1,0,0,0,'0000-00-00','0000-00-00','plong','76498229db1024a919bbbebc3ce6feb702ed3cb6f115926ac5a677b43f387ba3c169dce72c75793f0e5301fe616a3645f71e011f4b21eb0dee6ec849c6d9d42d'),('Lopez Jr','Nicolas','','','OK:OKC:GSERV','1042','','','','','nlbroberg@yahoo.com','',12,23,'6416 N Peniel Ave Apt 32','','Oklahoma City','OK','73132','',93,0,'2015-06-15','0000-00-00',49,0,20,'','','','','',1,1,3,3,0,'0000-00-00','0000-00-00','nlopez','76498229db1024a919bbbebc3ce6feb702ed3cb6f115926ac5a677b43f387ba3c169dce72c75793f0e5301fe616a3645f71e011f4b21eb0dee6ec849c6d9d42d'),('Lopez','Monica','','','OK:OKC:HSKPG','116','','','','','','',11,4,'4903 N Willow Ave','','Bethany','OK','73008','',94,52,'2012-06-01','0000-00-00',146,0,20,'','','','','',1,1,1,1,0,'0000-00-00','0000-00-00','mlopez','76498229db1024a919bbbebc3ce6feb702ed3cb6f115926ac5a677b43f387ba3c169dce72c75793f0e5301fe616a3645f71e011f4b21eb0dee6ec849c6d9d42d'),('Lopez','Nicolas','','','','','','','','','','',12,23,'6416 S. Lindsay Ave.','','Oklahoma City','OK','73149','',95,0,'2013-11-12','2014-05-15',0,0,20,'','','','','',0,1,0,0,0,'0000-00-00','0000-00-00','nlopez1','76498229db1024a919bbbebc3ce6feb702ed3cb6f115926ac5a677b43f387ba3c169dce72c75793f0e5301fe616a3645f71e011f4b21eb0dee6ec849c6d9d42d'),('Manning','Brenda','','','OK:OKC:HSKPG','602','','','','','','',3,4,'6604 Lyrewood Lane','','Oklahoma City','OK','73132','',96,79,'2010-04-26','0000-00-00',146,8,20,'','','','','',1,1,1,1,0,'0000-00-00','0000-00-00','bmanning','76498229db1024a919bbbebc3ce6feb702ed3cb6f115926ac5a677b43f387ba3c169dce72c75793f0e5301fe616a3645f71e011f4b21eb0dee6ec849c6d9d42d'),('Mansour','Anna','','','TX:AII:ACCTG','820','','','','','','',11,21,'424 Brandon Way','','Austin','TX','78738','',97,4,'2014-06-30','0000-00-00',19,1,4,'','','','','',0,1,0,0,0,'0000-00-00','0000-00-00','amansour','76498229db1024a919bbbebc3ce6feb702ed3cb6f115926ac5a677b43f387ba3c169dce72c75793f0e5301fe616a3645f71e011f4b21eb0dee6ec849c6d9d42d'),('Mansour','Elizabeth','','','TX:AII:ACCTG','1046','','','','','liz1mansour@gmail.com','',1,11,'424 Brandon Way','','Austin','TX','78738','',98,4,'2015-06-25','0000-00-00',19,1,4,'','','','','',0,1,0,0,0,'0000-00-00','0000-00-00','emansour','76498229db1024a919bbbebc3ce6feb702ed3cb6f115926ac5a677b43f387ba3c169dce72c75793f0e5301fe616a3645f71e011f4b21eb0dee6ec849c6d9d42d'),('Manzano','Stephanie','','','OK:OKC:LSGSAL','1053','','','','','manzanitasister@yahoo.com','',8,11,'6800 Lyrewood Ln #84','','Oklahoma City','OK','73132','',99,67,'2015-07-13','0000-00-00',207,0,20,'','','','','',1,1,1,1,0,'0000-00-00','0000-00-00','smanzano','76498229db1024a919bbbebc3ce6feb702ed3cb6f115926ac5a677b43f387ba3c169dce72c75793f0e5301fe616a3645f71e011f4b21eb0dee6ec849c6d9d42d'),('Martinez','Liliana','','','TX:USA:WRHSE','316','','','','','','',2,1,'1300 Katy','#227','Irving','TX','75061','',100,73,'2007-06-18','0000-00-00',199,16,0,'','','','','',1,1,2,2,0,'0000-00-00','0000-00-00','lmartinez','76498229db1024a919bbbebc3ce6feb702ed3cb6f115926ac5a677b43f387ba3c169dce72c75793f0e5301fe616a3645f71e011f4b21eb0dee6ec849c6d9d42d'),('Martinez','Rosa','','','OK:OKC:HSKPG','792','','','','','','',9,20,'4909 N Grove Ave','','Warr Acres','OK','73122','',101,50,'2014-03-31','0000-00-00',146,0,20,'','','','','',1,1,1,1,0,'0000-00-00','0000-00-00','rmartinez','76498229db1024a919bbbebc3ce6feb702ed3cb6f115926ac5a677b43f387ba3c169dce72c75793f0e5301fe616a3645f71e011f4b21eb0dee6ec849c6d9d42d'),('Martinez','Sandra','','','OK:OKC:HSKPG','830','','','','','','',10,5,'121 SW 42nd','','Oklahoma City','OK','73109','',102,0,'2014-08-16','2015-07-03',0,0,20,'','','','','',0,0,0,0,0,'0000-00-00','0000-00-00','smartinez','76498229db1024a919bbbebc3ce6feb702ed3cb6f115926ac5a677b43f387ba3c169dce72c75793f0e5301fe616a3645f71e011f4b21eb0dee6ec849c6d9d42d'),('Mathews','Paula','','','TX:AII:ACCTG','795','','','','','','',4,12,'11400 W Parmer Ln','Apt 29','Austin','TX','78613','',103,2,'2014-04-07','0000-00-00',19,0,4,'','','','','',1,1,1,1,0,'0000-00-00','0000-00-00','pmathews','76498229db1024a919bbbebc3ce6feb702ed3cb6f115926ac5a677b43f387ba3c169dce72c75793f0e5301fe616a3645f71e011f4b21eb0dee6ec849c6d9d42d'),('McClellan','Diamonte','','','OK:OKC:GRNDS','1030','','','','','dmcclellan93@gmail.com','',10,26,'13409 Pinehurst Rd','','Oklahoma City','OK','73120','',104,54,'2015-04-27','2015-05-25',153,9,20,'','','','','',0,0,0,0,0,'0000-00-00','0000-00-00','dmcclellan','76498229db1024a919bbbebc3ce6feb702ed3cb6f115926ac5a677b43f387ba3c169dce72c75793f0e5301fe616a3645f71e011f4b21eb0dee6ec849c6d9d42d'),('McCoy','Laura','','','OK:OKC:GSERV','110','','','','','','',6,15,'6003 Graham Lane','','Yukon','OK','73099','',105,44,'2013-10-10','0000-00-00',49,7,20,'','','','','',1,1,2,2,0,'0000-00-00','0000-00-00','lmccoy','76498229db1024a919bbbebc3ce6feb702ed3cb6f115926ac5a677b43f387ba3c169dce72c75793f0e5301fe616a3645f71e011f4b21eb0dee6ec849c6d9d42d'),('McMahon','Nathalie','','','TX:AII:ACCTG','1047','','','','','natmcmahon99@gmail.com','',9,20,'2716 Barton Creek Blvd','Apt 2121','Austin','TX','78735','',106,4,'2015-06-25','0000-00-00',19,1,4,'','','','','',0,1,0,0,0,'0000-00-00','0000-00-00','nmcmahon','76498229db1024a919bbbebc3ce6feb702ed3cb6f115926ac5a677b43f387ba3c169dce72c75793f0e5301fe616a3645f71e011f4b21eb0dee6ec849c6d9d42d'),('Mighton','Charles','','','','','','','','','','',1,2,'2708 Tudor Rd','','Oklahoma City','OK','73127','',107,0,'2012-02-16','2014-06-14',0,0,20,'','','','','',0,1,0,0,0,'0000-00-00','0000-00-00','cmighton','76498229db1024a919bbbebc3ce6feb702ed3cb6f115926ac5a677b43f387ba3c169dce72c75793f0e5301fe616a3645f71e011f4b21eb0dee6ec849c6d9d42d'),('Miller','Desmond','','','','','','','','','','',8,20,'1434 NW 25th','','Oklahoma City','OK','73106','',108,0,'2014-02-06','2014-02-07',0,0,20,'','','','','',0,1,0,0,0,'0000-00-00','0000-00-00','dmiller','76498229db1024a919bbbebc3ce6feb702ed3cb6f115926ac5a677b43f387ba3c169dce72c75793f0e5301fe616a3645f71e011f4b21eb0dee6ec849c6d9d42d'),('Miranda','Victor','','','OK:OKC:CAPMP','100','','','','','','',11,21,'3100 SW 22nd','','Oklahoma City','OK','73108','',109,60,'2012-02-13','0000-00-00',206,0,20,'','','','','',1,1,1,1,0,'0000-00-00','0000-00-00','vmiranda','76498229db1024a919bbbebc3ce6feb702ed3cb6f115926ac5a677b43f387ba3c169dce72c75793f0e5301fe616a3645f71e011f4b21eb0dee6ec849c6d9d42d'),('Moncivaiz','Nora','','','TX:USA:WRHSE','733','','','','','','',3,17,'5202 Eagle Heights Dr.','','Dallas','TX','75212','',110,73,'2013-08-22','0000-00-00',199,16,0,'','','','','',1,1,1,1,0,'0000-00-00','0000-00-00','nmoncivaiz','76498229db1024a919bbbebc3ce6feb702ed3cb6f115926ac5a677b43f387ba3c169dce72c75793f0e5301fe616a3645f71e011f4b21eb0dee6ec849c6d9d42d'),('Monday','Darrin','','','OK:OKC:PHONE','839','','','','','dweezy47@gmail.com','',6,18,'6708 Lyrewood Lane #64','Apt 046','Oklahoma City','OK','73132','',111,19,'2014-09-16','0000-00-00',24,0,20,'','','','','',1,1,1,1,0,'0000-00-00','0000-00-00','dmonday','76498229db1024a919bbbebc3ce6feb702ed3cb6f115926ac5a677b43f387ba3c169dce72c75793f0e5301fe616a3645f71e011f4b21eb0dee6ec849c6d9d42d'),('Montgomery','Christopher','','','OK:OKC:GRNDS','1023','','','','','chris_montgomery373@yahoo.com','',8,31,'6600 Lyrewood Ln Apt 8','','Oklahoma City','OK','73132','',112,54,'2015-03-17','2015-07-01',0,9,20,'','','','','',0,1,0,0,0,'0000-00-00','0000-00-00','cmontgomery','76498229db1024a919bbbebc3ce6feb702ed3cb6f115926ac5a677b43f387ba3c169dce72c75793f0e5301fe616a3645f71e011f4b21eb0dee6ec849c6d9d42d'),('Morales','Amanda','','','OK:OKC:SALES','840','','','','','','',7,31,'5800 NW 86th Street','','Oklahoma City','OK','73132','',113,0,'2014-09-15','2015-05-15',0,0,20,'','','','','',0,0,0,0,0,'0000-00-00','0000-00-00','amorales','76498229db1024a919bbbebc3ce6feb702ed3cb6f115926ac5a677b43f387ba3c169dce72c75793f0e5301fe616a3645f71e011f4b21eb0dee6ec849c6d9d42d'),('Moreno','Aurelia','','','TX:TUC:HSKPG','56','','','','','','',7,16,'1663 Tucasa Drive','Apt 215','Irving','TX','75061','',114,80,'2011-01-15','0000-00-00',201,0,42,'','','','','',1,1,1,1,0,'0000-00-00','0000-00-00','amoreno','76498229db1024a919bbbebc3ce6feb702ed3cb6f115926ac5a677b43f387ba3c169dce72c75793f0e5301fe616a3645f71e011f4b21eb0dee6ec849c6d9d42d'),('Moreno','Luis','','','','','','','','','','',12,12,'3021 SW 65th PL','','Oklahoma City','OK','73159','',115,0,'2013-01-31','2014-01-14',0,0,20,'','','','','',0,1,0,0,0,'0000-00-00','0000-00-00','lmoreno','76498229db1024a919bbbebc3ce6feb702ed3cb6f115926ac5a677b43f387ba3c169dce72c75793f0e5301fe616a3645f71e011f4b21eb0dee6ec849c6d9d42d'),('Moreno','Rosa','','','OK:OKC:HSKPG','554','','','','','','',3,30,'1024 SW 60th St','','Oklahoma City','OK','73139','',116,49,'2012-01-02','0000-00-00',146,8,20,'','','','','',1,1,1,1,0,'0000-00-00','0000-00-00','rmoreno','76498229db1024a919bbbebc3ce6feb702ed3cb6f115926ac5a677b43f387ba3c169dce72c75793f0e5301fe616a3645f71e011f4b21eb0dee6ec849c6d9d42d'),('Morrison','Jessica','','','OK:OKC:FDBEV','1021','','','','','jessicaxmorr@hotmail.com','',1,14,'5108 NE Haddington','','Lawton','OK','73507','',117,39,'2015-02-26','2015-08-15',73,6,20,'','','','','',0,1,0,0,0,'0000-00-00','0000-00-00','jmorrison','76498229db1024a919bbbebc3ce6feb702ed3cb6f115926ac5a677b43f387ba3c169dce72c75793f0e5301fe616a3645f71e011f4b21eb0dee6ec849c6d9d42d'),('Morrow','Kimberly','','','','','','','','','','',3,12,'6700 Lyrewood Lane','Apt 44','Oklahoma City','OK','73132','',118,0,'2014-03-10','2014-05-15',0,0,20,'','','','','',0,1,0,0,0,'0000-00-00','0000-00-00','kmorrow','76498229db1024a919bbbebc3ce6feb702ed3cb6f115926ac5a677b43f387ba3c169dce72c75793f0e5301fe616a3645f71e011f4b21eb0dee6ec849c6d9d42d'),('Myles','Michael','','','OK:OKC:CPATR','834','','','','','michael.myles15@gmail.com','',8,8,'6612 Lyrewood Lane #030','','Oklahoma city','OK','73132','',119,0,'2014-08-28','2015-06-12',0,0,20,'','','','','',0,1,0,0,0,'0000-00-00','0000-00-00','mmyles','76498229db1024a919bbbebc3ce6feb702ed3cb6f115926ac5a677b43f387ba3c169dce72c75793f0e5301fe616a3645f71e011f4b21eb0dee6ec849c6d9d42d'),('Nguyen','Kristine','','','OK:OKC:ADMIN','1064','','','','','kristine.thet.nguyen@gmail.com','',10,7,'1131 NW 30th St','','Oklahoma City','OK','73118','',120,1,'2015-07-27','0000-00-00',30,1,20,'','','','','',1,1,3,3,0,'0000-00-00','0000-00-00','knguyen','76498229db1024a919bbbebc3ce6feb702ed3cb6f115926ac5a677b43f387ba3c169dce72c75793f0e5301fe616a3645f71e011f4b21eb0dee6ec849c6d9d42d'),('Nyambe','Nyambe','','','','','','','','','','',5,25,'6219 SE Independence','Apt 130','Oklahoma City','OK','73159','',121,0,'2013-11-11','2014-05-24',0,0,20,'','','','','',0,1,0,0,0,'0000-00-00','0000-00-00','nnyambe','76498229db1024a919bbbebc3ce6feb702ed3cb6f115926ac5a677b43f387ba3c169dce72c75793f0e5301fe616a3645f71e011f4b21eb0dee6ec849c6d9d42d'),('O\'Connor','Richard','','','OK:OKC:MAINT','1051','','','','','OConnor.dick@yahoo.com','',6,5,'11701 Vicotria Pl','','Oklahoma City','OK','73120','',122,56,'2015-07-01','0000-00-00',34,0,20,'','','','','',1,1,2,2,0,'0000-00-00','0000-00-00','ro\'connor','76498229db1024a919bbbebc3ce6feb702ed3cb6f115926ac5a677b43f387ba3c169dce72c75793f0e5301fe616a3645f71e011f4b21eb0dee6ec849c6d9d42d'),('Ochoa','Anthony','','','OK:OKC:FDBEV','825','','','','','','',1,13,'10005 Glascow Terrace','','Yukon','OK','73099','',123,0,'2014-08-02','2015-01-18',0,0,20,'','','','','',0,0,0,0,0,'0000-00-00','0000-00-00','aochoa','76498229db1024a919bbbebc3ce6feb702ed3cb6f115926ac5a677b43f387ba3c169dce72c75793f0e5301fe616a3645f71e011f4b21eb0dee6ec849c6d9d42d'),('Ohanjanianse','Serjik','','','OK:OKC:FDBEV','754','','','','','','',5,13,'6616 Lyrewood Lane','Apt 34','Oklahoma City','OK','73132','',124,37,'2012-05-29','0000-00-00',207,0,20,'','','','','',1,1,1,1,0,'0000-00-00','0000-00-00','sohanjanianse','76498229db1024a919bbbebc3ce6feb702ed3cb6f115926ac5a677b43f387ba3c169dce72c75793f0e5301fe616a3645f71e011f4b21eb0dee6ec849c6d9d42d'),('Olivera-Ruelas','Hermelinda','','','OK:OKC:HSKPG','815','','','','','','',1,13,'819 SW 47th Street','','Oklahoma City','OK','73109','',125,47,'2014-06-14','0000-00-00',146,8,20,'','','','','',1,1,1,1,0,'0000-00-00','0000-00-00','holivera','76498229db1024a919bbbebc3ce6feb702ed3cb6f115926ac5a677b43f387ba3c169dce72c75793f0e5301fe616a3645f71e011f4b21eb0dee6ec849c6d9d42d'),('Pacheco','Miguel','','','OK:OKC:CAPMP','58','','','','','','',1,6,'6712 Lyrewood Lane','Apt 67','Oklahoma City','OK','73132','',126,60,'2011-03-07','0000-00-00',206,0,20,'','','','','',1,1,1,1,0,'0000-00-00','0000-00-00','mpacheco','76498229db1024a919bbbebc3ce6feb702ed3cb6f115926ac5a677b43f387ba3c169dce72c75793f0e5301fe616a3645f71e011f4b21eb0dee6ec849c6d9d42d'),('Palmer','Anthony','','','OK:OKC:GRNDS','739','','','','','','',5,15,'3921 SE 48th','','Oklahoma City','OK','73135','',127,54,'2013-09-17','2015-05-18',82,9,20,'','','','','',0,0,0,0,0,'0000-00-00','0000-00-00','apalmer','76498229db1024a919bbbebc3ce6feb702ed3cb6f115926ac5a677b43f387ba3c169dce72c75793f0e5301fe616a3645f71e011f4b21eb0dee6ec849c6d9d42d'),('Parker','Jeremy','','','OK:OKC:GRNDS','753','','','','','','',10,28,'6712 Lyrewood Lane','Apt 68','Oklahoma City','OK','73132','',128,54,'2013-12-14','2015-06-22',0,9,20,'','','','','',0,0,0,0,0,'0000-00-00','0000-00-00','jparker','76498229db1024a919bbbebc3ce6feb702ed3cb6f115926ac5a677b43f387ba3c169dce72c75793f0e5301fe616a3645f71e011f4b21eb0dee6ec849c6d9d42d'),('Parra','Maria','','','OK:OKC:HSKPG','97','','','','','','',10,6,'2329 NW 36th Street','','Oklahoma City','OK','73112','',129,52,'2012-01-28','0000-00-00',146,0,20,'','','','','',1,1,1,1,0,'0000-00-00','0000-00-00','mparra','76498229db1024a919bbbebc3ce6feb702ed3cb6f115926ac5a677b43f387ba3c169dce72c75793f0e5301fe616a3645f71e011f4b21eb0dee6ec849c6d9d42d'),('Parsons','Steven','','','OK:OKC:CPATR','1014','','','','','','',6,20,'6900 Lyrewood Ln #146','','Oklahoma City','OK','73132','',130,23,'2015-01-19','2015-08-04',59,3,20,'','','','','',0,0,0,0,0,'0000-00-00','0000-00-00','sparsons','76498229db1024a919bbbebc3ce6feb702ed3cb6f115926ac5a677b43f387ba3c169dce72c75793f0e5301fe616a3645f71e011f4b21eb0dee6ec849c6d9d42d'),('Paslay','Jessica','','','OK:OKC:GSERV','1019','','','','','jessicanicole30@gmail.com','',2,9,'6816 Lyrewood Lane #115','','Oklahoma City','OK','73132','',131,42,'2015-02-11','2015-08-28',24,7,20,'','','','','',0,1,0,0,0,'0000-00-00','0000-00-00','jpaslay','76498229db1024a919bbbebc3ce6feb702ed3cb6f115926ac5a677b43f387ba3c169dce72c75793f0e5301fe616a3645f71e011f4b21eb0dee6ec849c6d9d42d'),('Perez','Lourdes','','','OK:OKC:HSKPG','831','','','','','','',2,21,'124 SW 42nd','','Oklahoma City','OK','73109','',132,0,'2014-08-16','0000-00-00',146,0,20,'','','','','',1,1,1,1,0,'0000-00-00','0000-00-00','lperez','76498229db1024a919bbbebc3ce6feb702ed3cb6f115926ac5a677b43f387ba3c169dce72c75793f0e5301fe616a3645f71e011f4b21eb0dee6ec849c6d9d42d'),('Perez','Veronica','','','OK:OKC:HSKPG','162','','','','','','',10,25,'5704 NW 23rd Street','#112','Oklahoma City','OK','73127','',133,52,'2012-08-07','0000-00-00',146,0,20,'','','','','',1,1,1,1,0,'0000-00-00','0000-00-00','vperez','76498229db1024a919bbbebc3ce6feb702ed3cb6f115926ac5a677b43f387ba3c169dce72c75793f0e5301fe616a3645f71e011f4b21eb0dee6ec849c6d9d42d'),('Pines','Gerald','','','OK:OKC:FDBEV','','','','','','','',11,10,'6700 Lyrewood Lane','Apt 42','Oklahoma City','OK','73132','',134,0,'2014-06-16','2014-10-12',0,0,20,'','','','','',0,1,0,0,0,'0000-00-00','0000-00-00','gpines','76498229db1024a919bbbebc3ce6feb702ed3cb6f115926ac5a677b43f387ba3c169dce72c75793f0e5301fe616a3645f71e011f4b21eb0dee6ec849c6d9d42d'),('Post','Dydrell','','','OK:OKC:GRNDS','1055','','','','','','',11,4,'2513 N Rhode island','','Oklahoma City','OK','73111','',135,54,'2015-07-27','2015-08-28',82,9,20,'','','','','',0,0,0,0,0,'0000-00-00','0000-00-00','dpost','76498229db1024a919bbbebc3ce6feb702ed3cb6f115926ac5a677b43f387ba3c169dce72c75793f0e5301fe616a3645f71e011f4b21eb0dee6ec849c6d9d42d'),('Price','Brandon','','','OK:OKC:CPATR','1068','','','','','brandondewayneprice@yahoo.com','',11,28,'12600 N Mc Arthur Blvd','Apt 719','Oklahoma City','OK','73142','',136,23,'2015-08-17','0000-00-00',89,0,20,'','','','','',1,1,2,2,0,'0000-00-00','0000-00-00','bprice','76498229db1024a919bbbebc3ce6feb702ed3cb6f115926ac5a677b43f387ba3c169dce72c75793f0e5301fe616a3645f71e011f4b21eb0dee6ec849c6d9d42d'),('Puckett','Richard','','','','','','','','','','',10,2,'3121 NW 50th Street','','Oklahoma City','OK','93112','',137,0,'2014-01-13','2014-02-21',0,0,20,'','','','','',0,1,0,0,0,'0000-00-00','0000-00-00','rpuckett','76498229db1024a919bbbebc3ce6feb702ed3cb6f115926ac5a677b43f387ba3c169dce72c75793f0e5301fe616a3645f71e011f4b21eb0dee6ec849c6d9d42d'),('Pugh','Lydarrion','','','','','','','','','','',4,5,'12701 N Pennsylvania',' apt 198','Oklahoma City','OK','73120','',138,0,'2013-12-14','2014-06-05',0,0,20,'','','','','',0,1,0,0,0,'0000-00-00','0000-00-00','lpugh','76498229db1024a919bbbebc3ce6feb702ed3cb6f115926ac5a677b43f387ba3c169dce72c75793f0e5301fe616a3645f71e011f4b21eb0dee6ec849c6d9d42d'),('Ramirez','Maria','','','','','','','','','','',4,22,'4333 NW 44th St','','Oklahoma City','OK','73106','',139,0,'2010-12-01','2014-05-06',0,0,20,'','','','','',0,1,0,0,0,'0000-00-00','0000-00-00','mramirez','76498229db1024a919bbbebc3ce6feb702ed3cb6f115926ac5a677b43f387ba3c169dce72c75793f0e5301fe616a3645f71e011f4b21eb0dee6ec849c6d9d42d'),('Redmon','John','','','OK:OKC:CPATR','1043','','','','','jcredmon357@yahoo.com','',5,9,'12600 N McArthur Blvd Apt 1604','','Oklahoma City','OK','73142','',140,0,'2015-06-10','2015-06-28',0,0,20,'','','','','',0,1,0,0,0,'0000-00-00','0000-00-00','jredmon','76498229db1024a919bbbebc3ce6feb702ed3cb6f115926ac5a677b43f387ba3c169dce72c75793f0e5301fe616a3645f71e011f4b21eb0dee6ec849c6d9d42d'),('Roberts','Stephen','','','TX:USA:ACCTG','690','','','','','','',3,1,'7954 Dusty Way','','Ft Worth','TX','76121','',141,3,'2011-07-05','0000-00-00',199,1,0,'','','','','',1,1,1,1,0,'0000-00-00','0000-00-00','sroberts','76498229db1024a919bbbebc3ce6feb702ed3cb6f115926ac5a677b43f387ba3c169dce72c75793f0e5301fe616a3645f71e011f4b21eb0dee6ec849c6d9d42d'),('Robison','Michael','','','OK:OKC:MAINT','1034','','','','','whitemike201092@gmail.com','',2,4,'7172 Lyrewood Ln','Apt 283','Oklahoma City','OK','73132','',142,56,'2015-05-29','0000-00-00',197,0,20,'','','','','',1,1,1,1,0,'0000-00-00','0000-00-00','mrobison','76498229db1024a919bbbebc3ce6feb702ed3cb6f115926ac5a677b43f387ba3c169dce72c75793f0e5301fe616a3645f71e011f4b21eb0dee6ec849c6d9d42d'),('Roman','Adriana','','','TX:USA:WRHSE','','','','','','','',12,19,'2328 N Macarther Blvd','#2120','Irving','TX','75062','',143,73,'2010-07-21','2014-10-17',0,16,0,'','','','','',0,0,0,0,0,'0000-00-00','0000-00-00','aroman','76498229db1024a919bbbebc3ce6feb702ed3cb6f115926ac5a677b43f387ba3c169dce72c75793f0e5301fe616a3645f71e011f4b21eb0dee6ec849c6d9d42d'),('Romero','Emma','','','OK:OKC:HSKPG','95','','','','','','',9,13,'7512 NW 11th','','Oklahoma City','OK','73127','',144,52,'2011-12-31','0000-00-00',146,0,20,'','','','','',1,1,1,1,0,'0000-00-00','0000-00-00','eromero','76498229db1024a919bbbebc3ce6feb702ed3cb6f115926ac5a677b43f387ba3c169dce72c75793f0e5301fe616a3645f71e011f4b21eb0dee6ec849c6d9d42d'),('Romero','Susana','','','OK:OKC:HSKPG','612','','','','','','',4,27,'7042 Lyrewood Ln','','Oklahoma City','OK','73132','',145,47,'2010-06-05','0000-00-00',146,0,20,'','','','','',1,1,2,2,0,'0000-00-00','0000-00-00','sromero','76498229db1024a919bbbebc3ce6feb702ed3cb6f115926ac5a677b43f387ba3c169dce72c75793f0e5301fe616a3645f71e011f4b21eb0dee6ec849c6d9d42d'),('Roper','Venetia','','','OK:OKC:HSKPG','394','','','','','','',6,15,'5401 NW 41st Street','','Oklahoma City','OK','73122','',146,46,'2007-10-14','0000-00-00',207,8,20,'','','','','',1,1,1,1,0,'0000-00-00','0000-00-00','vroper','76498229db1024a919bbbebc3ce6feb702ed3cb6f115926ac5a677b43f387ba3c169dce72c75793f0e5301fe616a3645f71e011f4b21eb0dee6ec849c6d9d42d'),('Roundtree','Alfred','','','OK:OKC:FTNSS','688','','','','','','',9,6,'6904 Lyrewood Ln','Apt 155','Oklahoma City','OK','73132','',147,34,'2010-04-09','0000-00-00',207,5,20,'','','','','',1,1,1,1,0,'0000-00-00','0000-00-00','aroundtree','76498229db1024a919bbbebc3ce6feb702ed3cb6f115926ac5a677b43f387ba3c169dce72c75793f0e5301fe616a3645f71e011f4b21eb0dee6ec849c6d9d42d'),('Rouse','James','','','OK:OKC:FDBEV','835','','','','','','',4,10,'6820 Lyrewood Ln','Apt 128','Oklahoma City','OK','73132','',148,0,'2014-09-19','2014-11-23',0,0,20,'','','','','',0,0,0,0,0,'0000-00-00','0000-00-00','jrouse','76498229db1024a919bbbebc3ce6feb702ed3cb6f115926ac5a677b43f387ba3c169dce72c75793f0e5301fe616a3645f71e011f4b21eb0dee6ec849c6d9d42d'),('Runnels','Amanda','','','OK:OKC:SALES','798','','','','','','',8,28,'17316 Toledo Dr','','Oklahoma City','OK','73170','',149,81,'2012-09-24','0000-00-00',207,0,20,'','','','','',1,1,2,2,0,'0000-00-00','0000-00-00','arunnels','76498229db1024a919bbbebc3ce6feb702ed3cb6f115926ac5a677b43f387ba3c169dce72c75793f0e5301fe616a3645f71e011f4b21eb0dee6ec849c6d9d42d'),('Ryherd','Kandice','','','OK:OKC:GSERV','1011','','','','','xoxokandicejoyce@gmail.com','',10,8,'3108 West Park Place','','Oklahoma City','OK','73107','',150,0,'2014-12-22','2015-01-02',0,0,20,'','','','','',0,0,0,0,0,'0000-00-00','0000-00-00','kryherd','76498229db1024a919bbbebc3ce6feb702ed3cb6f115926ac5a677b43f387ba3c169dce72c75793f0e5301fe616a3645f71e011f4b21eb0dee6ec849c6d9d42d'),('Serrano','Jessica','','','','','','','','','','',1,25,'5001 NW 10th, Apt. 2702','','Oklahoma City','OK','73127','',151,0,'2014-05-08','2014-08-26',0,0,20,'','','','','',0,1,0,0,0,'0000-00-00','0000-00-00','jserrano','76498229db1024a919bbbebc3ce6feb702ed3cb6f115926ac5a677b43f387ba3c169dce72c75793f0e5301fe616a3645f71e011f4b21eb0dee6ec849c6d9d42d'),('Sibley','Sarah','','','OK:OKC:GSERV','1012','','','','','sarahsibley@gmail.com','',6,25,'660 Edenborough Dr #103','','Oklahoma City','OK','73132','',152,42,'2014-12-22','2015-05-31',49,7,20,'','','','','',0,1,0,0,0,'0000-00-00','0000-00-00','ssibley','76498229db1024a919bbbebc3ce6feb702ed3cb6f115926ac5a677b43f387ba3c169dce72c75793f0e5301fe616a3645f71e011f4b21eb0dee6ec849c6d9d42d'),('Sims','Dermond','','','OK:OKC:GRNDS','114','','','','','','',9,1,'6908 Lyrewood Ln Apt#165','','Oklahoma City','OK','73132','',153,55,'2012-05-14','2015-05-19',82,9,20,'','','','','',0,0,0,0,0,'0000-00-00','0000-00-00','dsims','76498229db1024a919bbbebc3ce6feb702ed3cb6f115926ac5a677b43f387ba3c169dce72c75793f0e5301fe616a3645f71e011f4b21eb0dee6ec849c6d9d42d'),('Smith','Dennis','','','OK:OKC:GRNDS','752','','','','','','',9,6,'4317 SW 22nd St','Apt 907','Oklahoma City','OK','73108','',154,0,'2013-11-25','2015-01-14',0,0,20,'','','','','',0,0,0,0,0,'0000-00-00','0000-00-00','dsmith','76498229db1024a919bbbebc3ce6feb702ed3cb6f115926ac5a677b43f387ba3c169dce72c75793f0e5301fe616a3645f71e011f4b21eb0dee6ec849c6d9d42d'),('Smith','Jason','','','TX:USA:WRHSE','291','','','','','','',3,6,'16324 Caney Fork Dr','','Justin','TX','76247','',155,73,'2006-06-25','2014-12-08',0,16,0,'','','','','',0,0,0,0,0,'0000-00-00','0000-00-00','jsmith','76498229db1024a919bbbebc3ce6feb702ed3cb6f115926ac5a677b43f387ba3c169dce72c75793f0e5301fe616a3645f71e011f4b21eb0dee6ec849c6d9d42d'),('Smith','Stephanie','','','OK:OKC:LSGSAL','1039','','','','','stephaniesmith6062@gmail.com','',3,16,'6828 Lyrewood Ln #144','','Oklahoma City','OK','73132','',156,67,'2015-06-12','0000-00-00',207,0,20,'','','','','',1,1,1,1,0,'0000-00-00','0000-00-00','ssmith','76498229db1024a919bbbebc3ce6feb702ed3cb6f115926ac5a677b43f387ba3c169dce72c75793f0e5301fe616a3645f71e011f4b21eb0dee6ec849c6d9d42d'),('Snow','Sean','','','','','','','','','','',1,22,'808 Old Colony Rd','','Midwest City','OK','73130','',157,0,'2011-08-22','2014-05-16',0,0,20,'','','','','',0,1,0,0,0,'0000-00-00','0000-00-00','ssnow','76498229db1024a919bbbebc3ce6feb702ed3cb6f115926ac5a677b43f387ba3c169dce72c75793f0e5301fe616a3645f71e011f4b21eb0dee6ec849c6d9d42d'),('Solis','Maria','','','','','','','','','','',10,27,'6201 NW 37th','','Bethany','OK','73008','',158,0,'2012-02-04','2014-06-27',0,0,20,'','','','','',0,1,0,0,0,'0000-00-00','0000-00-00','msolis','76498229db1024a919bbbebc3ce6feb702ed3cb6f115926ac5a677b43f387ba3c169dce72c75793f0e5301fe616a3645f71e011f4b21eb0dee6ec849c6d9d42d'),('Sooby','Christina','','','','','','','','','','',0,0,'','','','','','',159,0,'0000-00-00','2014-04-25',0,0,20,'','','','','',0,1,0,0,0,'0000-00-00','0000-00-00','csooby','76498229db1024a919bbbebc3ce6feb702ed3cb6f115926ac5a677b43f387ba3c169dce72c75793f0e5301fe616a3645f71e011f4b21eb0dee6ec849c6d9d42d'),('Southwell','Shanna','','','OK:OKC:FDBEV','1060','','','','','southwellshanna@gmail.com','',6,30,'1308 N Independence Ave','','Oklahoma City','OK','73107','',160,39,'2015-07-27','0000-00-00',73,6,20,'','','','','',1,1,3,3,0,'0000-00-00','0000-00-00','ssouthwell','76498229db1024a919bbbebc3ce6feb702ed3cb6f115926ac5a677b43f387ba3c169dce72c75793f0e5301fe616a3645f71e011f4b21eb0dee6ec849c6d9d42d'),('Sparks','Gabrielle','','','OK:OKC:GSERV','1059','','','','','gsparks88@gmail.com','',9,10,'2505 N. Robinson Apt 3','','Oklahoma City','OK','73103','',161,44,'2015-08-03','0000-00-00',49,7,20,'','','','','',1,1,2,2,0,'0000-00-00','0000-00-00','gsparks','76498229db1024a919bbbebc3ce6feb702ed3cb6f115926ac5a677b43f387ba3c169dce72c75793f0e5301fe616a3645f71e011f4b21eb0dee6ec849c6d9d42d'),('States','Clifton','','','OK:OKC:GRNDS','755','','','','','','',2,15,'1716 SE 51st Street','','Oklahoma City','OK','73129','',162,54,'2013-12-14','2015-04-13',0,9,20,'','','','','',0,1,0,0,0,'0000-00-00','0000-00-00','cstates','76498229db1024a919bbbebc3ce6feb702ed3cb6f115926ac5a677b43f387ba3c169dce72c75793f0e5301fe616a3645f71e011f4b21eb0dee6ec849c6d9d42d'),('Steadman','Jonathan','','','NY:USA:Design','1057','','','','','jonathan.steadman@gmail.com','',5,4,'808 Driggs Ave Apt 6D','','Brooklyn','NY','11211','',163,0,'2015-08-05','0000-00-00',199,0,0,'','','','','',1,1,1,1,0,'0000-00-00','0000-00-00','jsteadman','76498229db1024a919bbbebc3ce6feb702ed3cb6f115926ac5a677b43f387ba3c169dce72c75793f0e5301fe616a3645f71e011f4b21eb0dee6ec849c6d9d42d'),('Still','Shay','','','','','','','','','','',3,3,'700 NE 122nd','Apt 234','Oklahoma City','OK','73023','',164,0,'2014-02-09','2014-07-01',0,0,20,'','','','','',0,1,0,0,0,'0000-00-00','0000-00-00','sstill','76498229db1024a919bbbebc3ce6feb702ed3cb6f115926ac5a677b43f387ba3c169dce72c75793f0e5301fe616a3645f71e011f4b21eb0dee6ec849c6d9d42d'),('Strand','Rachel','','','OK:OKC:FDBEV','1020','','','','','','',6,5,'4320 NW 50th Street Apt 115','','Oklahoma City','OK','73112','',165,39,'2015-02-25','2015-04-17',73,6,20,'','','','','',0,1,0,0,0,'0000-00-00','0000-00-00','rstrand','76498229db1024a919bbbebc3ce6feb702ed3cb6f115926ac5a677b43f387ba3c169dce72c75793f0e5301fe616a3645f71e011f4b21eb0dee6ec849c6d9d42d'),('Strawn','Kylee','','','OK:OKC:GSERV','1007','','','','','strawnkylee@gmail.com','',2,23,'3441 NW 20th Street','','Okalhoma City','OK','73107','',166,19,'2014-11-17','2014-12-11',24,0,20,'','','','','',0,0,0,0,0,'0000-00-00','0000-00-00','kstrawn','76498229db1024a919bbbebc3ce6feb702ed3cb6f115926ac5a677b43f387ba3c169dce72c75793f0e5301fe616a3645f71e011f4b21eb0dee6ec849c6d9d42d'),('Sullivan','Jennifer','','','OK:OKC:ADMIN','814','','','','','jhouse82@gmail.com','',7,4,'4015 N Military Ave','','Oklahoma City','OK','73118','',167,0,'2014-06-09','2015-04-07',0,0,20,'','','','','',0,0,0,0,0,'0000-00-00','0000-00-00','jsullivan','76498229db1024a919bbbebc3ce6feb702ed3cb6f115926ac5a677b43f387ba3c169dce72c75793f0e5301fe616a3645f71e011f4b21eb0dee6ec849c6d9d42d'),('Taylor','Xavier','','','','','','','','','','',6,13,'6804 Lyrewood Lane','','Oklahoma City','OK','73132','',168,0,'2013-12-17','2014-04-29',0,0,20,'','','','','',0,1,0,0,0,'0000-00-00','0000-00-00','xtaylor','76498229db1024a919bbbebc3ce6feb702ed3cb6f115926ac5a677b43f387ba3c169dce72c75793f0e5301fe616a3645f71e011f4b21eb0dee6ec849c6d9d42d'),('Thomas','Tracey','','','OK:OKC:CPATR','1031','','','','','tracey.thomas.3532507@gmail.com','',4,17,'6916 Lyrewood Ln #184','','Oklahoma City','OK','73132','',169,23,'2015-05-12','0000-00-00',59,0,20,'','','','','',1,1,1,1,0,'0000-00-00','0000-00-00','tthomas','76498229db1024a919bbbebc3ce6feb702ed3cb6f115926ac5a677b43f387ba3c169dce72c75793f0e5301fe616a3645f71e011f4b21eb0dee6ec849c6d9d42d'),('Thompson','Lakota','','','OK:OKC:ADMIN','1032','','','','','kotahope@gmail.com','',8,3,'2335 NW 30th Street','','Oklahoma City','OK','73112','',170,4,'2015-05-11','2015-07-15',0,1,20,'','','','','',0,1,0,0,0,'0000-00-00','0000-00-00','lthompson','76498229db1024a919bbbebc3ce6feb702ed3cb6f115926ac5a677b43f387ba3c169dce72c75793f0e5301fe616a3645f71e011f4b21eb0dee6ec849c6d9d42d'),('Thompson','Laresia','','','OK:OKC:GSERV','1038','','','','','','',10,17,'601 Vista Ln TRLR 44','','Edmond','OK','73034','',171,0,'2015-06-01','2015-08-15',49,0,20,'','','','','',0,0,0,0,0,'0000-00-00','0000-00-00','lthompson1','76498229db1024a919bbbebc3ce6feb702ed3cb6f115926ac5a677b43f387ba3c169dce72c75793f0e5301fe616a3645f71e011f4b21eb0dee6ec849c6d9d42d'),('Tierce','Steven','','','OK:OKC:GRNDS','1063','','','','','','',4,26,'3401 Lightner Ln','','Oklahoma City','OK','73179','',172,54,'2015-07-30','0000-00-00',82,9,20,'','','','','',1,1,1,1,0,'0000-00-00','0000-00-00','stierce','76498229db1024a919bbbebc3ce6feb702ed3cb6f115926ac5a677b43f387ba3c169dce72c75793f0e5301fe616a3645f71e011f4b21eb0dee6ec849c6d9d42d'),('Tinoco','Jose','','','TX:TUC:MAINT','683','','','','','','',2,18,'1611 Tucasa Drive #148','','Irving','TX','75061','',173,57,'1996-05-20','0000-00-00',201,10,42,'','','','','',1,1,1,1,0,'0000-00-00','0000-00-00','jtinoco','76498229db1024a919bbbebc3ce6feb702ed3cb6f115926ac5a677b43f387ba3c169dce72c75793f0e5301fe616a3645f71e011f4b21eb0dee6ec849c6d9d42d'),('Treece','Christopher','','','OK:OKC:CPATR','1029','','','','','','',2,9,'511 Meadow lake Dr','','Edmond','OK','73003','',174,0,'2015-04-27','2015-05-29',59,0,20,'','','','','',0,0,0,0,0,'0000-00-00','0000-00-00','ctreece','76498229db1024a919bbbebc3ce6feb702ed3cb6f115926ac5a677b43f387ba3c169dce72c75793f0e5301fe616a3645f71e011f4b21eb0dee6ec849c6d9d42d'),('Valenciano','Robert','','','TX:TUC:CPATR','293','','','','','','',12,25,'1661 Darr St','#221','Irving','TX','75061','',175,22,'2006-06-25','0000-00-00',201,3,42,'','','','','',1,1,1,1,0,'0000-00-00','0000-00-00','rvalenciano','76498229db1024a919bbbebc3ce6feb702ed3cb6f115926ac5a677b43f387ba3c169dce72c75793f0e5301fe616a3645f71e011f4b21eb0dee6ec849c6d9d42d'),('Valenzuela','Ruth','','','OK:OKC:HSKPG','590','','','','','','',10,13,'12600 N Macarthur Blvd','Apt 1316','Oklahoma City','OK','73142','',176,52,'2010-02-15','0000-00-00',146,0,20,'','','','','',1,1,1,1,0,'0000-00-00','0000-00-00','rvalenzuela','76498229db1024a919bbbebc3ce6feb702ed3cb6f115926ac5a677b43f387ba3c169dce72c75793f0e5301fe616a3645f71e011f4b21eb0dee6ec849c6d9d42d'),('Vallejo','Blanca','','','OK:OKC:HSKPG','','','','','','','',2,6,'1115 N Purdue','','Oklahoma City','OK','73127','',177,0,'2014-08-16','2014-09-12',0,0,20,'','','','','',0,1,0,0,0,'0000-00-00','0000-00-00','bvallejo','76498229db1024a919bbbebc3ce6feb702ed3cb6f115926ac5a677b43f387ba3c169dce72c75793f0e5301fe616a3645f71e011f4b21eb0dee6ec849c6d9d42d'),('Vazquez','Luz','','','','','','','','','','',10,8,'612 SE 14th','','Oklahoma City','OK','73129','',178,0,'2014-07-13','2014-07-24',0,0,20,'','','','','',0,1,0,0,0,'0000-00-00','0000-00-00','lvazquez','76498229db1024a919bbbebc3ce6feb702ed3cb6f115926ac5a677b43f387ba3c169dce72c75793f0e5301fe616a3645f71e011f4b21eb0dee6ec849c6d9d42d'),('Walker','Tory','','','OK:OKC:GRNDS','1033','','','','','','',4,20,'6712 Lyrewood Ln Apt 71','','Oklahoma City','OK','73132','',179,54,'2015-05-21','2015-06-08',82,9,20,'','','','','',0,1,0,0,0,'0000-00-00','0000-00-00','twalker','76498229db1024a919bbbebc3ce6feb702ed3cb6f115926ac5a677b43f387ba3c169dce72c75793f0e5301fe616a3645f71e011f4b21eb0dee6ec849c6d9d42d'),('Walla','Jon','','','OK:OKC:PHONE','1009','','','','','jwallajr@gmail.com','',1,29,'5725 NW 115th Street','','Oklahoma City','OK','73162','',180,19,'2014-12-22','2015-01-06',24,0,20,'','','','','',0,0,0,0,0,'0000-00-00','0000-00-00','jwalla','76498229db1024a919bbbebc3ce6feb702ed3cb6f115926ac5a677b43f387ba3c169dce72c75793f0e5301fe616a3645f71e011f4b21eb0dee6ec849c6d9d42d'),('Waller','Timothy','','','OK:OKC:MAINT','1069','','','','','t.waller@gmail.com','',11,8,'6616 Lyrewood Lane','Apt 38','Oklahoma City','OK','73132','',181,0,'2015-08-10','0000-00-00',197,0,20,'','','','','',1,1,2,2,0,'0000-00-00','0000-00-00','twaller','76498229db1024a919bbbebc3ce6feb702ed3cb6f115926ac5a677b43f387ba3c169dce72c75793f0e5301fe616a3645f71e011f4b21eb0dee6ec849c6d9d42d'),('Wilde','Madison','','','','','','','','','','',7,28,'20520 Blackjack Ct','','Luther','OK','73054','',182,0,'2013-10-11','2014-01-24',0,0,20,'','','','','',0,1,0,0,0,'0000-00-00','0000-00-00','mwilde','76498229db1024a919bbbebc3ce6feb702ed3cb6f115926ac5a677b43f387ba3c169dce72c75793f0e5301fe616a3645f71e011f4b21eb0dee6ec849c6d9d42d'),('Williams','Desmond','','','OK:OKC:CPATR','1006','','','','','','',6,18,'6912 Lyrewood Ln #174','','Oklahoma City','OK','73132','',183,0,'2014-10-10','2015-03-25',0,0,20,'','','','','',0,0,0,0,0,'0000-00-00','0000-00-00','dwilliams','76498229db1024a919bbbebc3ce6feb702ed3cb6f115926ac5a677b43f387ba3c169dce72c75793f0e5301fe616a3645f71e011f4b21eb0dee6ec849c6d9d42d'),('Williams','Jayson','','','OK:OKC:FDBEV','1008','','','','','','',4,5,'7000 Lyrewood Lane #190','','Oklahoma City','OK','73132','',184,0,'2014-11-24','2015-05-08',0,0,20,'','','','','',0,0,0,0,0,'0000-00-00','0000-00-00','jwilliams','76498229db1024a919bbbebc3ce6feb702ed3cb6f115926ac5a677b43f387ba3c169dce72c75793f0e5301fe616a3645f71e011f4b21eb0dee6ec849c6d9d42d'),('Williams','Jesse','','','OK:OKC:CPATR','1058','','','','','','',12,24,'6912 Lyrewood Ln #170','','Oklahoma City','OK','73132','',185,23,'2015-07-29','0000-00-00',89,0,20,'','','','','',1,1,2,2,0,'0000-00-00','0000-00-00','jwilliams1','76498229db1024a919bbbebc3ce6feb702ed3cb6f115926ac5a677b43f387ba3c169dce72c75793f0e5301fe616a3645f71e011f4b21eb0dee6ec849c6d9d42d'),('Worley','Jennifer','','','OK:OKC:GSERV','759','','','','','','',7,7,'6712 Lyrewood Lane','Apt 66','Oklahoma City','OK','73132','',186,42,'2013-12-14','0000-00-00',49,7,20,'','','','','',1,1,1,1,0,'0000-00-00','0000-00-00','jworley','76498229db1024a919bbbebc3ce6feb702ed3cb6f115926ac5a677b43f387ba3c169dce72c75793f0e5301fe616a3645f71e011f4b21eb0dee6ec849c6d9d42d'),('Zapil','Ana','','','OK:OKC:HSKPG','816','','','','','','',7,24,'1500 N Drexel','','Oklahoma City','OK','73107','',187,52,'2014-06-14','0000-00-00',146,0,20,'','','','','',1,1,1,1,0,'0000-00-00','0000-00-00','azapil','76498229db1024a919bbbebc3ce6feb702ed3cb6f115926ac5a677b43f387ba3c169dce72c75793f0e5301fe616a3645f71e011f4b21eb0dee6ec849c6d9d42d'),('Zuber','David','','','OK:OKC:MAINT','1052','','','','','zuber_d@yahoo.com','',4,26,'7108 Lyrewood Ln Apt 242','','Oklahoma City','OK','73132','',188,56,'2015-07-02','0000-00-00',34,0,20,'','','','','',1,1,1,1,0,'0000-00-00','0000-00-00','dzuber','76498229db1024a919bbbebc3ce6feb702ed3cb6f115926ac5a677b43f387ba3c169dce72c75793f0e5301fe616a3645f71e011f4b21eb0dee6ec849c6d9d42d'),('Zuniga','Fernando','','','OK:OKC:MAINT','766','','','','','','',4,8,'6205 NW 63rd St','Apt B','Oklahoma City','OK','73132','',189,59,'2014-01-14','0000-00-00',197,0,20,'','','','','',1,1,1,1,0,'0000-00-00','0000-00-00','fzuniga','76498229db1024a919bbbebc3ce6feb702ed3cb6f115926ac5a677b43f387ba3c169dce72c75793f0e5301fe616a3645f71e011f4b21eb0dee6ec849c6d9d42d'),('Begg','Ryan','','','NY:NYR - USA:SALES','1061','','','','','','',3,24,'1536 Majors Path','','Southhampton','NY','11968','',190,76,'2015-08-06','0000-00-00',195,0,0,'','','','','',1,1,3,3,0,'0000-00-00','0000-00-00','rbegg','76498229db1024a919bbbebc3ce6feb702ed3cb6f115926ac5a677b43f387ba3c169dce72c75793f0e5301fe616a3645f71e011f4b21eb0dee6ec849c6d9d42d'),('Boucher','Judy Carole','','','NY:NYR - USA:SALES','654','','','','','','',11,24,'502 Park Avenue','Apartment 18D','New York','NY','10022','',191,29,'2010-01-16','0000-00-00',199,0,0,'','','','','',1,1,1,1,0,'0000-00-00','0000-00-00','jboucher','76498229db1024a919bbbebc3ce6feb702ed3cb6f115926ac5a677b43f387ba3c169dce72c75793f0e5301fe616a3645f71e011f4b21eb0dee6ec849c6d9d42d'),('Brzozowski','Susan','','','NY:NYR - USA:CRVDES','665','','','','','','',3,1,'31-35 31st St','Apt#503','Astoria','NY','11106','',192,32,'2012-04-01','0000-00-00',199,0,0,'','','','','',1,1,2,2,0,'0000-00-00','0000-00-00','sbrzozowski','76498229db1024a919bbbebc3ce6feb702ed3cb6f115926ac5a677b43f387ba3c169dce72c75793f0e5301fe616a3645f71e011f4b21eb0dee6ec849c6d9d42d'),('Farrell','Maureen','','','NY:NYR - USA:SALES','80','','','','','','',9,12,'333 E Broadway','5D','Long Beach','NY','11561','',193,66,'2011-10-17','0000-00-00',199,0,0,'','','','','',1,1,1,1,0,'0000-00-00','0000-00-00','mfarrell','76498229db1024a919bbbebc3ce6feb702ed3cb6f115926ac5a677b43f387ba3c169dce72c75793f0e5301fe616a3645f71e011f4b21eb0dee6ec849c6d9d42d'),('Gates','Siena','','','NY:NYR - USA:SALES','1044','','','','','gatessiena@icloud.com','',6,17,'63 Clearview Farm Road','','Southampton','NY','11968','',194,76,'2015-05-30','0000-00-00',195,0,0,'','','','','',1,1,3,3,0,'0000-00-00','0000-00-00','sgates','76498229db1024a919bbbebc3ce6feb702ed3cb6f115926ac5a677b43f387ba3c169dce72c75793f0e5301fe616a3645f71e011f4b21eb0dee6ec849c6d9d42d'),('Hale','JoAnn','','','NY:NYR - USA:SALES','1026','','','','','JFHale2000@aol.com','',9,7,'51 Meeting House Ln','','Southampton','NY','11968','',195,77,'2015-04-06','0000-00-00',193,0,0,'','','','','',1,1,2,2,0,'0000-00-00','0000-00-00','jhale','76498229db1024a919bbbebc3ce6feb702ed3cb6f115926ac5a677b43f387ba3c169dce72c75793f0e5301fe616a3645f71e011f4b21eb0dee6ec849c6d9d42d'),('Koenitzer','Charlotte','','','NY:NYR - USA:SALES','1027','','','','','charlottekoenitzer@yahoo.com','',8,18,'31 Winding Path Apt 6','','Manorville','NY','11949','',196,78,'2015-04-06','0000-00-00',193,0,0,'','','','','',1,1,2,2,0,'0000-00-00','0000-00-00','ckoenitzer','76498229db1024a919bbbebc3ce6feb702ed3cb6f115926ac5a677b43f387ba3c169dce72c75793f0e5301fe616a3645f71e011f4b21eb0dee6ec849c6d9d42d'),('Lewis','Deborah','','','OK:OKC:MAINT','413','','','','','dalokc@yahoo.com','',11,12,'6436 N Peniel','Apt 68','Oklahoma City','OK','73132','',197,58,'2007-09-14','0000-00-00',207,10,20,'','','','','',1,1,1,1,0,'0000-00-00','0000-00-00','dlewis','76498229db1024a919bbbebc3ce6feb702ed3cb6f115926ac5a677b43f387ba3c169dce72c75793f0e5301fe616a3645f71e011f4b21eb0dee6ec849c6d9d42d'),('Mansour','Joseph','','','TX:AII:ADMIN','1004','','','','','','',6,19,'424 Brandon Way','','Austin','TX','78733','',198,30,'2014-10-07','0000-00-00',0,0,4,'','','','','',1,1,1,1,0,'0000-00-00','0000-00-00','jmansour','76498229db1024a919bbbebc3ce6feb702ed3cb6f115926ac5a677b43f387ba3c169dce72c75793f0e5301fe616a3645f71e011f4b21eb0dee6ec849c6d9d42d'),('Mun','James','','','TX:USA:ADMIN','87','','','','','','',12,22,'4561 Vista Knoll Dr','','Plano','TX','75093','',199,7,'2012-01-02','0000-00-00',198,1,0,'','','','','',1,1,1,1,0,'0000-00-00','0000-00-00','jmun','76498229db1024a919bbbebc3ce6feb702ed3cb6f115926ac5a677b43f387ba3c169dce72c75793f0e5301fe616a3645f71e011f4b21eb0dee6ec849c6d9d42d'),('Nelson','Darla','','','TX:AII:ADMIN','391','','','','','','',3,9,'119 The Hills Drive','','The Hills','TX','78738','',200,9,'1996-01-01','0000-00-00',198,1,4,'','','','','',1,1,1,1,0,'0000-00-00','0000-00-00','dnelson','76498229db1024a919bbbebc3ce6feb702ed3cb6f115926ac5a677b43f387ba3c169dce72c75793f0e5301fe616a3645f71e011f4b21eb0dee6ec849c6d9d42d'),('Overbeck','Dianna','','','TX:TUC:ADMIN','686','','','','','','',1,27,'1711 Forest Band Lane','','Keller','TX','76248','',201,11,'1990-10-30','0000-00-00',198,1,42,'','','','','',1,1,1,1,0,'0000-00-00','0000-00-00','doverbeck','76498229db1024a919bbbebc3ce6feb702ed3cb6f115926ac5a677b43f387ba3c169dce72c75793f0e5301fe616a3645f71e011f4b21eb0dee6ec849c6d9d42d'),('Riccobene','Stacey','','','TX:AII:ACCTG','1001','','','','','stacia2103@gmail.com','',9,17,'9727 Anderson Village Dr','','Austin','TX','78729','',202,12,'2014-07-07','0000-00-00',200,1,4,'','','','','',1,1,1,1,0,'0000-00-00','0000-00-00','sriccobene','76498229db1024a919bbbebc3ce6feb702ed3cb6f115926ac5a677b43f387ba3c169dce72c75793f0e5301fe616a3645f71e011f4b21eb0dee6ec849c6d9d42d'),('Santaniello','Thomas','','','TX:AII:ADMIN','773','','','','','tsantaniello@accordinterests.com','',8,28,'9001 Amberglen Blvd','Apt 12302','Austin','TX','78729','',203,6,'2014-02-10','0000-00-00',198,1,4,'','','','','',1,1,1,1,0,'0000-00-00','0000-00-00','tsantaniello','76498229db1024a919bbbebc3ce6feb702ed3cb6f115926ac5a677b43f387ba3c169dce72c75793f0e5301fe616a3645f71e011f4b21eb0dee6ec849c6d9d42d'),('Shannon','David','','','OK:OKC:CPATR','1054','','','','','','',7,29,'6700 Lyrewood Ln #45','','Oklahoma City','OK','73132','',204,23,'2015-07-15','0000-00-00',59,3,20,'','','','','',1,1,1,1,0,'0000-00-00','0000-00-00','dshannon','76498229db1024a919bbbebc3ce6feb702ed3cb6f115926ac5a677b43f387ba3c169dce72c75793f0e5301fe616a3645f71e011f4b21eb0dee6ec849c6d9d42d'),('Tatum','Ronald Lee','','','OK:OKC:TRANS','663','','','','','','',6,8,'7048 Lyrewood Ln','','Oklahoma City','OK','73132','',205,21,'2010-12-18','0000-00-00',59,3,20,'','','','','',1,1,1,1,0,'0000-00-00','0000-00-00','rtatum','76498229db1024a919bbbebc3ce6feb702ed3cb6f115926ac5a677b43f387ba3c169dce72c75793f0e5301fe616a3645f71e011f4b21eb0dee6ec849c6d9d42d'),('Wheeler','Danny','','','OK:OKC:CAPMP','596','','','','','','',5,15,'8309 NW 140th St','','Oklahoma City','OK','73142','',206,61,'2010-03-01','0000-00-00',207,10,20,'','','','','',1,1,1,1,0,'0000-00-00','0000-00-00','dwheeler','76498229db1024a919bbbebc3ce6feb702ed3cb6f115926ac5a677b43f387ba3c169dce72c75793f0e5301fe616a3645f71e011f4b21eb0dee6ec849c6d9d42d'),('Wheeler','Melissa','','','OK:OKC:ADMIN','474','','','','','mwheeler1905@gmail.com','',10,9,'8309 NW 140th St','','Oklahoma City','OK','73142','',207,11,'2008-08-26','0000-00-00',198,0,20,'','','','','',1,1,1,1,0,'0000-00-00','0000-00-00','mwheeler','76498229db1024a919bbbebc3ce6feb702ed3cb6f115926ac5a677b43f387ba3c169dce72c75793f0e5301fe616a3645f71e011f4b21eb0dee6ec849c6d9d42d'),('Williams','Jordan','','','NY:NYR - USA:ADMIN','','','','','','','',11,29,'419 Hart St','Apt 1B','Brooklyn','NY','11221','',208,31,'2014-09-22','0000-00-00',199,0,0,'','','','','',1,1,2,2,0,'0000-00-00','0000-00-00','jwilliams2','76498229db1024a919bbbebc3ce6feb702ed3cb6f115926ac5a677b43f387ba3c169dce72c75793f0e5301fe616a3645f71e011f4b21eb0dee6ec849c6d9d42d'),('Yirach','Elad','','','TX:AII: CRVDES','','','','','','','',10,3,'1203 Daivd Dr','','Euless','TX','76040','',209,26,'2008-10-01','0000-00-00',198,0,0,'','','','','',1,1,1,1,0,'0000-00-00','0000-00-00','eyirach','76498229db1024a919bbbebc3ce6feb702ed3cb6f115926ac5a677b43f387ba3c169dce72c75793f0e5301fe616a3645f71e011f4b21eb0dee6ec849c6d9d42d'),('Feola','Andrew','','','CA:AII ADMIN','','','','','','','',10,31,'1417 Bruce Ave','','Glendale','CA','91202','',210,30,'2015-04-20','0000-00-00',198,0,4,'','','','','',1,1,2,1,0,'0000-00-00','0000-00-00','afeola','76498229db1024a919bbbebc3ce6feb702ed3cb6f115926ac5a677b43f387ba3c169dce72c75793f0e5301fe616a3645f71e011f4b21eb0dee6ec849c6d9d42d'),('Mansour','Steven','','','CA:AII ADMIN','','','408-921-9957','','408-921-9957','sman@accordinterests.com','sman@stevemansour.com',10,24,'2215 Wellington Dr','','Milpitas','CA','95035','',211,10,'2015-08-17','0000-00-00',198,0,4,'','','','','',1,1,0,0,0,'0000-00-00','0000-00-00','sman','fd6d04e4dd792b0fcc96ad736c336fb3cee75d5d50ec5b4720df64bcf9484572b6603da150540aeddd9d9ee5577d92496d5c77aa0bce3b44ef1f61c44184b022');
/*!40000 ALTER TABLE `people` ENABLE KEYS */;
UNLOCK TABLES;
/*!40103 SET TIME_ZONE=@OLD_TIME_ZONE */;

/*!40101 SET SQL_MODE=@OLD_SQL_MODE */;
/*!40014 SET FOREIGN_KEY_CHECKS=@OLD_FOREIGN_KEY_CHECKS */;
/*!40014 SET UNIQUE_CHECKS=@OLD_UNIQUE_CHECKS */;
/*!40101 SET CHARACTER_SET_CLIENT=@OLD_CHARACTER_SET_CLIENT */;
/*!40101 SET CHARACTER_SET_RESULTS=@OLD_CHARACTER_SET_RESULTS */;
/*!40101 SET COLLATION_CONNECTION=@OLD_COLLATION_CONNECTION */;
/*!40111 SET SQL_NOTES=@OLD_SQL_NOTES */;

-- Dump completed on 2015-11-06 11:43:56
