-- MySQL dump 10.13  Distrib 5.6.26, for osx10.10 (x86_64)
--
-- Host: localhost    Database: accord
-- ------------------------------------------------------
-- Server version	5.6.26

/*!40101 SET @OLD_CHARACTER_SET_CLIENT=@@CHARACTER_SET_CLIENT */;
/*!40101 SET @OLD_CHARACTER_SET_RESULTS=@@CHARACTER_SET_RESULTS */;
/*!40101 SET @OLD_COLLATION_CONNECTION=@@COLLATION_CONNECTION */;
/*!40101 SET NAMES utf8 */;
/*!40103 SET @OLD_TIME_ZONE=@@TIME_ZONE */;
/*!40103 SET TIME_ZONE='+00:00' */;
/*!40014 SET @OLD_UNIQUE_CHECKS=@@UNIQUE_CHECKS, UNIQUE_CHECKS=0 */;
/*!40014 SET @OLD_FOREIGN_KEY_CHECKS=@@FOREIGN_KEY_CHECKS, FOREIGN_KEY_CHECKS=0 */;
/*!40101 SET @OLD_SQL_MODE=@@SQL_MODE, SQL_MODE='NO_AUTO_VALUE_ON_ZERO' */;
/*!40111 SET @OLD_SQL_NOTES=@@SQL_NOTES, SQL_NOTES=0 */;

--
-- Table structure for table `DeductionList`
--

DROP TABLE IF EXISTS `DeductionList`;
/*!40101 SET @saved_cs_client     = @@character_set_client */;
/*!40101 SET character_set_client = utf8 */;
CREATE TABLE `DeductionList` (
  `dcode` mediumint(9) NOT NULL,
  `name` varchar(25) DEFAULT NULL
) ENGINE=InnoDB DEFAULT CHARSET=utf8;
/*!40101 SET character_set_client = @saved_cs_client */;

--
-- Dumping data for table `DeductionList`
--

LOCK TABLES `DeductionList` WRITE;
/*!40000 ALTER TABLE `DeductionList` DISABLE KEYS */;
INSERT INTO `DeductionList` VALUES (0,'Unknown'),(1,'401K'),(2,'401K Loan'),(3,'Child Support'),(4,'Dental'),(5,'FSA'),(6,'GARN'),(7,'Group Life'),(8,'Housing'),(9,'Medical'),(10,'Miscded'),(11,'Taxes');
/*!40000 ALTER TABLE `DeductionList` ENABLE KEYS */;
UNLOCK TABLES;

--
-- Table structure for table `companies`
--

DROP TABLE IF EXISTS `companies`;
/*!40101 SET @saved_cs_client     = @@character_set_client */;
/*!40101 SET character_set_client = utf8 */;
CREATE TABLE `companies` (
  `CoCode` mediumint(9) NOT NULL AUTO_INCREMENT,
  `LegalName` varchar(50) DEFAULT NULL,
  `CommonName` varchar(50) DEFAULT NULL,
  `Address` varchar(35) DEFAULT NULL,
  `Address2` varchar(35) DEFAULT NULL,
  `City` varchar(25) DEFAULT NULL,
  `State` char(25) DEFAULT NULL,
  `PostalCode` varchar(10) DEFAULT NULL,
  `Country` varchar(25) DEFAULT NULL,
  `Phone` varchar(25) DEFAULT NULL,
  `Fax` varchar(25) DEFAULT NULL,
  `Email` varchar(35) DEFAULT NULL,
  `Designation` char(3) NOT NULL,
  `Active` smallint(6) NOT NULL,
  `EmploysPersonnel` smallint(6) NOT NULL,
  PRIMARY KEY (`CoCode`)
) ENGINE=InnoDB AUTO_INCREMENT=76 DEFAULT CHARSET=utf8;
/*!40101 SET character_set_client = @saved_cs_client */;

--
-- Dumping data for table `companies`
--

LOCK TABLES `companies` WRITE;
/*!40000 ALTER TABLE `companies` DISABLE KEYS */;
INSERT INTO `companies` VALUES (1,'Accord/417, LLC','6417','11719 Bee Cave Road','Suite 301','Austin','TX','78738','USA','512-600-1880','323-512-0105','','417',1,0),(2,'Amal Brdoukan Mansour','','424 Brandon Way','','Austin','TX','78733','USA','818-516-9270','','amalbmansour@gmail.com','ABM',1,0),(3,'Acrosscity LDA','Acrosscity','Zona Industrial do Casal da Areia','Lote 55  Casal da Areia Distrito','Alcobaca','Freguesia','206 COZ','Portugal','351-1262-545-271','','','ACR',1,0),(4,'Accord Interests, LLC','Accord Interests','11719 Bee Cave Road','Suite 301','Austin','TX','78738','USA','323-512-0111','323-512-0105','','AII',1,1),(5,'Accord/JGM, LLC','AJM','11719 Bee Cave Road','Suite 301','Austin','TX','78738','USA','512-600-1880','323-512-0105','','AJM',1,0),(6,'Anna Joan Mansour','','424 Brandon Way','','Austin','TX','78738','USA','818-424-5534','','','ANN',1,0),(7,'Accord/BRO CLY, LLC','BCR','11719 Bee Cave Road','Suite 301','Austin','TX','78738','USA','512-600-1880','323-512-0105','','BCR',1,0),(8,'Accord/BRO, LLC','BRG','11719 Bee Cave Road','Suite 301','Austin','TX','78738','USA','512-600-1880','323-512-0105','','BRG',1,0),(9,'Accord/BRO Equity, LLC','BRE','11719 Bee Cave Road','Suite 301','Austin','TX','78738','USA','512-600-1880','323-512-0105','','BRE',1,0),(10,'Accord/BRO Members, LLC','BRO','11719 Bee Cave Road','Suite 301','Austin','TX','78738','USA','512-600-1880','323-512-0105','','BRO',1,0),(11,'BVS CBP Holdings, LLC','','11719 Bee Cave Road','Suite 301','Austin','TX','78738','USA','512-600-1880','323-512-0105','','BVS',1,0),(12,'CBP Member LLC','CBM','11719 Bee Cave Road','Suite 301','Austin','TX','78738','USA','512-600-1880','323-512-0105','','CBM',1,0),(13,'Ceruzzi-Beaumont Partners, LLC','Ceruzzi-Beaumont Partners','11719 Bee Cave Road','Suite 301','Austin','TX','78738','USA','512-600-1880','323-512-0105','','CBP',1,0),(14,'California Commerce Centre Owners Association','CCC','11719 Bee Cave Road','Suite 301','Austin','TX','78738','USA','512-600-1880','323-512-0105','','CCC',1,0),(15,'Darla J. Nelson','','119 The Hills Drive','','Austin','TX','78738','USA','512-502-5486','','','DJN',1,0),(16,'Elizabeth Joan Mansour','','424 Brandon Way','','Austin','TX','78733','USA','310-987-1223','','','ELI',1,0),(17,'Elad Yifrach','','1203 David Drive','','Euless','TX','76040','USA','310-897-8498','','','EY',1,0),(18,'Accord Guaranty LP','GUA','11719 Bee Cave Road','Suite 301','Austin','TX','78738','USA','','','','GUA',1,0),(19,'L\'Objet IOM Limited','L\'Objet IOM','Ground Floor West Suite','54-58 Athol Street','Douglas','','1M11JD','Isle of Man','','','','IOM',1,1),(20,'Accord/OKC Members, LLC','Isola Bella','6303 NW 63rd Street','','Oklahoma City','OK','73132','USA','405-721-2191','405-603-4095','','ISO',1,1),(21,'Joseph G. Mansour','','424 Brandon Way','','Austin','TX','78733','USA','310-245-8220','','','JGM',1,0),(22,'Joan L.Mansour','','424 Brandon Way','','Austin','TX','78733','USA','310-600-1723','','','JLM',1,0),(23,'Jacob Louis Sternbaum','','1602 Lakeway Boulevard','','Lakeway','TX','78734','USA','818-231-1970','','','JLS',1,0),(24,'JGM First, LLC','JM1','11719 Bee Cave Road','Suite 301','Austin','TX','78738','USA','512-600-1880','323-512-0105','','JM1',1,0),(25,'Jacob Sternbaum Trust','Jacob\'s Trust','11719 Bee Cave Road','Suite 301','Austin','TX','78738','USA','512-600-1880','323-512-0105','','JS1',1,0),(26,'Joseph G. Mansour Family Trust 1','JGM\'s Trust','11719 Bee Cave Road','Suite 301','Austin','TX','78738','USA','512-600-1880','323-512-0105','','JT1',1,0),(27,'KLS First, LLC','KS1','11719 Bee Cave Road','Suite 301','Austin','TX','78738','USA','512-600-1880','323-512-0105','','KS1',1,0),(28,'L\'Objet UK Limited','LUK','87-135 Brompton Road','Knightsbridge','London','','SW1X7XL','United Kingdom','','','','LUK',1,0),(29,'Maxxe E  Sternbaum','Maxxy','8756 Wonderland Avenue','','Los Angeles','CA','90046','USA','818-461-4141','','','MES',1,0),(30,'Accord/MOR, LLC','MOR','11719 Bee Cave Road','Suite 301','Austin','TX','78738','USA','512-600-1880','323-512-0105','','MOR',1,0),(31,'Maxxe Sternbaum Trust','Maxxy\'s Trust','11719 Bee Cave Road','Suite 301','Austin','TX','78738','USA','512-600-1880','323-512-0105','','MS1',1,0),(32,'NYC Luxury Reps, Inc.','NYR','41 Madison Avenue','16th Floor','New York','NY','10010','USA','212-251-1011','212-251-1012','','NYR',1,0),(33,'Accord/OKC, LLC','OKG','11719 Bee Cave Road','Suite 301','Austin','TX','78738','USA','310-600-1880','323-512-0105','','OKG',1,0),(34,'Accord/OLI Members, LLC','OL2','11719 Bee Cave Road','Suite 301','Austin','TX','78738','USA','512-600-1880','323-512-0105','','OL2',1,0),(35,'Accord/OLI Equity, LLC','OLE','11719 Bee Cave Road','Suite 301','Austin','TX','78738','USA','512-600-1880','323-512-0105','','OLE',1,0),(36,'231 W Olive Partners, Ltd','OLI','11719 Bee Cave Road','Suite 301','Austin','TX','78738','USA','512-600-1880','323-512-0105','','OLI',1,0),(37,'Accord/PAC Members, LLC','PAC','11719 Bee Cave Road','Suite 301','Austin','TX','78738','USA','512-600-1880','323-512-0105','','PAC',1,0),(38,'BH Rexford Group, Inc.','REX Owners Association','11719 Bee Cave Road','Suite 301','Austin','TX','78738','USA','512-600-1880','323-512-0105','','REH',1,0),(39,'SAT Isola Equity, LLC','SAE','11719 Bee Cave Road','Suite 301','Austin','TX','78738','USA','310-600-1880','323-512-0105','','SAE',1,0),(40,'SAT Isola Manager, LLC','SAG','11719 Bee Cave Road','Suite 301','Austin','TX','78738','USA','310-600-1880','323-512-0105','','SAG',1,0),(41,'SAT Isola Partners, LP','SAT','11719 Bee Cave Road','Suite 301','Austin','TX','78738','USA','310-600-1880','323-512-0105','','SAT',1,0),(42,'Texas Cedars, Ltd.','Tucasa','11719 Bee Cave Road','Suite 301','Austin','TX','78738','USA','310-600-1880','323-512-0105','','TUC',1,1),(43,'Tucasa Corporation','TUG','11719 Bee Cave Road','Suite 301','Austin','TX','78738','USA','310-600-1880','323-512-0105','','TUG',1,0),(44,'L\'Objet USA, LLC','L\'Objet USA','3515 Conflans Road','','Irving','TX','75061','USA','972-986-9575','972-767-4014','','USA',1,1),(45,'Accord/VAU Members, LLC','VAU','11719 Bee Cave Road','Suite 301','Austin','TX','78738','USA','310-600-1880','323-512-0105','','VAU',1,0),(46,'Accord/WIL Members, LLC','WIL','11719 Bee Cave Road','Suite 301','Austin','TX','78738','USA','310-600-1880','323-512-0105','','WIL',1,0),(47,'Accord Group, Inc.','Accord Group','','','','','','','','','','AGI',0,0),(48,'Accord Valet Services, LLC','Accord Valet','','','','','','','','','','AVS',0,0),(49,'Burbank Commerce Centre Industrial, Inc.','BCC','','','','','','','','','','BCC',0,0),(50,'Accord/BEV, LLC','BEG','','','','','','','','','','BEG',0,0),(51,'Accord/BEV Associates, L.P.','BEV','','','','','','','','','','BEV',0,0),(52,'Cedar Interests, Inc.','Cedar Properties','','','','','','','','','','CII',0,0),(53,'Accord/CLY, LLC','CLG','','','','','','','','','','CLG',0,0),(54,'Accord/CLY Members, LLC','CLY','','','','','','','','','','CLY',0,0),(55,'Accord/HOL Members, LLC','HOL','','','','','','','','','','HOL',0,0),(56,'JGM Family Trust 2','JT2','','','','','','','','','','JT2',0,0),(57,'Karl Louis Sternbaum','KLS','','','','','','','','','','KLS',0,0),(58,'Estate of Karl Sternbaum','KSE','','','','','','','','','','KSE',0,0),(59,'KLS Family Trust 1','KS1','','','','','','','','','','KT1',0,0),(60,'MANCO','MCO','','','','','','','','','','MCO',0,0),(61,'Mill Creek Group, Ltd. Co.','Mill Creek','','','','','','','','','','MCT',0,0),(62,'Maxxe Sternbaum Life Insurance Trust','Maxxes Life Insurance Trust','','','','','','','','','','MSL',0,0),(63,'Accord/NE2, LLC','NE2','','','','','','','','','','NE2',0,0),(64,'Accord/NEW Manager, LLC','NEG','','','','','','','','','','NEG',0,0),(65,'Accord/PAS, LLC','PAG','','','','','','','','','','PAG',0,0),(66,'Pasadena Hotel Associates, LLC','PAS','','','','','','','','','','PAS',0,0),(67,'Radford Place Associates','Radford','','','','','','','','','','RPA',0,0),(68,'Accord/SHO, LLC','SHG','','','','','','','','','','SHG',0,0),(69,'Accord/SHO Members, LLC','SHO','','','','','','','','','','SHO',0,0),(70,'Accord/SIE, LLC','SIE','','','','','','','','','','SIE',0,0),(71,'Sternbaum General Partnership','STE','','','','','','','','','','STE',0,0),(72,'Accord/VAU, LLC','VAG','','','','','','','','','','VAG',0,0),(73,'Accord/VIL, LLC','VIG','','','','','','','','','','VIG',0,0),(74,'Accord/VIL Members, LLC','VIL','','','','','','','','','','VIL',0,0),(75,'Accord/WIL, LLC','WIG','','','','','','','','','','WIG',0,0);
/*!40000 ALTER TABLE `companies` ENABLE KEYS */;
UNLOCK TABLES;

--
-- Table structure for table `compensation`
--

DROP TABLE IF EXISTS `compensation`;
/*!40101 SET @saved_cs_client     = @@character_set_client */;
/*!40101 SET character_set_client = utf8 */;
CREATE TABLE `compensation` (
  `uid` mediumint(9) NOT NULL,
  `type` mediumint(9) NOT NULL
) ENGINE=InnoDB DEFAULT CHARSET=utf8;
/*!40101 SET character_set_client = @saved_cs_client */;

--
-- Dumping data for table `compensation`
--

LOCK TABLES `compensation` WRITE;
/*!40000 ALTER TABLE `compensation` DISABLE KEYS */;
INSERT INTO `compensation` VALUES (67,0),(7,0),(20,2),(152,0),(208,1),(85,1),(109,2),(124,2),(138,0),(29,2),(60,0),(41,4),(94,4),(81,2),(133,2),(5,0),(31,0),(38,1),(210,1),(117,0),(137,0),(91,0),(183,0),(19,1),(160,2),(120,2),(190,2),(209,1),(75,0),(97,2),(105,2),(14,2),(37,2),(159,0),(169,2),(170,0),(15,0),(30,2),(56,2),(162,0),(36,0),(114,2),(118,0),(143,0),(157,0),(182,0),(136,2),(180,0),(54,0),(59,1),(98,2),(150,0),(165,0),(8,0),(13,2),(193,1),(204,2),(153,0),(158,0),(163,1),(164,0),(203,1),(44,0),(66,0),(87,0),(167,0),(70,2),(32,0),(139,0),(207,1),(122,2),(146,1),(172,2),(84,0),(111,2),(116,4),(199,1),(50,2),(76,2),(104,0),(93,2),(179,0),(39,0),(64,0),(89,1),(128,0),(131,0),(188,2),(132,4),(202,1),(10,4),(49,2),(6,0),(72,2),(90,0),(112,0),(145,2),(156,2),(12,0),(192,1),(171,0),(178,0),(194,2),(43,0),(77,2),(176,4),(121,0),(140,0),(148,0),(189,2),(196,2),(61,0),(55,1),(21,2),(53,2),(197,2),(71,2),(130,0),(142,2),(4,4),(69,4),(79,0),(68,0),(88,2),(99,2),(144,4),(9,2),(195,2),(35,0),(48,0),(102,0),(74,0),(51,2),(119,0),(177,0),(185,2),(57,2),(46,2),(34,2),(45,4),(107,0),(25,0),(47,2),(100,2),(127,0),(187,4),(205,2),(16,0),(24,2),(33,0),(155,0),(80,0),(96,2),(129,4),(95,0),(42,2),(82,2),(103,1),(27,2),(174,0),(149,1),(173,1),(175,1),(181,2),(18,0),(26,2),(191,1),(83,2),(141,1),(108,0),(1,0),(200,1),(65,0),(101,4),(211,1),(11,0),(63,0),(161,2),(92,0),(151,0),(62,0),(78,0),(147,1),(52,4),(106,2),(135,0),(125,2),(40,2),(22,2),(113,0),(28,0),(58,2),(168,0),(134,0),(186,2),(201,1),(23,4),(123,0),(184,0),(3,2),(73,1),(86,0),(110,2),(115,0),(154,0),(17,2),(2,0),(126,2),(166,0),(206,1),(198,1);
/*!40000 ALTER TABLE `compensation` ENABLE KEYS */;
UNLOCK TABLES;

--
-- Table structure for table `deductions`
--

DROP TABLE IF EXISTS `deductions`;
/*!40101 SET @saved_cs_client     = @@character_set_client */;
/*!40101 SET character_set_client = utf8 */;
CREATE TABLE `deductions` (
  `uid` mediumint(9) NOT NULL,
  `deduction` int(11) NOT NULL
) ENGINE=InnoDB DEFAULT CHARSET=utf8;
/*!40101 SET character_set_client = @saved_cs_client */;

--
-- Dumping data for table `deductions`
--

LOCK TABLES `deductions` WRITE;
/*!40000 ALTER TABLE `deductions` DISABLE KEYS */;
INSERT INTO `deductions` VALUES (3,11),(4,11),(4,9),(4,4),(9,11),(9,9),(9,4),(9,8),(10,11),(10,9),(10,4),(13,11),(13,9),(13,4),(14,11),(14,9),(14,4),(14,8),(17,11),(19,11),(19,9),(19,4),(20,11),(20,9),(20,4),(21,11),(21,9),(21,4),(21,1),(22,11),(22,8),(23,11),(23,9),(23,4),(24,11),(24,9),(24,4),(24,8),(26,11),(26,8),(27,11),(29,11),(29,9),(29,4),(30,11),(30,9),(30,4),(30,6),(34,11),(34,9),(34,4),(34,3),(34,8),(37,11),(37,9),(37,4),(37,10),(37,8),(38,11),(38,9),(38,4),(40,11),(40,9),(40,4),(41,11),(41,9),(41,4),(42,11),(42,9),(42,4),(45,11),(45,9),(45,4),(46,11),(46,9),(46,4),(46,1),(47,11),(47,9),(47,4),(47,1),(49,11),(49,9),(49,4),(50,11),(51,11),(52,11),(53,11),(53,9),(53,4),(55,11),(55,9),(55,4),(55,5),(55,1),(56,11),(56,9),(56,4),(57,11),(57,9),(57,4),(57,8),(58,11),(58,9),(58,4),(59,11),(59,9),(59,4),(59,8),(69,11),(69,9),(69,4),(70,11),(70,9),(70,4),(71,11),(72,11),(73,11),(73,9),(73,4),(76,11),(76,9),(76,4),(76,8),(77,11),(77,9),(77,4),(81,11),(81,9),(81,4),(81,3),(82,11),(82,9),(82,4),(83,11),(83,9),(83,4),(85,11),(88,11),(89,11),(89,9),(89,4),(89,8),(93,11),(94,11),(94,9),(94,4),(96,11),(96,9),(96,4),(96,8),(99,11),(99,8),(100,11),(101,11),(101,9),(101,4),(103,11),(103,9),(103,4),(105,11),(105,8),(109,11),(109,9),(109,4),(110,11),(110,9),(110,4),(111,11),(111,9),(111,4),(111,8),(114,11),(114,9),(114,4),(116,11),(116,9),(116,4),(120,11),(122,11),(124,11),(124,9),(124,4),(124,8),(125,11),(125,9),(125,4),(126,11),(126,9),(126,4),(126,8),(129,11),(129,9),(129,4),(132,11),(132,9),(132,4),(133,11),(133,9),(133,4),(136,11),(141,11),(141,9),(141,4),(142,11),(142,9),(142,4),(142,8),(144,11),(144,9),(144,4),(145,11),(146,11),(146,9),(146,4),(146,5),(147,11),(147,9),(147,4),(149,11),(156,11),(156,9),(156,4),(156,8),(160,11),(161,11),(163,11),(163,9),(163,4),(169,11),(169,8),(172,11),(172,3),(173,11),(173,9),(173,4),(173,8),(175,11),(175,9),(175,4),(176,11),(176,9),(176,4),(181,11),(181,8),(185,11),(185,8),(186,11),(186,9),(186,4),(186,8),(187,11),(187,9),(187,4),(188,11),(188,9),(188,4),(188,8),(188,3),(189,11),(189,9),(189,4),(189,8),(190,11),(191,11),(191,4),(191,9),(191,7),(191,5),(192,11),(192,1),(193,11),(193,1),(194,11),(195,11),(196,11),(197,11),(197,4),(197,9),(197,7),(197,1),(199,11),(200,11),(200,4),(200,9),(200,7),(201,11),(201,4),(201,9),(201,7),(201,10),(202,11),(202,4),(202,9),(202,7),(202,5),(202,1),(203,11),(203,4),(203,9),(203,7),(204,11),(204,8),(205,11),(205,4),(205,9),(205,7),(205,8),(206,11),(206,4),(206,9),(206,7),(206,5),(206,1),(206,2),(207,11),(207,4),(207,9),(207,7),(207,5),(207,1),(207,2),(208,11),(209,11),(210,11),(211,11),(212,11),(198,4),(198,9),(198,11);
/*!40000 ALTER TABLE `deductions` ENABLE KEYS */;
UNLOCK TABLES;

--
-- Table structure for table `departments`
--

DROP TABLE IF EXISTS `departments`;
/*!40101 SET @saved_cs_client     = @@character_set_client */;
/*!40101 SET character_set_client = utf8 */;
CREATE TABLE `departments` (
  `deptcode` mediumint(9) NOT NULL AUTO_INCREMENT,
  `name` varchar(25) DEFAULT NULL,
  PRIMARY KEY (`deptcode`)
) ENGINE=InnoDB AUTO_INCREMENT=17 DEFAULT CHARSET=utf8;
/*!40101 SET character_set_client = @saved_cs_client */;

--
-- Dumping data for table `departments`
--

LOCK TABLES `departments` WRITE;
/*!40000 ALTER TABLE `departments` DISABLE KEYS */;
INSERT INTO `departments` VALUES (1,'Administrative'),(2,'Capital Improvements'),(3,'Courtesy Patrol'),(4,'Customer Service'),(5,'Fitness Center'),(6,'Food & Beverage'),(7,'Guest Services'),(8,'Housekeeping'),(9,'Landscaping'),(10,'Maintenance'),(11,'Product Development'),(12,'Product Sales'),(13,'Serviced Apt Sales'),(14,'Trad Apt Sales'),(15,'Unknown'),(16,'Warehouse');
/*!40000 ALTER TABLE `departments` ENABLE KEYS */;
UNLOCK TABLES;

--
-- Table structure for table `jobtitles`
--

DROP TABLE IF EXISTS `jobtitles`;
/*!40101 SET @saved_cs_client     = @@character_set_client */;
/*!40101 SET character_set_client = utf8 */;
CREATE TABLE `jobtitles` (
  `jobcode` mediumint(9) NOT NULL AUTO_INCREMENT,
  `Title` varchar(40) DEFAULT NULL,
  `DeptCode` mediumint(9) DEFAULT NULL,
  PRIMARY KEY (`jobcode`)
) ENGINE=InnoDB AUTO_INCREMENT=83 DEFAULT CHARSET=utf8;
/*!40101 SET character_set_client = @saved_cs_client */;

--
-- Dumping data for table `jobtitles`
--

LOCK TABLES `jobtitles` WRITE;
/*!40000 ALTER TABLE `jobtitles` DISABLE KEYS */;
INSERT INTO `jobtitles` VALUES (1,'Accounting Assistant',1),(2,'Accounting Associate',1),(3,'Accounting Manager',1),(4,'Administrative Assistant',1),(5,'Assistant Manager',1),(6,'Associate Developer',1),(7,'Chief Executive Officer',1),(8,'Chief Financial Officer',1),(9,'Chief Operating Officer',1),(10,'Chief Technology Officer',1),(11,'General Manager',1),(12,'HR & Payroll Manager',1),(13,'Intern',1),(14,'Night Auditor',1),(15,'Office Manager',1),(16,'Procurement Specialist',1),(17,'Special Projects Associate',1),(18,'Director of Procurements',1),(19,'Call Center Associate',0),(20,'Call Center Manager',0),(21,'Courtesy Patrol Driver',3),(22,'Courtesy Patrol Manager',3),(23,'Courtesy Patrol Officer',3),(24,'Courtesy Patrol Supervisor',3),(25,'Designer',0),(26,'Creative Director',0),(27,'Development Coordinator',0),(28,'Director of Fragrence',0),(29,'Director of Sales',0),(30,'Principal',0),(31,'Studio Manager',0),(32,'Visual Arts Director',0),(33,'Fitness Center Attendant',5),(34,'Fitness Center Manager',5),(35,'Food and Beverage Manager',5),(36,'Executive Chef',6),(37,'Food & Bev Associate',6),(38,'Bar Manager',6),(39,'Bartender',6),(40,'Host',6),(41,'Waitstaff',6),(42,'Guest Services Associate',7),(43,'Concierge Manager',7),(44,'Concierge',7),(45,'Guest Services Manager',7),(46,'Housekeeping Manager',8),(47,'Housekeeping Supervisor',8),(48,'Common Area Housekeeper',8),(49,'Laundry Associate',8),(50,'Laundry Attendant',8),(51,'Serviced Apt Housekeeper',8),(52,'Svc Apt Housekeeping Associate',8),(53,'Traditional Apt Housekeeper',8),(54,'Grounds Associate',9),(55,'Grounds Supervisor',9),(56,'Maintenance Associate',10),(57,'Maintenance Manager',10),(58,'Maintenance Supervisor',10),(59,'Makeready Associate',10),(60,'Cap Improvement Associate',10),(61,'Cap Improvement Supervisor',10),(62,'Customer Service Associate',0),(63,'Customer Service Manager',0),(64,'Product Sales Associate',0),(65,'Product Sales Manager',0),(66,'National Accounts Manager',0),(67,'Leasing Associate',14),(68,'Leasing Manager',14),(69,'Packer',16),(70,'Repair Room Staff',16),(71,'Seasonal Associate',16),(72,'Checker',16),(73,'Warehouse Associate',16),(74,'Warehouse Manager',16),(75,'Warehouse Supervisor',16),(76,'Retail Clerk',0),(77,'Store Manager',0),(78,'Asst Store Manager',0),(79,'Traditional Apt Housekeeping Assoc',8),(80,'Makeready Technician',0),(81,'Serviced Apt Sales Associate',0),(82,'Unknown',0);
/*!40000 ALTER TABLE `jobtitles` ENABLE KEYS */;
UNLOCK TABLES;

--
-- Table structure for table `people`
--

DROP TABLE IF EXISTS `people`;
/*!40101 SET @saved_cs_client     = @@character_set_client */;
/*!40101 SET character_set_client = utf8 */;
CREATE TABLE `people` (
  `LastName` varchar(25) DEFAULT NULL,
  `FirstName` varchar(25) DEFAULT NULL,
  `MiddleName` varchar(25) DEFAULT NULL,
  `Salutation` varchar(10) DEFAULT NULL,
  `Class` varchar(25) DEFAULT NULL,
  `PositionControlNumber` varchar(10) DEFAULT NULL,
  `Email` varchar(35) DEFAULT NULL,
  `OfficePhone` varchar(25) DEFAULT NULL,
  `OfficeFax` varchar(25) DEFAULT NULL,
  `CellPhone` varchar(25) DEFAULT NULL,
  `PrimaryEmail` varchar(35) DEFAULT NULL,
  `SecondaryEmail` varchar(35) DEFAULT NULL,
  `birthMonth` tinyint(4) DEFAULT NULL,
  `birthDoM` tinyint(4) DEFAULT NULL,
  `HomeStreetAddress` varchar(35) DEFAULT NULL,
  `HomeStreetAddress2` varchar(25) DEFAULT NULL,
  `HomeCity` varchar(25) DEFAULT NULL,
  `HomeState` char(2) DEFAULT NULL,
  `HomePostalCode` varchar(10) DEFAULT NULL,
  `HomeCountry` varchar(25) DEFAULT NULL,
  `uid` mediumint(9) NOT NULL AUTO_INCREMENT,
  `jobcode` mediumint(9) DEFAULT NULL,
  `hire` date DEFAULT NULL,
  `termination` date DEFAULT NULL,
  `mgruid` mediumint(9) NOT NULL,
  `deptcode` mediumint(9) DEFAULT NULL,
  `cocode` mediumint(9) DEFAULT NULL,
  `StateOfEmployment` varchar(25) NOT NULL,
  `CountryOfEmployment` varchar(25) NOT NULL,
  `PreferredName` varchar(25) NOT NULL,
  `EmergencyContactName` varchar(25) NOT NULL,
  `EmergencyContactPhone` varchar(25) NOT NULL,
  `status` smallint(6) NOT NULL,
  `EligibleForRehire` smallint(6) NOT NULL,
  `AcceptedHealthInsurance` smallint(6) NOT NULL,
  `AcceptedDentalInsurance` smallint(6) NOT NULL,
  `Accepted401K` smallint(6) NOT NULL,
  `LastReview` date DEFAULT NULL,
  `NextReview` date DEFAULT NULL,
  PRIMARY KEY (`uid`)
) ENGINE=InnoDB AUTO_INCREMENT=213 DEFAULT CHARSET=utf8;
/*!40101 SET character_set_client = @saved_cs_client */;

--
-- Dumping data for table `people`
--

LOCK TABLES `people` WRITE;
/*!40000 ALTER TABLE `people` DISABLE KEYS */;
INSERT INTO `people` VALUES ('Frank','Delfina','','','','','','(968) 551-9314','(508) 130-3562','(135) 508-3648','DelfinaF3513@aol.com','DFrank2944@gmail.com',10,21,'15758 River','','Columbia','NH','73128','',1,0,'2014-07-12','2014-07-24',0,0,23,'','','','','',0,1,0,0,0,'0000-00-00','0000-00-00'),('Brennan','Sallie','','','OK:OKC:FDBEV','','','(418) 196-9345','(858) 701-9067','(224) 238-0087','SBrennan2308@bdiddy.com','SBrennan5508@hotmail.com',1,15,'52144 Apache','','Greenville','PA','73132','',2,42,'2014-02-26','2014-09-05',0,7,20,'','','','','',0,0,0,0,0,'0000-00-00','0000-00-00'),('Rhodes','Alexander','','','OK:OKC:GSERV','1066','','(420) 747-3311','(321) 643-1400','(175) 471-1202','AlexanderR9532@abiz.com','ARhodes8538@comcast.net',10,23,'31526 Hickory','','West Covina','CT','73142','',3,42,'2015-08-10','0000-00-00',49,0,20,'','','','','',1,1,2,2,0,'0000-00-00','0000-00-00'),('Marshall','Kayla','','','OK:OKC:HSKPG','79','','(439) 538-9033','(410) 945-7314','(969) 517-8379','KMarshall286@comcast.net','KMarshall4758@gmail.com',12,1,'25615 Birch','','Chesapeake','MN','73112','',4,52,'2011-08-13','0000-00-00',146,0,20,'','','','','',1,1,1,1,0,'0000-00-00','0000-00-00'),('Dale','Veola','','','OK:OKC:HSKPG','79','','(324) 246-4654','(309) 529-0395','(799) 360-0393','VDale4301@bdiddy.com','VeolaD97@comcast.net',12,10,'95945 Zoo','','Havre de Grace','NJ','73112','',5,0,'2011-08-13','2015-04-29',146,0,20,'','','','','',0,1,0,0,0,'0000-00-00','0000-00-00'),('Keith','Edison','','','','','','(743) 845-5331','(414) 443-7304','(546) 566-6561','EKeith8043@bdiddy.com','EdisonK4890@hotmail.com',11,4,'74600 Pine','','San Diego','MD','73132','',6,0,'2014-02-24','2014-03-09',0,0,20,'','','','','',0,1,0,0,0,'0000-00-00','0000-00-00'),('Camacho','Jenniffer','','','OK:OKC:HSKPG','','','(993) 589-8360','(980) 768-1257','(153) 775-0213','JennifferCamacho777@gmail.com','JCamacho3554@comcast.net',7,2,'60142 N 400','Apt. #5647','Melbourne','IL','73119','',7,0,'2010-07-23','2014-03-11',0,0,20,'','','','','',0,0,0,0,0,'0000-00-00','0000-00-00'),('Mullen','Casie','','','OK:OKC:HSKPG','','','(972) 942-4750','(770) 971-0040','(372) 598-5694','CMullen2028@yahoo.com','CasieM1827@yahoo.com',12,21,'39337 13th','','New London','OH','73109','',8,0,'2011-12-20','2014-03-24',0,0,20,'','','','','',0,0,0,0,0,'0000-00-00','0000-00-00'),('Marks','Tinisha','','','OK:OKC:LSGSAL','832','','(494) 595-2790','(355) 107-8830','(483) 158-8497','TinishaM4431@yahoo.com','TinishaMarks428@abiz.com',9,23,'72492 Lehua','','Laredo','HI','73132','',9,42,'2014-08-13','0000-00-00',49,7,20,'','','','','',1,1,1,1,0,'0000-00-00','0000-00-00'),('Rosario','Leighann','','','OK:OKC:HSKPG','783','','(148) 693-9503','(721) 471-3755','(779) 235-5253','LRosario4570@hotmail.com','LeighannR5256@gmail.com',5,31,'11603 Seventh','Apt. #7353','Pomona','OH','73129','',10,0,'2012-09-29','0000-00-00',146,0,20,'','','','','',1,1,1,1,0,'0000-00-00','0000-00-00'),('Chaney','Darla','','','OK:OKC:FDBEV','1005','','(676) 447-5718','(280) 512-6109','(932) 461-7262','DarlaC1790@yahoo.com','DChaney6970@aol.com',2,24,'93907 Hillside','','Richmond','VA','73132','',11,0,'2014-10-15','2015-02-21',0,0,20,'','','','','',0,0,0,0,0,'0000-00-00','0000-00-00'),('Gates','Marissa','','','','','','(228) 119-3180','(165) 528-5907','(454) 384-4242','MGates1734@hotmail.com','MarissaG3438@yahoo.com',5,29,'56629 Eleventh','','El Paso','VT','73132','',12,0,'2014-06-01','2014-09-02',0,0,20,'','','','','',0,0,0,0,0,'0000-00-00','0000-00-00'),('Burton','Lorene','','','OK:OKC:HSKPG','604','','(753) 439-6338','(746) 872-8104','(341) 877-3158','LoreneB9319@hotmail.com','LoreneBurton548@aol.com',7,6,'57184 Cypress','Apt. #3205','Palm Springs','WV','73112','',13,0,'2010-05-19','0000-00-00',146,0,20,'','','','','',1,1,1,1,0,'0000-00-00','0000-00-00'),('Wiggins','Neida','','','OK:OKC:HSKPG','624','','(316) 121-6199','(505) 210-3933','(117) 338-3482','NeidaW7165@bdiddy.com','NeidaW5047@comcast.net',9,9,'77836 Cypress','','Salem','TN','73132','',14,50,'2010-07-25','0000-00-00',146,0,20,'','','','','',1,1,1,1,0,'0000-00-00','0000-00-00'),('York','Herlinda','','','','','','(315) 750-7647','(847) 365-0886','(475) 209-0527','HerlindaYork392@aol.com','HerlindaYork162@hotmail.com',4,17,'80615 N 400','','Joliet','OH','73106','',15,0,'2014-04-30','2014-05-08',0,0,20,'','','','','',0,1,0,0,0,'0000-00-00','0000-00-00'),('Barber','Ima','','','OK:OKC:FDBEV','','','(202) 105-0688','(728) 110-7265','(179) 243-3410','IBarber4734@bdiddy.com','ImaB1260@hotmail.com',10,31,'79998 Willow','Apt. #4829','Portland','IA','73120','',16,0,'2014-10-14','2014-10-27',0,0,20,'','','','','',0,0,0,0,0,'0000-00-00','0000-00-00'),('Conway','Hermelinda','','','OK:OKC:FDBEV','803','','(192) 635-2317','(608) 128-3047','(826) 247-1380','HermelindaConway190@yahoo.com','HConway4437@yahoo.com',2,16,'98812 North Carolina','Apt. #683','New Bedford','SD','73132','',17,39,'2014-05-05','0000-00-00',73,6,20,'','','','','',1,1,3,3,0,'0000-00-00','0000-00-00'),('Church','Jeri','','','OK:OKC:MAINT','609','','(110) 707-3257','(557) 748-7047','(226) 781-5262','JeriChurch912@bdiddy.com','JChurch3056@hotmail.com',12,29,'38470 S 400','','Saint Petersburg','ND','73127','',18,0,'2010-05-26','2015-05-26',0,0,20,'','','','','',0,0,0,0,0,'0000-00-00','0000-00-00'),('Franks','Lewis','','','TX:AII:ACCTG','786','','(762) 219-0248','(242) 876-2829','(835) 426-8740','LFranks8656@bdiddy.com','LewisFranks902@comcast.net',5,23,'48365 Cypress','Apt. #225','Riverside','WV','78745','',19,8,'2014-03-10','0000-00-00',73,1,4,'','','','','',1,1,1,1,0,'0000-00-00','0000-00-00'),('Buck','Tifany','','','OK:OKC:HSKPG','700','','(462) 795-4642','(301) 468-6562','(507) 304-4108','TBuck8271@hotmail.com','TifanyB7962@gmail.com',2,14,'89412 Eleventh','','Albany','MS','73127','',20,52,'2012-09-12','0000-00-00',146,0,20,'','','','','',1,1,1,1,0,'0000-00-00','0000-00-00'),('Glass','Bertram','','','TX:USA:WRHSE','434','','(898) 715-1129','(983) 397-7080','(929) 883-8888','BGlass2361@abiz.com','BertramGlass711@comcast.net',5,26,'59048 Magnolia','','Lakeland','DE','76028','',21,75,'2006-08-14','0000-00-00',199,16,0,'','','','','',1,1,1,1,0,'0000-00-00','0000-00-00'),('Crosby','Xiomara','','','OK:OKC:GRNDS','1067','','(609) 305-9634','(878) 539-1158','(342) 290-1812','XiomaraC9494@abiz.com','XCrosby1841@bdiddy.com',5,18,'51183 Fifth','','Lacey','WA','73132','',22,54,'2015-08-14','0000-00-00',82,9,20,'','','','','',1,1,2,2,0,'0000-00-00','0000-00-00'),('Pennington','Joanna','','','OK:OKC:HSKPG','118','','(915) 379-5654','(114) 320-8383','(333) 243-7527','JoannaP9006@abiz.com','JoannaPennington584@gmail.com',12,9,'91917 Hampton','Apt. #35','York','DC','73008','',23,52,'2012-07-02','0000-00-00',146,0,20,'','','','','',1,1,1,1,0,'0000-00-00','0000-00-00'),('Jarvis','Siobhan','','','OK:OKC:PHONE','782','','(766) 267-6621','(250) 208-8457','(863) 648-9218','SiobhanJarvis5@gmail.com','SiobhanJarvis864@hotmail.com',4,5,'12660 Hampton','','Baltimore','NY','73132','',24,20,'2012-09-24','0000-00-00',207,0,20,'','','','','',1,1,1,1,0,'0000-00-00','0000-00-00'),('Bird','Emerson','','','OK:OKC:CPATR','1049','','(438) 992-0912','(505) 710-5073','(744) 738-6374','EBird9625@aol.com','EBird54@aol.com',10,24,'22028 Hill','','Athens','MI','73034','',25,0,'2015-07-08','2015-07-27',0,0,20,'','','','','',0,1,0,0,0,'0000-00-00','0000-00-00'),('Bean','Lilia','','','OK:OKC:GRNDS','1040','','(451) 259-7154','(522) 139-4097','(392) 282-9626','LiliaBean21@bdiddy.com','LBean5636@aol.com',5,4,'94881 Meadow','','Atlantic City','ND','73127','',26,54,'2015-06-03','0000-00-00',82,9,20,'','','','','',1,1,1,1,0,'0000-00-00','0000-00-00'),('Mays','Rachell','','','TX:AII:ACCTG','1056','','(349) 584-4391','(861) 389-0871','(321) 765-3899','RMays9220@aol.com','RachellMays213@aol.com',2,22,'34477 Sunset','','Flint','KS','78669','',27,16,'2015-07-29','0000-00-00',19,1,4,'','','','','',1,1,1,1,0,'0000-00-00','0000-00-00'),('Lynn','Winona','','','','','','(645) 461-2853','(582) 477-6400','(879) 150-5643','WLynn2508@yahoo.com','WinonaLynn392@gmail.com',7,7,'86769 Williams','Apt. #7175','Newport News','WV','73089','',28,0,'2013-10-30','2014-07-02',0,0,20,'','','','','',0,1,0,0,0,'0000-00-00','0000-00-00'),('Burris','Jimmy','','','TX:TUC:ADMIN','277','','(859) 805-4566','(449) 167-0730','(636) 873-6170','JimmyBurris439@bdiddy.com','JBurris1773@hotmail.com',2,14,'38541 Kukui','Apt. #5537','San Jose','ME','75212','',29,5,'2004-09-14','0000-00-00',201,1,42,'','','','','',1,1,1,1,0,'0000-00-00','0000-00-00'),('Price','Brendon','','','OK:OKC:ADMIN','720','','(327) 624-2627','(807) 723-4762','(559) 280-6292','BPrice8208@yahoo.com','BrendonP8294@yahoo.com',5,15,'35780 Apache','','Bradenton','MO','73069','',30,5,'2013-06-17','0000-00-00',207,0,20,'','','','','',1,1,1,1,0,'0000-00-00','0000-00-00'),('Nichols','Delmy','','','OK:OKC:CPATR','1048','','(498) 121-8072','(691) 320-7750','(361) 540-6638','DNichols1256@hotmail.com','DelmyN5080@aol.com',9,28,'21836 9th','','Newport News','MS','73142','',31,0,'2015-07-01','2015-07-09',0,0,20,'','','','','',0,0,0,0,0,'0000-00-00','0000-00-00'),('Allison','Teresita','','','OK:OKC:MAINT','515','','(976) 550-4153','(419) 184-4240','(271) 105-5905','TeresitaA8756@yahoo.com','TAllison1936@abiz.com',5,4,'56538 13th','Apt. #4935','Bryan','TN','73142','',32,0,'2009-03-30','2015-06-06',0,0,20,'','','','','',0,1,0,0,0,'0000-00-00','0000-00-00'),('Ryan','Alyse','','','','','','(388) 129-7653','(929) 189-0785','(934) 611-7662','AlyseR2589@bdiddy.com','AlyseRyan545@bdiddy.com',2,21,'39437 Palo Verde','','Temecula','TN','73132','',33,0,'2013-08-05','2014-02-27',0,0,20,'','','','','',0,0,0,0,0,'0000-00-00','0000-00-00'),('Cain','Lorie','','','OK:OKC:MAINT','702','','(468) 404-3852','(220) 498-0032','(287) 649-2035','LorieCain761@yahoo.com','LorieCain911@comcast.net',4,22,'72172 Pioneer','Apt. #8115','Kennewick','NJ','73132','',34,58,'2012-09-12','0000-00-00',197,0,20,'','','','','',1,1,1,1,0,'0000-00-00','0000-00-00'),('Bowen','Frances','','','OK:OKC:GRNDS','1050','','(801) 780-6957','(787) 858-9978','(234) 890-8295','FrancesB293@comcast.net','FBowen7998@gmail.com',1,28,'74623 1st','','Warren','CA','73132','',35,0,'2015-06-29','2015-08-14',82,0,20,'','','','','',0,1,0,0,0,'0000-00-00','0000-00-00'),('Daniel','Lia','','','OK:OKC:GSERV','','','(593) 790-3277','(531) 611-3173','(523) 274-7052','LiaDaniel201@abiz.com','LDaniel4735@bdiddy.com',5,10,'75975 Jackson','','Sacramento','VA','73099','',36,19,'2014-04-30','2014-10-18',0,0,20,'','','','','',0,0,0,0,0,'0000-00-00','0000-00-00'),('Sosa','Louis','','','OK:OKC:FDBEV','584','','(352) 406-7375','(360) 183-5291','(619) 444-1222','LSosa6058@gmail.com','LSosa8439@hotmail.com',2,11,'66995 River','','Toledo','CO','73132','',37,0,'2010-01-25','0000-00-00',73,0,20,'','','','','',1,1,1,1,0,'0000-00-00','0000-00-00'),('Dennis','Henry','','','TX:USA:ADMIN','511','','(704) 450-1833','(735) 960-5505','(267) 902-5736','HenryD6770@hotmail.com','HDennis6307@hotmail.com',11,19,'34630 Sycamore','','Utica','VT','76040','',38,15,'2006-05-01','0000-00-00',199,1,20,'','','','','',1,1,1,1,0,'0000-00-00','0000-00-00'),('Woodard','Moriah','','','','','','(262) 685-3656','(374) 664-7292','(262) 567-1621','MoriahW438@gmail.com','MWoodard7270@comcast.net',7,8,'72067 Pinon','Apt. #2006','Hialeah','CO','73122','',39,0,'2010-09-25','2014-07-02',0,0,20,'','','','','',0,1,0,0,0,'0000-00-00','0000-00-00'),('Sanders','Dorene','','','OK:OKC:CAPMP','1018','','(553) 328-6152','(768) 984-5951','(973) 361-4433','DSanders6012@abiz.com','DSanders4301@aol.com',7,15,'52574 10th','Apt. #2236','Denver','SC','73107','',40,17,'2015-01-26','0000-00-00',206,1,20,'','','','','',1,1,1,1,0,'0000-00-00','0000-00-00'),('Mason','Vivienne','','','OK:OKC:HSKPG','93','','(766) 856-4498','(392) 881-2777','(488) 465-9708','VivienneM8671@yahoo.com','VivienneMason293@gmail.com',11,4,'14900 Ridge','','Nashville','MD','73107','',41,0,'2011-12-24','0000-00-00',146,0,20,'','','','','',1,1,1,1,0,'0000-00-00','0000-00-00'),('Whitley','Pennie','','','OK:OKC:FDBEV','1016','','(936) 933-0606','(904) 814-4928','(472) 281-9392','PWhitley2557@aol.com','PWhitley2451@hotmail.com',3,19,'8411 Seventh','','Houston','NJ','73132','',42,37,'2015-01-21','0000-00-00',73,0,20,'','','','','',1,1,1,1,0,'0000-00-00','0000-00-00'),('Whitney','Carlota','','','','','','(646) 805-7792','(142) 481-2114','(749) 204-6270','CWhitney6420@aol.com','CarlotaW6276@hotmail.com',11,17,'94401 Apache','','Austin','AK','73105','',43,0,'2014-08-08','2014-09-19',0,0,20,'','','','','',0,0,0,0,0,'0000-00-00','0000-00-00'),('Forbes','Stormy','','','','','','(103) 516-1408','(618) 982-5226','(444) 156-6929','StormyF4796@yahoo.com','SForbes8779@yahoo.com',10,26,'74916 S 100','Apt. #5952','North Charleston','CO','73132','',44,0,'2014-01-06','2014-02-02',0,0,20,'','','','','',0,1,0,0,0,'0000-00-00','0000-00-00'),('Gray','Louise','','','OK:OKC:HSKPG','701','','(673) 784-8722','(160) 603-3701','(987) 975-1794','LGray4520@yahoo.com','LouiseGray140@aol.com',3,20,'11686 Aloha','','Gainesville','AR','73132','',45,52,'2012-09-09','0000-00-00',146,0,20,'','','','','',1,1,1,1,0,'0000-00-00','0000-00-00'),('Franco','Bernetta','','','TX:USA:WRHSE','303','','(369) 172-2815','(230) 780-7128','(440) 642-8028','BernettaFranco914@aol.com','BFranco3606@hotmail.com',8,26,'91151 Quail','','Santa Ana','NY','75061','',46,73,'2006-12-11','0000-00-00',199,16,0,'','','','','',1,1,1,1,0,'0000-00-00','0000-00-00'),('Ingram','Noella','','','TX:USA:WRHSE','588','','(615) 932-5803','(739) 950-8753','(597) 117-0242','NoellaI1694@comcast.net','NoellaI4416@bdiddy.com',5,30,'25382 New Mexico','','Visalia','MO','75061','',47,73,'2007-10-17','0000-00-00',199,16,0,'','','','','',1,1,1,1,0,'0000-00-00','0000-00-00'),('West','Frida','','','OK:OKC:GSERV','738','','(342) 362-4878','(526) 633-9474','(214) 863-3636','FWest9748@bdiddy.com','FWest7980@comcast.net',11,19,'60891 Pecan','','Long Beach','RI','73162','',48,44,'2013-09-16','2015-06-08',49,7,20,'','','','','',0,1,0,0,0,'0000-00-00','0000-00-00'),('Flowers','Fay','','','OK:OKC:GSERV','687','','(113) 341-0872','(670) 566-2466','(558) 382-9735','FayF5460@comcast.net','FayFlowers383@gmail.com',11,21,'26366 Meadow','Apt. #4833','Tallahassee','TN','73142','',49,43,'2009-09-29','0000-00-00',207,7,20,'','','','','',1,1,1,1,0,'0000-00-00','0000-00-00'),('Stephenson','Jaleesa','','','OK:OKC:GSERV','1036','','(638) 218-3619','(550) 101-6460','(718) 947-2017','JaleesaStephenson949@yahoo.com','JaleesaStephenson750@hotmail.com',9,22,'50581 Holly','Apt. #4497','Chandler','AR','73142','',50,42,'2015-06-01','0000-00-00',49,0,20,'','','','','',1,1,3,3,0,'0000-00-00','0000-00-00'),('Benjamin','Taunya','','','OK:OKC:ADMIN','764','','(142) 570-1460','(709) 833-8047','(437) 429-7661','TaunyaB6241@comcast.net','TaunyaB8164@abiz.com',4,27,'77084 Ridge','','Cambridge','NH','73083','',51,2,'2015-07-23','0000-00-00',30,1,20,'','','','','',1,1,2,2,0,'0000-00-00','0000-00-00'),('Sweet','Therese','','','OK:OKC:HSKPG','1070','','(556) 270-8898','(749) 153-7945','(300) 770-1661','ThereseS7597@bdiddy.com','ThereseSweet155@aol.com',2,11,'26930 Willow','Apt. #3196','Cary','NM','73122','',52,52,'2015-08-23','0000-00-00',146,0,20,'','','','','',1,1,2,2,0,'0000-00-00','0000-00-00'),('Witt','Ronni','','','OK:OKC:LSGSAL','821','','(298) 427-4462','(796) 298-4516','(379) 865-1567','RWitt8124@comcast.net','RonniW2565@gmail.com',3,19,'15660 Walnut','','Carrollton','MA','73132','',53,68,'2014-07-23','0000-00-00',207,0,20,'','','','','',1,1,1,1,0,'0000-00-00','0000-00-00'),('Hood','Gwyneth','','','OK:OKC:FDBEV','1017','','(126) 460-4196','(519) 862-3160','(796) 574-0250','GHood1722@hotmail.com','GwynethH7822@gmail.com',5,12,'66777 Meadow','Apt. #8452','Temecula','PA','73122','',54,0,'2015-01-19','2015-01-21',73,0,20,'','','','','',0,0,0,0,0,'0000-00-00','0000-00-00'),('Vargas','Elin','','','TX:USA:ACCTG','629','','(491) 835-3011','(605) 872-9376','(587) 498-5982','ElinVargas6@bdiddy.com','ElinV2094@gmail.com',9,30,'43950 Oak','Apt. #1318','Allentown','MN','76117','',55,2,'2010-09-13','0000-00-00',199,0,0,'','','','','',1,1,1,1,0,'0000-00-00','0000-00-00'),('Mack','Latia','','','OK:OKC:FDBEV','717','','(404) 568-7708','(808) 499-1696','(590) 495-9954','LMack393@bdiddy.com','LMack9786@abiz.com',1,28,'23633 Ridge','Apt. #970','Minneapolis','NH','73132','',56,38,'2013-06-06','0000-00-00',73,6,20,'','','','','',1,1,1,1,0,'0000-00-00','0000-00-00'),('Mayer','Octavio','','','OK:OKC:CPATR','799','','(498) 757-1799','(203) 700-7228','(688) 266-8556','OMayer8747@hotmail.com','OctavioMayer484@bdiddy.com',4,15,'87429 Airport','','Columbia','RI','73132','',57,23,'2014-04-16','0000-00-00',59,3,20,'','','','','',1,1,1,1,0,'0000-00-00','0000-00-00'),('Joseph','Elanor','','','OK:OKC:MAINT','760','','(746) 903-5562','(390) 266-1820','(450) 887-0432','ElanorJ5925@bdiddy.com','EJoseph7334@bdiddy.com',10,25,'33199 Oak','','Salinas','OH','73064','',58,0,'2013-05-22','0000-00-00',197,0,20,'','','','','',1,1,1,1,0,'0000-00-00','0000-00-00'),('Bennett','Christy','','','OK:OKC:CPATR','726','','(866) 939-0281','(971) 575-4925','(823) 847-9954','ChristyBennett854@gmail.com','CBennett7542@comcast.net',9,18,'27213 Cedar','Apt. #9474','Santa Clarita','IA','73132','',59,24,'2013-07-09','0000-00-00',207,3,20,'','','','','',1,1,1,1,0,'0000-00-00','0000-00-00'),('Robinson','Cinthia','','','','','','(135) 307-0534','(392) 916-1545','(723) 181-9549','CRobinson4599@bdiddy.com','CinthiaR2542@hotmail.com',4,4,'77206 South Dakota','','GreenBay','IL','73505','',60,0,'2014-02-25','2014-04-20',0,0,20,'','','','','',0,0,0,0,0,'0000-00-00','0000-00-00'),('Carver','Delta','','','OK:OKC:GRNDS','1062','','(872) 952-9023','(550) 573-5539','(964) 930-7701','DeltaCarver78@bdiddy.com','DeltaCarver615@yahoo.com',3,1,'66802 West Virginia','','Davenport','CO','73128','',61,54,'2015-07-30','2015-08-15',82,9,20,'','','','','',0,0,0,0,0,'0000-00-00','0000-00-00'),('Hopper','Carlyn','','','OK:OKC:GRNDS','1041','','(634) 154-3967','(440) 803-2159','(338) 765-6440','CarlynH5778@yahoo.com','CHopper7243@bdiddy.com',7,31,'1013 Hillside','Apt. #2452','Leominster','WA','73162','',62,54,'2015-06-12','2015-08-15',82,9,20,'','','','','',0,0,0,0,0,'0000-00-00','0000-00-00'),('Roberson','Shakira','','','TX:AII:ACCTG','1002','','(903) 863-0785','(737) 892-9995','(226) 374-5280','SRoberson160@abiz.com','ShakiraR6035@yahoo.com',8,21,'66186 Columbine','','Reno','KY','78749','',63,13,'2014-10-21','2015-03-11',0,1,20,'','','','','',0,1,0,0,0,'0000-00-00','0000-00-00'),('Landry','Avery','','','','','','(803) 487-6920','(862) 539-7327','(738) 470-0094','ALandry4481@abiz.com','AveryL6948@gmail.com',12,23,'65371 Holly','Apt. #1619','Joliet','AL','73103','',64,0,'2014-05-20','2014-07-13',0,0,20,'','','','','',0,0,0,0,0,'0000-00-00','0000-00-00'),('Foley','Wynell','','','OK:OKC:CPATR','1025','','(159) 336-3272','(327) 164-7621','(596) 371-2545','WynellF1211@comcast.net','WynellF2266@gmail.com',3,21,'42381 North','Apt. #6987','Reno','MT','73121','',65,0,'2015-03-26','2015-04-23',59,0,20,'','','','','',0,0,0,0,0,'0000-00-00','0000-00-00'),('Walters','Kum','','','OK:OKC:CPATR','1022','','(688) 548-2670','(639) 514-8254','(126) 812-0436','KumW7492@abiz.com','KWalters2231@bdiddy.com',2,2,'96 Church','','Sterling Heights','OH','73132','',66,0,'2015-03-08','2015-04-23',59,0,20,'','','','','',0,0,0,0,0,'0000-00-00','0000-00-00'),('Bradley','Pearline','','','','','','(451) 219-9657','(851) 605-9525','(239) 847-3145','PBradley5136@gmail.com','PearlineB2560@yahoo.com',9,20,'5236 7th','','Cathedral City','DE','73132','',67,0,'2013-01-01','2014-01-17',0,0,20,'','','','','',0,1,0,0,0,'0000-00-00','0000-00-00'),('Ramos','Olevia','','','','','','(192) 270-1953','(857) 136-0369','(436) 492-4745','OleviaRamos663@yahoo.com','OleviaR2783@gmail.com',2,15,'60428 Tenth','','Monterey','WA','73108','',68,0,'2013-08-27','2014-01-31',0,0,20,'','','','','',0,1,0,0,0,'0000-00-00','0000-00-00'),('Cantrell','Seema','','','OK:OKC:HSKPG','51','','(539) 948-3053','(269) 236-2161','(477) 152-1592','SeemaC9330@yahoo.com','SCantrell6297@gmail.com',10,9,'24350 Zoo','Apt. #1376','Canton','ID','73132','',69,52,'2010-12-04','0000-00-00',146,0,20,'','','','','',1,1,1,1,0,'0000-00-00','0000-00-00'),('Cummings','Yanira','','','OK:OKC:CAPMP','1013','','(120) 613-5941','(541) 788-7121','(254) 141-3740','YaniraCummings932@aol.com','YaniraCummings947@gmail.com',8,19,'82702 Eleventh','','Lakewood','ND','73132','',70,60,'2015-01-01','0000-00-00',206,1,20,'','','','','',1,1,1,1,0,'0000-00-00','0000-00-00'),('Kennedy','Bert','','','TX:USA:WRHSE','319','','(694) 296-8317','(110) 390-0265','(905) 417-4438','BKennedy8911@gmail.com','BertK7908@gmail.com',5,15,'36687 Lee','','Akron','MO','75061','',71,73,'2007-07-02','0000-00-00',199,16,0,'','','','','',1,1,2,2,0,'0000-00-00','0000-00-00'),('Hess','Ettie','','','TX:USA:WRHSE','597','','(699) 827-4193','(214) 516-8619','(810) 533-2531','EHess8749@gmail.com','EttieH4267@aol.com',9,11,'87757 Magnolia','','El Paso','OH','75061','',72,71,'2010-03-18','0000-00-00',199,16,0,'','','','','',1,1,2,2,0,'0000-00-00','0000-00-00'),('Barr','Russell','','','OK:OKC:FDBEV','689','','(694) 430-0760','(174) 251-1106','(733) 876-7849','RussellBarr844@yahoo.com','RussellB6410@hotmail.com',7,10,'49000 Cypress','Apt. #7676','Lubbock','HI','73132','',73,36,'2011-06-03','0000-00-00',207,6,20,'','','','','',1,1,1,1,0,'0000-00-00','0000-00-00'),('Harvey','Hanh','','','TX:AII:ACCTG','1024','','(753) 732-8916','(996) 374-1761','(591) 938-2491','HanhH7207@hotmail.com','HanhH3139@bdiddy.com',12,12,'68787 Pleasant','','North Charleston','SC','78705','',74,13,'2015-03-30','2015-08-28',0,1,4,'','','','','',0,1,0,0,0,'0000-00-00','0000-00-00'),('Sherman','Jalisa','','','OK:OKC:GSERV','','','(119) 879-8819','(478) 576-2843','(390) 274-7192','JalisaSherman43@comcast.net','JSherman7875@abiz.com',4,22,'69983 Seventh','Apt. #9517','Anaheim','TX','73132','',75,0,'2014-09-23','2014-11-11',0,0,20,'','','','','',0,0,0,0,0,'0000-00-00','0000-00-00'),('Howard','Ivonne','','','OK:OKC:PHONE','1010','','(726) 698-4201','(891) 276-8127','(865) 245-3326','IHoward7870@bdiddy.com','IvonneHoward118@abiz.com',8,8,'35890 Aspen','Apt. #8214','New Bedford','NJ','73132','',76,19,'2014-12-22','0000-00-00',24,0,20,'','','','','',1,1,1,1,0,'0000-00-00','0000-00-00'),('James','Stefanie','','','OK:OKC:GRNDS','1037','','(191) 266-9324','(677) 161-6141','(520) 275-1370','StefanieJames778@aol.com','StefanieJ1040@bdiddy.com',1,15,'12745 A','','Norwich','NH','73135','',77,54,'2015-06-01','0000-00-00',82,9,20,'','','','','',1,1,1,1,0,'0000-00-00','0000-00-00'),('Hatfield','Jami','','','','','','(365) 962-7444','(255) 327-6404','(307) 540-2081','JHatfield8999@gmail.com','JamiH9296@yahoo.com',9,30,'17285 Mesquite','Apt. #7706','Murrieta','MO','73132','',78,0,'2014-01-24','2014-08-14',0,0,20,'','','','','',0,0,0,0,0,'0000-00-00','0000-00-00'),('Gillespie','Kiersten','','','','','','(730) 624-5604','(203) 505-6677','(719) 528-5553','KierstenG3596@aol.com','KGillespie1090@abiz.com',1,26,'79654 Aspen','','Erie','MO','73112','',79,0,'2014-04-28','2014-08-29',0,0,20,'','','','','',0,1,0,0,0,'0000-00-00','0000-00-00'),('Curry','Victoria','','','','','','(764) 920-2293','(884) 889-8999','(444) 143-7212','VictoriaC8581@yahoo.com','VCurry8585@aol.com',9,29,'62529 11th','Apt. #1453','Youngstown','FL','73122','',80,0,'2014-02-04','2014-02-13',0,0,20,'','','','','',0,1,0,0,0,'0000-00-00','0000-00-00'),('Scott','Karina','','','OK:OKC:MAINT','789','','(608) 820-6033','(958) 812-7796','(965) 711-3994','KScott4397@gmail.com','KarinaS3504@gmail.com',10,20,'85201 Lee','Apt. #2768','Chula Vista','MO','73132','',81,0,'2012-09-24','0000-00-00',197,0,20,'','','','','',1,1,1,1,0,'0000-00-00','0000-00-00'),('Gates','Tona','','','OK:OKC:GRNDS','1015','','(422) 792-1464','(625) 487-5318','(933) 192-4686','TGates2767@aol.com','TonaGates27@bdiddy.com',12,18,'62083 North','','Gilbert','WV','73070','',82,55,'2015-04-30','0000-00-00',207,9,20,'','','','','',1,1,1,1,0,'0000-00-00','0000-00-00'),('Williams','Corine','','','OK:OKC:GRNDS','1045','','(523) 289-2691','(249) 106-6390','(482) 881-8704','CorineWilliams661@hotmail.com','CorineWilliams662@hotmail.com',10,9,'2032 Spruce','','San Jose','MT','73159','',83,54,'2015-06-23','0000-00-00',82,9,20,'','','','','',1,1,1,1,0,'0000-00-00','0000-00-00'),('Sosa','Shelli','','','','','','(853) 599-6981','(362) 588-7220','(815) 965-6860','ShelliSosa489@abiz.com','ShelliS9886@aol.com',7,20,'68873 Holly','','Rochester','DC','73127','',84,0,'2014-04-29','2014-06-14',0,0,20,'','','','','',0,1,0,0,0,'0000-00-00','0000-00-00'),('Oconnor','Kris','','','OK:OKC:SALES','155','','(453) 994-1710','(503) 587-3373','(245) 530-6387','KrisO4172@yahoo.com','KOconnor3157@yahoo.com',4,25,'64657 Center','Apt. #5712','Medford','MN','73130','',85,29,'2010-11-17','0000-00-00',207,0,20,'','','','','',1,1,2,2,0,'0000-00-00','0000-00-00'),('Mack','Shandi','','','','','','(402) 174-4101','(242) 610-0620','(403) 199-4448','ShandiMack729@yahoo.com','ShandiMack130@gmail.com',5,27,'15720 Second','','Murrieta','AR','73084','',86,0,'2013-12-14','2014-05-13',0,0,20,'','','','','',0,1,0,0,0,'0000-00-00','0000-00-00'),('James','Latrice','','','','','','(507) 726-0045','(326) 416-3363','(300) 839-9607','LJames6055@bdiddy.com','LatriceJames834@bdiddy.com',8,26,'70576 Orchard','Apt. #1852','Shreveport','ND','73128','',87,0,'2014-05-08','2014-09-20',0,0,20,'','','','','',0,1,0,0,0,'0000-00-00','0000-00-00'),('Hunt','Luvenia','','','TX:USA:ADMIN','745','','(602) 302-5492','(115) 250-8926','(588) 146-2209','LuveniaHunt187@gmail.com','LuveniaHunt445@yahoo.com',10,7,'93547 Holly','','Thornton','VT','75050','',88,62,'2013-10-14','0000-00-00',199,0,0,'','','','','',1,1,2,2,0,'0000-00-00','0000-00-00'),('Arnold','Twana','','','OK:OKC:CPATR','756','','(599) 742-2322','(127) 532-0337','(129) 916-2003','TArnold2534@abiz.com','TArnold9329@gmail.com',10,31,'49759 Seventh','','Bellevue','OH','73132','',89,24,'2013-12-14','0000-00-00',59,3,20,'','','','','',1,1,1,1,0,'0000-00-00','0000-00-00'),('Sears','Kourtney','','','','','','(296) 679-6310','(128) 329-4062','(728) 846-0028','KSears7589@yahoo.com','KourtneyS8124@aol.com',2,2,'45826 S 400','Apt. #9941','Aurora','WA','73099','',90,0,'2014-03-26','2014-09-20',0,0,20,'','','','','',0,1,0,0,0,'0000-00-00','0000-00-00'),('Goodman','Patti','','','OK:OKC:GRNDS','775','','(726) 713-4611','(168) 499-9888','(543) 841-5838','PattiGoodman87@yahoo.com','PattiG9214@bdiddy.com',12,30,'13000 11th','','Little Rock','AL','73132','',91,54,'2014-02-21','2015-06-12',0,9,20,'','','','','',0,1,0,0,0,'0000-00-00','0000-00-00'),('Hoffman','Harris','','','OK:OKC:CPATR','531','','(481) 481-5362','(137) 567-5536','(211) 478-8321','HHoffman5417@hotmail.com','HarrisHoffman231@gmail.com',3,6,'86992 Sunset','','Charlotte','MT','73120','',92,0,'2009-06-17','2015-02-23',0,0,20,'','','','','',0,1,0,0,0,'0000-00-00','0000-00-00'),('Mccullough','Vernetta','','','OK:OKC:GSERV','1042','','(128) 880-2420','(986) 419-5047','(461) 490-7079','VernettaMccullough402@hotmail.com','VMccullough2221@gmail.com',12,23,'98285 10th','Apt. #725','Carrollton','SC','73132','',93,0,'2015-06-15','0000-00-00',49,0,20,'','','','','',1,1,3,3,0,'0000-00-00','0000-00-00'),('Kim','Marisela','','','OK:OKC:HSKPG','116','','(287) 606-2061','(378) 625-9358','(399) 353-6386','MariselaK2611@comcast.net','MKim5328@abiz.com',11,4,'40884 7th','Apt. #1300','Wilmington','DC','73008','',94,52,'2012-06-01','0000-00-00',146,0,20,'','','','','',1,1,1,1,0,'0000-00-00','0000-00-00'),('Patrick','Susanna','','','','','','(143) 922-8595','(949) 287-3826','(551) 586-0407','SPatrick2221@aol.com','SusannaPatrick873@comcast.net',12,23,'78330 Orchard','','Oakland','MN','73149','',95,0,'2013-11-12','2014-05-15',0,0,20,'','','','','',0,1,0,0,0,'0000-00-00','0000-00-00'),('Brown','Jay','','','OK:OKC:HSKPG','602','','(149) 689-3809','(734) 928-4836','(751) 740-1938','JayBrown380@yahoo.com','JayBrown607@hotmail.com',3,4,'25833 Spruce','Apt. #4690','Eugene','CT','73132','',96,79,'2010-04-26','0000-00-00',146,8,20,'','','','','',1,1,1,1,0,'0000-00-00','0000-00-00'),('Mcclain','Danelle','','','TX:AII:ACCTG','820','','(118) 413-3203','(260) 441-4628','(694) 741-2630','DanelleM2146@yahoo.com','DanelleMcclain148@yahoo.com',11,21,'34460 Apache','Apt. #5236','Mission Viejo','DC','78738','',97,4,'2014-06-30','0000-00-00',19,1,4,'','','','','',0,1,0,0,0,'0000-00-00','0000-00-00'),('Briggs','Moshe','','','TX:AII:ACCTG','1046','','(455) 947-4586','(318) 465-5949','(149) 832-6640','MBriggs7590@abiz.com','MosheBriggs638@comcast.net',1,11,'67970 Seventh','','Ogden','AZ','78738','',98,4,'2015-06-25','0000-00-00',19,1,4,'','','','','',0,1,0,0,0,'0000-00-00','0000-00-00'),('Sheppard','Elvia','','','OK:OKC:LSGSAL','1053','','(240) 121-2804','(527) 148-8664','(942) 850-5894','ElviaS3594@comcast.net','ESheppard6675@gmail.com',8,11,'8767 Pinon','','Mesquite','DC','73132','',99,67,'2015-07-13','0000-00-00',207,0,20,'','','','','',1,1,1,1,0,'0000-00-00','0000-00-00'),('Hanson','Karisa','','','TX:USA:WRHSE','316','','(162) 899-1904','(545) 754-3923','(364) 796-8029','KarisaHanson513@comcast.net','KarisaH6036@aol.com',2,1,'57138 Second','Apt. #9585','Reading','MA','75061','',100,73,'2007-06-18','0000-00-00',199,16,0,'','','','','',1,1,2,2,0,'0000-00-00','0000-00-00'),('Oneal','Stefan','','','OK:OKC:HSKPG','792','','(509) 818-3247','(596) 118-5665','(524) 471-4411','StefanOneal210@gmail.com','SOneal2026@yahoo.com',9,20,'56059 West Virginia','','Indianapolis','CT','73122','',101,50,'2014-03-31','0000-00-00',146,0,20,'','','','','',1,1,1,1,0,'0000-00-00','0000-00-00'),('Kramer','Claretha','','','OK:OKC:HSKPG','830','','(183) 444-2724','(579) 256-0737','(418) 504-2837','ClarethaKramer778@gmail.com','CKramer5464@hotmail.com',10,5,'67395 River','Apt. #5375','Mission Viejo','MO','73109','',102,0,'2014-08-16','2015-07-03',0,0,20,'','','','','',0,0,0,0,0,'0000-00-00','0000-00-00'),('Carey','Evelina','','','TX:AII:ACCTG','795','','(595) 432-5238','(524) 889-4321','(934) 549-3216','EvelinaCarey478@gmail.com','ECarey7558@gmail.com',4,12,'81045 Cedar','','Davidson County','MA','78613','',103,2,'2014-04-07','0000-00-00',19,0,4,'','','','','',1,1,1,1,0,'0000-00-00','0000-00-00'),('Griffin','Britany','','','OK:OKC:GRNDS','1030','','(721) 747-7429','(791) 159-6572','(169) 988-7874','BritanyGriffin468@yahoo.com','BGriffin2876@yahoo.com',10,26,'11330 Wood','','San Francisco','ID','73120','',104,54,'2015-04-27','2015-05-25',153,9,20,'','','','','',0,0,0,0,0,'0000-00-00','0000-00-00'),('Sparks','Nita','','','OK:OKC:GSERV','110','','(222) 734-9343','(768) 136-7813','(415) 626-9578','NitaS2957@bdiddy.com','NSparks972@aol.com',6,15,'99158 Malulani','','Fort Lauderdale','OK','73099','',105,44,'2013-10-10','0000-00-00',49,7,20,'','','','','',1,1,2,2,0,'0000-00-00','0000-00-00'),('Ewing','Janine','','','TX:AII:ACCTG','1047','','(293) 665-8739','(767) 319-8261','(481) 754-3799','JanineEwing326@bdiddy.com','JanineE8454@yahoo.com',9,20,'2210 Cottonwood','Apt. #2109','Lewisville','CT','78735','',106,4,'2015-06-25','0000-00-00',19,1,4,'','','','','',0,1,0,0,0,'0000-00-00','0000-00-00'),('Freeman','Ignacia','','','','','','(355) 626-0860','(569) 832-7102','(992) 300-9211','IgnaciaF4077@aol.com','IFreeman3944@bdiddy.com',1,2,'97168 Washington','','Youngstown','SD','73127','',107,0,'2012-02-16','2014-06-14',0,0,20,'','','','','',0,1,0,0,0,'0000-00-00','0000-00-00'),('Leach','Erna','','','','','','(136) 194-2282','(975) 929-3823','(268) 918-8484','ELeach2893@comcast.net','ELeach8183@aol.com',8,20,'72446 10th','','Detroit','DE','73106','',108,0,'2014-02-06','2014-02-07',0,0,20,'','','','','',0,1,0,0,0,'0000-00-00','0000-00-00'),('Schultz','Paulene','','','OK:OKC:CAPMP','100','','(949) 611-4352','(878) 784-5691','(843) 602-1823','PauleneSchultz726@gmail.com','PSchultz9884@hotmail.com',11,21,'49961 A','','Baltimore','WA','73108','',109,60,'2012-02-13','0000-00-00',206,0,20,'','','','','',1,1,1,1,0,'0000-00-00','0000-00-00'),('Tyler','Granville','','','TX:USA:WRHSE','733','','(361) 800-4582','(508) 671-3677','(510) 859-0977','GranvilleTyler396@gmail.com','GranvilleT7360@aol.com',3,17,'97170 First','Apt. #4745','Saint Petersburg','DE','75212','',110,73,'2013-08-22','0000-00-00',199,16,0,'','','','','',1,1,1,1,0,'0000-00-00','0000-00-00'),('Delacruz','Cher','','','OK:OKC:PHONE','839','','(108) 179-4037','(215) 308-2545','(515) 508-0522','CherD688@bdiddy.com','CherD6982@bdiddy.com',6,18,'69012 Narragansett','','Irvine','VA','73132','',111,19,'2014-09-16','0000-00-00',24,0,20,'','','','','',1,1,1,1,0,'0000-00-00','0000-00-00'),('Garrett','Deetta','','','OK:OKC:GRNDS','1023','','(794) 598-8708','(889) 145-0843','(487) 189-8384','DGarrett9322@hotmail.com','DeettaG8001@comcast.net',8,31,'90657 Eleventh','Apt. #9193','Thousand Oaks','OK','73132','',112,54,'2015-03-17','2015-07-01',0,9,20,'','','','','',0,1,0,0,0,'0000-00-00','0000-00-00'),('Hines','Peter','','','OK:OKC:SALES','840','','(964) 858-8178','(234) 246-1981','(429) 176-6738','PHines2341@gmail.com','PeterHines821@hotmail.com',7,31,'75106 Hill','','Ann Arbor','KY','73132','',113,0,'2014-09-15','2015-05-15',0,0,20,'','','','','',0,0,0,0,0,'0000-00-00','0000-00-00'),('Zimmerman','Coreen','','','TX:TUC:HSKPG','56','','(304) 458-5955','(609) 450-5707','(760) 471-0500','CoreenZ9525@gmail.com','CoreenZ3356@hotmail.com',7,16,'97516 Orchard','','New London','DE','75061','',114,80,'2011-01-15','0000-00-00',201,0,42,'','','','','',1,1,1,1,0,'0000-00-00','0000-00-00'),('Ward','Miguel','','','','','','(371) 594-0352','(263) 531-2974','(515) 487-5748','MiguelWard342@aol.com','MiguelWard195@bdiddy.com',12,12,'3936 North','Apt. #4673','Shreveport','UT','73159','',115,0,'2013-01-31','2014-01-14',0,0,20,'','','','','',0,1,0,0,0,'0000-00-00','0000-00-00'),('Mcdowell','Patty','','','OK:OKC:HSKPG','554','','(759) 816-5159','(973) 394-3915','(185) 610-3177','PMcdowell5235@abiz.com','PattyMcdowell535@comcast.net',3,30,'44562 Oak','','North Charleston','CT','73139','',116,49,'2012-01-02','0000-00-00',146,8,20,'','','','','',1,1,1,1,0,'0000-00-00','0000-00-00'),('Fernandez','Elfrieda','','','OK:OKC:FDBEV','1021','','(549) 161-1833','(219) 363-1425','(964) 177-8648','EFernandez2779@bdiddy.com','EFernandez5783@bdiddy.com',1,14,'34847 9th','Apt. #7188','Nashua','WY','73507','',117,39,'2015-02-26','2015-08-15',73,6,20,'','','','','',0,1,0,0,0,'0000-00-00','0000-00-00'),('Snider','Alleen','','','','','','(775) 671-3027','(418) 695-7129','(954) 642-1178','ASnider612@aol.com','ASnider3038@gmail.com',3,12,'89543 Highland','Apt. #5544','Murfreesboro','NH','73132','',118,0,'2014-03-10','2014-05-15',0,0,20,'','','','','',0,1,0,0,0,'0000-00-00','0000-00-00'),('Kent','Melissa','','','OK:OKC:CPATR','834','','(119) 862-6399','(157) 298-0915','(730) 586-3814','MKent3761@comcast.net','MelissaKent925@yahoo.com',8,8,'39662 Tenth','','Beaumont','LA','73132','',119,0,'2014-08-28','2015-06-12',0,0,20,'','','','','',0,1,0,0,0,'0000-00-00','0000-00-00'),('Avila','Chia','','','OK:OKC:ADMIN','1064','','(988) 653-5975','(478) 928-5643','(784) 438-3528','ChiaAvila325@hotmail.com','ChiaAvila399@yahoo.com',10,7,'26431 Rhode Island','','Corpus Christi','NC','73118','',120,1,'2015-07-27','0000-00-00',30,1,20,'','','','','',1,1,3,3,0,'0000-00-00','0000-00-00'),('Pearson','Nelle','','','','','','(766) 139-2217','(792) 925-9674','(871) 958-1048','NelleP1848@aol.com','NPearson3157@comcast.net',5,25,'93052 Evergreen','','Ontario','PA','73159','',121,0,'2013-11-11','2014-05-24',0,0,20,'','','','','',0,1,0,0,0,'0000-00-00','0000-00-00'),('Gomez','Gricelda','','','OK:OKC:MAINT','1051','','(280) 439-5707','(958) 284-1457','(940) 695-0205','GGomez7054@hotmail.com','GriceldaG7678@abiz.com',6,5,'25544 Juniper','Apt. #7958','Rochester','MN','73120','',122,56,'2015-07-01','0000-00-00',34,0,20,'','','','','',1,1,2,2,0,'0000-00-00','0000-00-00'),('Waller','Freeman','','','OK:OKC:FDBEV','825','','(431) 485-1258','(256) 367-4101','(830) 756-1067','FreemanW3698@hotmail.com','FWaller3981@hotmail.com',1,13,'20366 Cedar','Apt. #6539','Monroe','FL','73099','',123,0,'2014-08-02','2015-01-18',0,0,20,'','','','','',0,0,0,0,0,'0000-00-00','0000-00-00'),('Brewer','Euna','','','OK:OKC:FDBEV','754','','(550) 630-0679','(113) 713-5214','(236) 866-7567','EBrewer1068@comcast.net','EBrewer169@gmail.com',5,13,'65114 6th','Apt. #3280','Pasadena','CT','73132','',124,37,'2012-05-29','0000-00-00',207,0,20,'','','','','',1,1,1,1,0,'0000-00-00','0000-00-00'),('Hebert','Cierra','','','OK:OKC:HSKPG','815','','(216) 887-3841','(818) 226-0076','(504) 506-6719','CHebert6364@comcast.net','CierraHebert678@abiz.com',1,13,'73147 Mesquite','Apt. #1994','Topeka','ID','73109','',125,47,'2014-06-14','0000-00-00',146,8,20,'','','','','',1,1,1,1,0,'0000-00-00','0000-00-00'),('Osborn','Maple','','','OK:OKC:CAPMP','58','','(421) 366-6817','(317) 320-7776','(410) 258-9635','MapleOsborn832@aol.com','MOsborn6634@gmail.com',1,6,'1384 Canyon','','Daly City','DE','73132','',126,60,'2011-03-07','0000-00-00',206,0,20,'','','','','',1,1,1,1,0,'0000-00-00','0000-00-00'),('Bryan','Tomeka','','','OK:OKC:GRNDS','739','','(284) 993-7846','(834) 821-3774','(547) 685-8198','TomekaB3441@hotmail.com','TBryan7986@abiz.com',5,15,'27321 Kansas','','Yonkers','MD','73135','',127,54,'2013-09-17','2015-05-18',82,9,20,'','','','','',0,0,0,0,0,'0000-00-00','0000-00-00'),('Barnes','Glynda','','','OK:OKC:GRNDS','753','','(313) 279-1381','(483) 230-9777','(896) 814-0313','GlyndaB7426@aol.com','GlyndaBarnes900@aol.com',10,28,'22363 6th','','Sunnyvale','MS','73132','',128,54,'2013-12-14','2015-06-22',0,9,20,'','','','','',0,0,0,0,0,'0000-00-00','0000-00-00'),('Jacobson','Keith','','','OK:OKC:HSKPG','97','','(539) 124-3508','(799) 602-0004','(281) 253-8856','KJacobson6371@yahoo.com','KJacobson369@hotmail.com',10,6,'23221 New Jersey','Apt. #3511','Yakima','RI','73112','',129,52,'2012-01-28','0000-00-00',146,0,20,'','','','','',1,1,1,1,0,'0000-00-00','0000-00-00'),('Gillespie','Angelo','','','OK:OKC:CPATR','1014','','(132) 594-2325','(113) 659-5923','(309) 739-0695','AngeloGillespie332@aol.com','AGillespie600@yahoo.com',6,20,'66275 S 100','','Costa Mesa','MO','73132','',130,23,'2015-01-19','2015-08-04',59,3,20,'','','','','',0,0,0,0,0,'0000-00-00','0000-00-00'),('Franks','Sharron','','','OK:OKC:GSERV','1019','','(446) 737-4074','(515) 657-3217','(404) 211-5420','SharronFranks797@yahoo.com','SharronF2860@yahoo.com',2,9,'45494 Evergreen','','Palm Bay','ID','73132','',131,42,'2015-02-11','2015-08-28',24,7,20,'','','','','',0,1,0,0,0,'0000-00-00','0000-00-00'),('Vasquez','Harland','','','OK:OKC:HSKPG','831','','(943) 914-6921','(288) 465-4772','(460) 506-0346','HarlandVasquez747@aol.com','HarlandVasquez676@abiz.com',2,21,'14763 Pecan','Apt. #6876','Moreno Valley','MD','73109','',132,0,'2014-08-16','0000-00-00',146,0,20,'','','','','',1,1,1,1,0,'0000-00-00','0000-00-00'),('Burke','Elodia','','','OK:OKC:HSKPG','162','','(946) 384-6863','(322) 711-8879','(504) 407-2029','ElodiaB5974@comcast.net','EBurke6149@gmail.com',10,25,'17550 New Hampshire','','Jacksonville','LA','73127','',133,52,'2012-08-07','0000-00-00',146,0,20,'','','','','',1,1,1,1,0,'0000-00-00','0000-00-00'),('Mejia','Arla','','','OK:OKC:FDBEV','','','(832) 432-3810','(807) 116-0435','(792) 902-0636','AMejia147@abiz.com','ArlaM506@aol.com',11,10,'63484 S 100','','Cambridge','NE','73132','',134,0,'2014-06-16','2014-10-12',0,0,20,'','','','','',0,1,0,0,0,'0000-00-00','0000-00-00'),('Bartlett','Etta','','','OK:OKC:GRNDS','1055','','(801) 662-3371','(785) 409-1055','(710) 711-1067','EttaBartlett214@gmail.com','EttaB3783@comcast.net',11,4,'62699 Seventh','Apt. #5109','New Orleans','DC','73111','',135,54,'2015-07-27','2015-08-28',82,9,20,'','','','','',0,0,0,0,0,'0000-00-00','0000-00-00'),('Fuller','Soila','','','OK:OKC:CPATR','1068','','(641) 439-1725','(700) 429-8756','(979) 857-3209','SFuller7236@bdiddy.com','SFuller3714@aol.com',11,28,'50247 13th','','Elkhart','FL','73142','',136,23,'2015-08-17','0000-00-00',89,0,20,'','','','','',1,1,2,2,0,'0000-00-00','0000-00-00'),('Snyder','Lonny','','','','','','(666) 190-2482','(853) 529-5271','(286) 948-0949','LSnyder5946@gmail.com','LonnySnyder874@comcast.net',10,2,'38288 Walnut','','Birmingham','DC','93112','',137,0,'2014-01-13','2014-02-21',0,0,20,'','','','','',0,1,0,0,0,'0000-00-00','0000-00-00'),('Berger','Chun','','','','','','(932) 539-5369','(809) 756-0037','(630) 674-0040','ChunBerger922@abiz.com','ChunBerger929@hotmail.com',4,5,'48063 7th','Apt. #2394','Garden Grove','OH','73120','',138,0,'2013-12-14','2014-06-05',0,0,20,'','','','','',0,1,0,0,0,'0000-00-00','0000-00-00'),('Guthrie','Annetta','','','','','','(158) 698-7964','(197) 661-6252','(465) 564-3704','AGuthrie7092@bdiddy.com','AnnettaGuthrie972@aol.com',4,22,'10291 7th','Apt. #6726','Nashville','OK','73106','',139,0,'2010-12-01','2014-05-06',0,0,20,'','','','','',0,1,0,0,0,'0000-00-00','0000-00-00'),('Jacobs','Cami','','','OK:OKC:CPATR','1043','','(618) 651-3929','(873) 352-0793','(717) 718-0183','CamiJacobs434@hotmail.com','CamiJacobs903@aol.com',5,9,'72914 New Mexico','Apt. #9164','Santa Clarita','GA','73142','',140,0,'2015-06-10','2015-06-28',0,0,20,'','','','','',0,1,0,0,0,'0000-00-00','0000-00-00'),('Britt','Elina','','','TX:USA:ACCTG','690','','(965) 962-6051','(953) 380-9216','(561) 878-0504','ElinaB7143@gmail.com','EBritt6079@gmail.com',3,1,'71262 Rhode Island','Apt. #2056','Santa Clarita','NJ','76121','',141,3,'2011-07-05','0000-00-00',199,1,0,'','','','','',1,1,1,1,0,'0000-00-00','0000-00-00'),('Ross','Elsy','','','OK:OKC:MAINT','1034','','(617) 355-8067','(468) 915-8639','(501) 960-4970','ElsyR3446@hotmail.com','ERoss5660@abiz.com',2,4,'90889 Hickory','','Kenosha','WA','73132','',142,56,'2015-05-29','0000-00-00',197,0,20,'','','','','',1,1,1,1,0,'0000-00-00','0000-00-00'),('Montgomery','Jena','','','TX:USA:WRHSE','','','(652) 547-5275','(325) 133-9571','(600) 268-6395','JMontgomery9609@bdiddy.com','JMontgomery7685@bdiddy.com',12,19,'67150 Park','','Layton','WA','75062','',143,73,'2010-07-21','2014-10-17',0,16,0,'','','','','',0,0,0,0,0,'0000-00-00','0000-00-00'),('Holland','Claris','','','OK:OKC:HSKPG','95','','(313) 991-3810','(967) 279-8346','(159) 447-5003','ClarisHolland67@abiz.com','ClarisH7530@abiz.com',9,13,'21904 Evergreen','','Lafayette','WY','73127','',144,52,'2011-12-31','0000-00-00',146,0,20,'','','','','',1,1,1,1,0,'0000-00-00','0000-00-00'),('Colon','Dillon','','','OK:OKC:HSKPG','612','','(280) 955-2505','(712) 366-5005','(611) 278-2358','DillonC3453@yahoo.com','DColon8348@gmail.com',4,27,'48047 Williams','','Salem','WI','73132','',145,47,'2010-06-05','0000-00-00',146,0,20,'','','','','',1,1,2,2,0,'0000-00-00','0000-00-00'),('Rosa','Devin','','','OK:OKC:HSKPG','394','','(519) 639-8177','(905) 982-3773','(155) 807-9046','DevinRosa189@comcast.net','DRosa3863@bdiddy.com',6,15,'2466 Spruce','','Dallas','MT','73122','',146,46,'2007-10-14','0000-00-00',207,8,20,'','','','','',1,1,1,1,0,'0000-00-00','0000-00-00'),('Preston','Monique','','','OK:OKC:FTNSS','688','','(531) 966-6972','(399) 322-6975','(327) 205-7960','MoniquePreston547@gmail.com','MPreston5366@yahoo.com',9,6,'89316 New Hampshire','Apt. #7572','Phoenix','CA','73132','',147,34,'2010-04-09','0000-00-00',207,5,20,'','','','','',1,1,1,1,0,'0000-00-00','0000-00-00'),('Edwards','Gena','','','OK:OKC:FDBEV','835','','(977) 790-5851','(174) 434-7546','(569) 572-0436','GenaE1770@hotmail.com','GenaE7179@comcast.net',4,10,'55899 Cedar','','High Point','TN','73132','',148,0,'2014-09-19','2014-11-23',0,0,20,'','','','','',0,0,0,0,0,'0000-00-00','0000-00-00'),('Hatfield','Barrie','','','OK:OKC:SALES','798','','(299) 705-8277','(648) 626-8844','(667) 795-3666','BHatfield5870@comcast.net','BarrieH2601@yahoo.com',8,28,'14306 Cottonwood','','Tuscaloosa','DE','73170','',149,81,'2012-09-24','0000-00-00',207,0,20,'','','','','',1,1,2,2,0,'0000-00-00','0000-00-00'),('Snow','Stevie','','','OK:OKC:GSERV','1011','','(396) 805-4476','(265) 713-3567','(948) 529-8509','SSnow937@bdiddy.com','StevieS9447@yahoo.com',10,8,'89346 9th','','San Bernardino','TN','73107','',150,0,'2014-12-22','2015-01-02',0,0,20,'','','','','',0,0,0,0,0,'0000-00-00','0000-00-00'),('Huffman','Antonina','','','','','','(611) 621-2158','(998) 598-8888','(712) 932-4759','AntoninaHuffman837@hotmail.com','AHuffman7950@yahoo.com',1,25,'76580 Redwood','','Merced','CT','73127','',151,0,'2014-05-08','2014-08-26',0,0,20,'','','','','',0,1,0,0,0,'0000-00-00','0000-00-00'),('Kinney','Leonore','','','OK:OKC:GSERV','1012','','(114) 983-5583','(263) 626-6565','(157) 471-2860','LeonoreK3493@hotmail.com','LeonoreK7169@hotmail.com',6,25,'25508 1st','','Lacey','FL','73132','',152,42,'2014-12-22','2015-05-31',49,7,20,'','','','','',0,1,0,0,0,'0000-00-00','0000-00-00'),('Mcpherson','Angel','','','OK:OKC:GRNDS','114','','(730) 114-7109','(633) 480-9295','(908) 102-2666','AMcpherson6127@hotmail.com','AngelM8207@hotmail.com',9,1,'34557 Lakeview','','Port Arthur','FL','73132','',153,55,'2012-05-14','2015-05-19',82,9,20,'','','','','',0,0,0,0,0,'0000-00-00','0000-00-00'),('Stein','Hortense','','','OK:OKC:GRNDS','752','','(337) 163-9047','(414) 409-5967','(760) 682-0020','HortenseS2859@gmail.com','HStein8950@aol.com',9,6,'10302 Navajo','','Mobile','KY','73108','',154,0,'2013-11-25','2015-01-14',0,0,20,'','','','','',0,0,0,0,0,'0000-00-00','0000-00-00'),('Mcintosh','Elinor','','','TX:USA:WRHSE','291','','(544) 174-5533','(450) 794-0350','(469) 306-7793','EMcintosh967@comcast.net','EMcintosh2280@comcast.net',3,6,'2206 Canyon','','Leominster','MA','76247','',155,73,'2006-06-25','2014-12-08',0,16,0,'','','','','',0,0,0,0,0,'0000-00-00','0000-00-00'),('Oneil','Cristina','','','OK:OKC:LSGSAL','1039','','(297) 468-5437','(124) 213-5137','(760) 498-8578','CristinaOneil672@comcast.net','CristinaO8726@abiz.com',3,16,'69717 7th','','Waterloo','MA','73132','',156,67,'2015-06-12','0000-00-00',207,0,20,'','','','','',1,1,1,1,0,'0000-00-00','0000-00-00'),('Bailey','Alesia','','','','','','(853) 399-0580','(847) 611-5721','(709) 776-1448','AlesiaBailey977@gmail.com','AlesiaBailey927@abiz.com',1,22,'92820 Lee','Apt. #9872','Jefferson','ME','73130','',157,0,'2011-08-22','2014-05-16',0,0,20,'','','','','',0,1,0,0,0,'0000-00-00','0000-00-00'),('Graham','Deloras','','','','','','(286) 628-7955','(122) 879-1599','(940) 884-9866','DelorasG3376@comcast.net','DGraham8624@gmail.com',10,27,'36291 Elm','Apt. #9465','Temecula','SC','73008','',158,0,'2012-02-04','2014-06-27',0,0,20,'','','','','',0,1,0,0,0,'0000-00-00','0000-00-00'),('Melton','Hyon','','','','','','(804) 444-5373','(848) 583-2680','(129) 256-4064','HMelton9382@abiz.com','HyonM8144@hotmail.com',0,0,'49368 Rhode Island','','Saint Paul','AR','','',159,0,'0000-00-00','2014-04-25',0,0,20,'','','','','',0,1,0,0,0,'0000-00-00','0000-00-00'),('Donaldson','Jimmie','','','OK:OKC:FDBEV','1060','','(116) 333-8617','(877) 363-9875','(225) 854-1325','JimmieDonaldson794@hotmail.com','JimmieDonaldson823@comcast.net',6,30,'33193 Wood','','Las Vegas','NM','73107','',160,39,'2015-07-27','0000-00-00',73,6,20,'','','','','',1,1,3,3,0,'0000-00-00','0000-00-00'),('Nieves','Bambi','','','OK:OKC:GSERV','1059','','(848) 241-8322','(150) 174-5777','(507) 156-2666','BambiNieves888@bdiddy.com','BambiN8918@hotmail.com',9,10,'31147 Quail','Apt. #5593','Arvada','CA','73103','',161,44,'2015-08-03','0000-00-00',49,7,20,'','','','','',1,1,2,2,0,'0000-00-00','0000-00-00'),('Mcpherson','Jani','','','OK:OKC:GRNDS','755','','(118) 886-5732','(215) 343-7766','(693) 496-3524','JMcpherson5538@comcast.net','JaniM3332@comcast.net',2,15,'90206 8th','','Norman','NJ','73129','',162,54,'2013-12-14','2015-04-13',0,9,20,'','','','','',0,1,0,0,0,'0000-00-00','0000-00-00'),('Nolan','Arlette','','','NY:USA:Design','1057','','(546) 919-7773','(366) 445-0038','(951) 301-4573','ANolan4741@comcast.net','ANolan250@hotmail.com',5,4,'13650 12th','','Peoria','HI','11211','',163,0,'2015-08-05','0000-00-00',199,0,0,'','','','','',1,1,1,1,0,'0000-00-00','0000-00-00'),('Bright','Katherine','','','','','','(727) 632-9069','(427) 859-2541','(204) 328-7558','KBright3798@gmail.com','KatherineB6781@yahoo.com',3,3,'26464 Delaware','','Denver','WI','73023','',164,0,'2014-02-09','2014-07-01',0,0,20,'','','','','',0,1,0,0,0,'0000-00-00','0000-00-00'),('Flores','Carissa','','','OK:OKC:FDBEV','1020','','(829) 964-1779','(691) 550-9722','(271) 694-8567','CarissaFlores384@yahoo.com','CFlores1160@bdiddy.com',6,5,'23434 Lee','','Hickory','IA','73112','',165,39,'2015-02-25','2015-04-17',73,6,20,'','','','','',0,1,0,0,0,'0000-00-00','0000-00-00'),('Velasquez','Caleb','','','OK:OKC:GSERV','1007','','(396) 107-3451','(806) 994-6393','(395) 761-8594','CalebVelasquez598@yahoo.com','CVelasquez3096@comcast.net',2,23,'21624 North Carolina','','South Lyon','MA','73107','',166,19,'2014-11-17','2014-12-11',24,0,20,'','','','','',0,0,0,0,0,'0000-00-00','0000-00-00'),('Morales','Wynona','','','OK:OKC:ADMIN','814','','(717) 933-8829','(533) 996-0653','(681) 598-6284','WynonaMorales340@abiz.com','WynonaMorales705@aol.com',7,4,'24178 Seventh','Apt. #140','Port Orange','WV','73118','',167,0,'2014-06-09','2015-04-07',0,0,20,'','','','','',0,0,0,0,0,'0000-00-00','0000-00-00'),('Pickett','Terese','','','','','','(947) 614-4503','(909) 686-8228','(112) 224-0752','TPickett505@comcast.net','TeresePickett817@aol.com',6,13,'66219 Hampton','','Duluth','NV','73132','',168,0,'2013-12-17','2014-04-29',0,0,20,'','','','','',0,1,0,0,0,'0000-00-00','0000-00-00'),('Barber','Earle','','','OK:OKC:CPATR','1031','','(158) 521-4022','(480) 252-2662','(262) 964-8171','EarleB8236@hotmail.com','EarleBarber242@hotmail.com',4,17,'21808 Hemlock','','Hemet','PA','73132','',169,23,'2015-05-12','0000-00-00',59,0,20,'','','','','',1,1,1,1,0,'0000-00-00','0000-00-00'),('Pierce','Carri','','','OK:OKC:ADMIN','1032','','(870) 219-0619','(346) 958-8373','(476) 769-6313','CPierce5628@abiz.com','CarriP3320@yahoo.com',8,3,'17548 1st','Apt. #8700','Corona','CA','73112','',170,4,'2015-05-11','2015-07-15',0,1,20,'','','','','',0,1,0,0,0,'0000-00-00','0000-00-00'),('Brewer','Raeann','','','OK:OKC:GSERV','1038','','(370) 344-1250','(967) 646-3455','(494) 562-8430','RaeannB9526@hotmail.com','RBrewer5143@comcast.net',10,17,'95890 Pioneer','','Carrollton','WA','73034','',171,0,'2015-06-01','2015-08-15',49,0,20,'','','','','',0,0,0,0,0,'0000-00-00','0000-00-00'),('Whitehead','Christiane','','','OK:OKC:GRNDS','1063','','(121) 964-9178','(549) 925-5189','(298) 514-5891','ChristianeWhitehead388@abiz.com','ChristianeWhitehead20@yahoo.com',4,26,'81130 Center','Apt. #7917','Las Cruces','MD','73179','',172,54,'2015-07-30','0000-00-00',82,9,20,'','','','','',1,1,1,1,0,'0000-00-00','0000-00-00'),('Hoover','Tennie','','','TX:TUC:MAINT','683','','(315) 322-9323','(303) 410-1347','(660) 869-7468','TennieH7363@yahoo.com','THoover1557@aol.com',2,18,'13890 Columbine','Apt. #3573','Tulsa','MT','75061','',173,57,'1996-05-20','0000-00-00',201,10,42,'','','','','',1,1,1,1,0,'0000-00-00','0000-00-00'),('Charles','Craig','','','OK:OKC:CPATR','1029','','(248) 879-0210','(875) 229-1580','(759) 930-7392','CraigCharles942@abiz.com','CraigCharles835@aol.com',2,9,'14521 New York','Apt. #4600','Abilene','AK','73003','',174,0,'2015-04-27','2015-05-29',59,0,20,'','','','','',0,0,0,0,0,'0000-00-00','0000-00-00'),('Johnson','Kassandra','','','TX:TUC:CPATR','293','','(887) 117-3533','(812) 387-2253','(258) 503-1623','KassandraJ1040@yahoo.com','KJohnson500@aol.com',12,25,'26172 Third','','Clarke County','MD','75061','',175,22,'2006-06-25','0000-00-00',201,3,42,'','','','','',1,1,1,1,0,'0000-00-00','0000-00-00'),('Cox','Breanne','','','OK:OKC:HSKPG','590','','(748) 872-4017','(860) 897-6041','(690) 246-9995','BCox3253@gmail.com','BCox5129@aol.com',10,13,'78448 Kukui','Apt. #7955','Santa Cruz','AZ','73142','',176,52,'2010-02-15','0000-00-00',146,0,20,'','','','','',1,1,1,1,0,'0000-00-00','0000-00-00'),('Wong','Karole','','','OK:OKC:HSKPG','','','(452) 208-2145','(256) 361-3931','(214) 621-3014','KaroleWong798@yahoo.com','KWong3608@comcast.net',2,6,'70557 11th','','Fayetteville','MT','73127','',177,0,'2014-08-16','2014-09-12',0,0,20,'','','','','',0,1,0,0,0,'0000-00-00','0000-00-00'),('Stevenson','Devin','','','','','','(111) 841-1798','(286) 619-7437','(721) 899-0255','DevinStevenson694@yahoo.com','DevinStevenson75@gmail.com',10,8,'92047 Hillside','Apt. #1694','Dallas','WV','73129','',178,0,'2014-07-13','2014-07-24',0,0,20,'','','','','',0,1,0,0,0,'0000-00-00','0000-00-00'),('Graves','Shirely','','','OK:OKC:GRNDS','1033','','(463) 727-2336','(853) 845-6507','(165) 271-4428','ShirelyGraves115@aol.com','ShirelyG7207@bdiddy.com',4,20,'68200 Pinon','','Montgomery','CO','73132','',179,54,'2015-05-21','2015-06-08',82,9,20,'','','','','',0,1,0,0,0,'0000-00-00','0000-00-00'),('Conrad','Tam','','','OK:OKC:PHONE','1009','','(652) 375-8995','(584) 628-3196','(543) 167-9106','TConrad8339@aol.com','TConrad2984@abiz.com',1,29,'24742 Fifth','','Fullerton','MN','73162','',180,19,'2014-12-22','2015-01-06',24,0,20,'','','','','',0,0,0,0,0,'0000-00-00','0000-00-00'),('Schwartz','Kym','','','OK:OKC:MAINT','1069','','(401) 172-4222','(395) 584-4653','(700) 466-0213','KymS9556@comcast.net','KymS7447@abiz.com',11,8,'22052 Tenth','','Modesto','IL','73132','',181,0,'2015-08-10','0000-00-00',197,0,20,'','','','','',1,1,2,2,0,'0000-00-00','0000-00-00'),('Patrick','Candace','','','','','','(834) 289-8815','(415) 199-6152','(602) 753-0306','CandacePatrick525@abiz.com','CandacePatrick596@comcast.net',7,28,'47266 8th','Apt. #8494','Manchester','FL','73054','',182,0,'2013-10-11','2014-01-24',0,0,20,'','','','','',0,1,0,0,0,'0000-00-00','0000-00-00'),('Schwartz','Dominga','','','OK:OKC:CPATR','1006','','(706) 789-8160','(739) 597-7083','(986) 673-7527','DSchwartz2313@hotmail.com','DSchwartz3101@yahoo.com',6,18,'68620 S 100','','Cedar Rapids','MS','73132','',183,0,'2014-10-10','2015-03-25',0,0,20,'','','','','',0,0,0,0,0,'0000-00-00','0000-00-00'),('Nichols','Karey','','','OK:OKC:FDBEV','1008','','(547) 314-1201','(420) 424-5756','(966) 276-4081','KareyN7326@yahoo.com','KareyNichols842@bdiddy.com',4,5,'46387 West','Apt. #9310','Scottsdale','IA','73132','',184,0,'2014-11-24','2015-05-08',0,0,20,'','','','','',0,0,0,0,0,'0000-00-00','0000-00-00'),('Lowery','Lacresha','','','OK:OKC:CPATR','1058','','(621) 725-0622','(844) 938-5058','(183) 561-4548','LLowery2315@abiz.com','LacreshaLowery182@comcast.net',12,24,'3517 Cedar','Apt. #5650','Sunnyvale','MT','73132','',185,23,'2015-07-29','0000-00-00',89,0,20,'','','','','',1,1,2,2,0,'0000-00-00','0000-00-00'),('Robbins','Daria','','','OK:OKC:GSERV','759','','(768) 426-7689','(497) 121-9748','(365) 276-1924','DariaRobbins782@comcast.net','DariaR6259@aol.com',7,7,'84413 New Hampshire','Apt. #8853','Seattle','AZ','73132','',186,42,'2013-12-14','0000-00-00',49,7,20,'','','','','',1,1,1,1,0,'0000-00-00','0000-00-00'),('Snyder','Yvone','','','OK:OKC:HSKPG','816','','(155) 101-8965','(919) 895-7417','(830) 513-5260','YvoneS1684@aol.com','YvoneS2018@abiz.com',7,24,'47596 Washington','','Downey','ME','73107','',187,52,'2014-06-14','0000-00-00',146,0,20,'','','','','',1,1,1,1,0,'0000-00-00','0000-00-00'),('Hutchinson','Criselda','','','OK:OKC:MAINT','1052','','(547) 845-2379','(882) 827-5142','(348) 405-7676','CHutchinson9509@yahoo.com','CriseldaHutchinson351@yahoo.com',4,26,'77503 S 100','','Melbourne','AL','73132','',188,56,'2015-07-02','0000-00-00',34,0,20,'','','','','',1,1,1,1,0,'0000-00-00','0000-00-00'),('Berger','Emmy','','','OK:OKC:MAINT','766','','(497) 185-5193','(912) 937-9217','(298) 245-5553','EmmyB8538@gmail.com','EmmyB7859@gmail.com',4,8,'31405 Third','','Lubbock','AZ','73132','',189,59,'2014-01-14','0000-00-00',197,0,20,'','','','','',1,1,1,1,0,'0000-00-00','0000-00-00'),('Donaldson','Jessia','','','NY:NYR - USA:SALES','1061','','(817) 790-0363','(247) 383-3480','(980) 716-9417','JessiaDonaldson10@bdiddy.com','JDonaldson1223@gmail.com',3,24,'2957 1st','','Murrieta','AL','11968','',190,76,'2015-08-06','0000-00-00',195,0,0,'','','','','',1,1,3,3,0,'0000-00-00','0000-00-00'),('Pickett','Allyson','','','NY:NYR - USA:SALES','654','','(351) 161-0175','(359) 829-0548','(588) 477-2676','APickett7171@bdiddy.com','APickett2932@gmail.com',11,24,'65809 13th','','GreenBay','MD','10022','',191,29,'2010-01-16','0000-00-00',199,0,0,'','','','','',1,1,1,1,0,'0000-00-00','0000-00-00'),('Walsh','Malika','','','NY:NYR - USA:CRVDES','665','','(111) 962-4715','(548) 623-4940','(731) 752-9222','MalikaWalsh315@hotmail.com','MalikaWalsh811@bdiddy.com',3,1,'74419 Highland','Apt. #8462','Independence','DC','11106','',192,32,'2012-04-01','0000-00-00',199,0,0,'','','','','',1,1,2,2,0,'0000-00-00','0000-00-00'),('Mason','Debroah','','','NY:NYR - USA:SALES','80','','(988) 821-2579','(990) 113-7147','(517) 596-9287','DebroahMason215@comcast.net','DebroahMason600@bdiddy.com',9,12,'22011 Zoo','','Worcester','OH','11561','',193,66,'2011-10-17','0000-00-00',199,0,0,'','','','','',1,1,1,1,0,'0000-00-00','0000-00-00'),('Kline','Fatima','','','NY:NYR - USA:SALES','1044','','(369) 561-6930','(163) 369-5815','(786) 997-5410','FatimaK6372@gmail.com','FatimaKline830@gmail.com',6,17,'57675 South Dakota','','Bryan','KS','11968','',194,76,'2015-05-30','0000-00-00',195,0,0,'','','','','',1,1,3,3,0,'0000-00-00','0000-00-00'),('Cardenas','Reid','','','NY:NYR - USA:SALES','1026','','(768) 944-4368','(190) 515-0143','(476) 113-0704','ReidC9169@yahoo.com','RCardenas373@abiz.com',9,7,'81855 Cypress','','Hartford','UT','11968','',195,77,'2015-04-06','0000-00-00',193,0,0,'','','','','',1,1,2,2,0,'0000-00-00','0000-00-00'),('Duran','Jessica','','','NY:NYR - USA:SALES','1027','','(136) 566-0117','(931) 568-9748','(371) 114-3574','JessicaD7470@gmail.com','JDuran5813@abiz.com',8,18,'670 Lehua','','South Lyon','MT','11949','',196,78,'2015-04-06','0000-00-00',193,0,0,'','','','','',1,1,2,2,0,'0000-00-00','0000-00-00'),('Burton','Geneva','','','OK:OKC:MAINT','413','','(925) 291-4044','(920) 911-7856','(580) 960-2942','GenevaBurton603@hotmail.com','GenevaB8499@bdiddy.com',11,12,'80237 Ridge','','Sunnyvale','AZ','73132','',197,58,'2007-09-14','0000-00-00',207,10,20,'','','','','',1,1,1,1,0,'0000-00-00','0000-00-00'),('Emerson','Arleen','','','TX:AII:ADMIN','1004','','(311) 966-2273','(633) 901-4961','(196) 416-5211','ArleenE3075@comcast.net','ArleenE7535@aol.com',6,19,'53146 Fifth','Apt. #7139','Fort Lauderdale','LA','78733','',198,30,'2014-10-07','0000-00-00',0,1,4,'','','Joe','','',1,1,1,1,0,'0000-00-00','0000-00-00'),('Ware','Erika','','','TX:USA:ADMIN','87','','(182) 772-2695','(935) 114-4022','(635) 684-6709','EWare5806@abiz.com','ErikaWare130@bdiddy.com',12,22,'67220 Lee','Apt. #8772','Detroit','ME','75093','',199,7,'2012-01-02','0000-00-00',198,1,0,'','','','','',1,1,1,1,0,'0000-00-00','0000-00-00'),('Mckinney','Jenny','','','TX:AII:ADMIN','391','','(824) 188-2964','(375) 495-2343','(858) 707-1063','JennyMckinney608@aol.com','JMckinney9504@comcast.net',3,9,'64700 Hillside','','South Bend','WI','78738','',200,9,'1996-01-01','0000-00-00',198,1,4,'','','','','',1,1,1,1,0,'0000-00-00','0000-00-00'),('Merritt','Teressa','','','TX:TUC:ADMIN','686','','(105) 782-5658','(478) 159-3980','(278) 314-6774','TMerritt2373@aol.com','TeressaM3792@bdiddy.com',1,27,'29699 Main','Apt. #1778','Augusta','WY','76248','',201,11,'1990-10-30','0000-00-00',198,1,42,'','','','','',1,1,1,1,0,'0000-00-00','0000-00-00'),('Murray','Burt','','','TX:AII:ACCTG','1001','','(170) 331-5181','(988) 659-4138','(603) 801-5483','BurtM2416@aol.com','BurtMurray362@yahoo.com',9,17,'76377 County Line','Apt. #9349','Riverside','TN','78729','',202,12,'2014-07-07','0000-00-00',200,1,4,'','','','','',1,1,1,1,0,'0000-00-00','0000-00-00'),('Payne','Ruthanne','','','TX:AII:ADMIN','773','','(682) 522-4740','(533) 189-4234','(193) 996-7274','RPayne4229@hotmail.com','RPayne14@comcast.net',8,28,'83016 River','','Melbourne','SD','78729','',203,6,'2014-02-10','0000-00-00',198,1,4,'','','','','',1,1,1,1,0,'0000-00-00','0000-00-00'),('Floyd','India','','','OK:OKC:CPATR','1054','','(255) 479-9608','(740) 220-0007','(232) 714-4527','IndiaFloyd877@gmail.com','IndiaF9636@comcast.net',7,29,'84508 New Hampshire','','Cathedral City','CO','73132','',204,23,'2015-07-15','0000-00-00',59,3,20,'','','','','',1,1,1,1,0,'0000-00-00','0000-00-00'),('Coffey','Dorie','','','OK:OKC:TRANS','663','','(451) 160-8379','(848) 262-6898','(108) 768-0561','DorieC6156@yahoo.com','DCoffey5885@yahoo.com',6,8,'83690 Lee','Apt. #1365','Las Vegas','NM','73132','',205,21,'2010-12-18','0000-00-00',59,3,20,'','','','','',1,1,1,1,0,'0000-00-00','0000-00-00'),('Gill','Williemae','','','OK:OKC:CAPMP','596','','(821) 524-9724','(803) 902-9239','(683) 909-4919','WilliemaeGill774@yahoo.com','WGill5396@hotmail.com',5,15,'56893 Eleventh','','Cambridge','DC','73142','',206,61,'2010-03-01','0000-00-00',207,10,20,'','','','','',1,1,1,1,0,'0000-00-00','0000-00-00'),('Baldwin','Debbi','','','OK:OKC:ADMIN','474','','(504) 482-0777','(229) 948-0467','(913) 719-3606','DebbiBaldwin887@abiz.com','DebbiBaldwin191@aol.com',10,9,'91654 Pine','','St. Paul','OH','73142','',207,11,'2008-08-26','0000-00-00',198,0,20,'','','','','',1,1,1,1,0,'0000-00-00','0000-00-00'),('Wyatt','Georgiann','','','NY:NYR - USA:ADMIN','','','(980) 961-1210','(814) 114-0343','(917) 517-0640','GWyatt48@abiz.com','GeorgiannWyatt965@comcast.net',11,29,'40126 Lakeview','','Santa Rosa','OH','11221','',208,31,'2014-09-22','0000-00-00',199,0,0,'','','','','',1,1,2,2,0,'0000-00-00','0000-00-00'),('Dean','Demarcus','','','TX:AII: CRVDES','','','(969) 902-2258','(641) 121-6913','(181) 120-0974','DemarcusD3638@aol.com','DemarcusD5600@aol.com',10,3,'73579 County Line','','Columbia','PA','76040','',209,26,'2008-10-01','0000-00-00',198,0,0,'','','','','',1,1,1,1,0,'0000-00-00','0000-00-00'),('Moreno','Starr','','','CA:AII ADMIN','','','(844) 429-5234','(280) 823-2495','(821) 373-2730','SMoreno2618@abiz.com','StarrM61@aol.com',10,31,'51345 Thirteenth','','Saint Petersburg','WV','91202','',210,30,'2015-04-20','0000-00-00',198,0,4,'','','','','',1,1,2,1,0,'0000-00-00','0000-00-00'),('Patrick','Denis','','','CA:AII ADMIN','','','(143) 355-2821','(886) 451-5174','(169) 356-8967','DPatrick1487@aol.com','DenisP1149@gmail.com',10,24,'92856 River','Apt. #4856','Myrtle Beach','UT','95035','',211,10,'2015-08-17','0000-00-00',198,0,4,'','','Steve','Sharon Yu','408-507-6062',1,1,0,0,0,'0000-00-00','0000-00-00'),('Simpson','Nell','','','','',NULL,'(202) 730-5762','(403) 955-8057','(232) 112-7123','NSimpson3893@gmail.com','NellS5840@bdiddy.com',12,1,'40370 Delaware','Apt. #1437','Shreveport','GA','','USA',212,1,'0000-00-00','0000-00-00',211,1,4,'CA','USA','P-Diddy','Hannibal Lecter','876-543-0987',1,1,0,0,0,'0000-00-00','0000-00-00');
/*!40000 ALTER TABLE `people` ENABLE KEYS */;
UNLOCK TABLES;
/*!40103 SET TIME_ZONE=@OLD_TIME_ZONE */;

/*!40101 SET SQL_MODE=@OLD_SQL_MODE */;
/*!40014 SET FOREIGN_KEY_CHECKS=@OLD_FOREIGN_KEY_CHECKS */;
/*!40014 SET UNIQUE_CHECKS=@OLD_UNIQUE_CHECKS */;
/*!40101 SET CHARACTER_SET_CLIENT=@OLD_CHARACTER_SET_CLIENT */;
/*!40101 SET CHARACTER_SET_RESULTS=@OLD_CHARACTER_SET_RESULTS */;
/*!40101 SET COLLATION_CONNECTION=@OLD_COLLATION_CONNECTION */;
/*!40111 SET SQL_NOTES=@OLD_SQL_NOTES */;

-- Dump completed on 2015-11-01 13:02:11
