-- MySQL dump 10.13  Distrib 5.6.26, for osx10.10 (x86_64)
--
-- Host: localhost    Database: accord
-- ------------------------------------------------------
-- Server version	5.6.26

/*!40101 SET @OLD_CHARACTER_SET_CLIENT=@@CHARACTER_SET_CLIENT */;
/*!40101 SET @OLD_CHARACTER_SET_RESULTS=@@CHARACTER_SET_RESULTS */;
/*!40101 SET @OLD_COLLATION_CONNECTION=@@COLLATION_CONNECTION */;
/*!40101 SET NAMES utf8 */;
/*!40103 SET @OLD_TIME_ZONE=@@TIME_ZONE */;
/*!40103 SET TIME_ZONE='+00:00' */;
/*!40014 SET @OLD_UNIQUE_CHECKS=@@UNIQUE_CHECKS, UNIQUE_CHECKS=0 */;
/*!40014 SET @OLD_FOREIGN_KEY_CHECKS=@@FOREIGN_KEY_CHECKS, FOREIGN_KEY_CHECKS=0 */;
/*!40101 SET @OLD_SQL_MODE=@@SQL_MODE, SQL_MODE='NO_AUTO_VALUE_ON_ZERO' */;
/*!40111 SET @OLD_SQL_NOTES=@@SQL_NOTES, SQL_NOTES=0 */;

--
-- Table structure for table `DeductionList`
--

DROP TABLE IF EXISTS `DeductionList`;
/*!40101 SET @saved_cs_client     = @@character_set_client */;
/*!40101 SET character_set_client = utf8 */;
CREATE TABLE `DeductionList` (
  `dcode` mediumint(9) NOT NULL,
  `name` varchar(25) DEFAULT NULL
) ENGINE=InnoDB DEFAULT CHARSET=utf8;
/*!40101 SET character_set_client = @saved_cs_client */;

--
-- Dumping data for table `DeductionList`
--

LOCK TABLES `DeductionList` WRITE;
/*!40000 ALTER TABLE `DeductionList` DISABLE KEYS */;
INSERT INTO `DeductionList` VALUES (0,'Unknown'),(1,'401K'),(2,'401K Loan'),(3,'Child Support'),(4,'Dental'),(5,'FSA'),(6,'GARN'),(7,'Group Life'),(8,'Housing'),(9,'Medical'),(10,'Miscded'),(11,'Taxes');
/*!40000 ALTER TABLE `DeductionList` ENABLE KEYS */;
UNLOCK TABLES;

--
-- Table structure for table `companies`
--

DROP TABLE IF EXISTS `companies`;
/*!40101 SET @saved_cs_client     = @@character_set_client */;
/*!40101 SET character_set_client = utf8 */;
CREATE TABLE `companies` (
  `CoCode` mediumint(9) NOT NULL AUTO_INCREMENT,
  `LegalName` varchar(50) DEFAULT NULL,
  `CommonName` varchar(50) DEFAULT NULL,
  `Address` varchar(35) DEFAULT NULL,
  `Address2` varchar(35) DEFAULT NULL,
  `City` varchar(25) DEFAULT NULL,
  `State` char(25) DEFAULT NULL,
  `PostalCode` varchar(10) DEFAULT NULL,
  `Country` varchar(25) DEFAULT NULL,
  `Phone` varchar(25) DEFAULT NULL,
  `Fax` varchar(25) DEFAULT NULL,
  `Email` varchar(35) DEFAULT NULL,
  `Designation` char(3) NOT NULL,
  `Active` smallint(6) NOT NULL,
  `EmploysPersonnel` smallint(6) NOT NULL,
  PRIMARY KEY (`CoCode`)
) ENGINE=InnoDB AUTO_INCREMENT=78 DEFAULT CHARSET=utf8;
/*!40101 SET character_set_client = @saved_cs_client */;

--
-- Dumping data for table `companies`
--

LOCK TABLES `companies` WRITE;
/*!40000 ALTER TABLE `companies` DISABLE KEYS */;
INSERT INTO `companies` VALUES (1,'Accord/417, LLC','6417','11719 Bee Cave Road','Suite 301','Austin','TX','78738','USA','512-600-1880','323-512-0105','','417',1,0),(2,'Amal Brdoukan Mansour','','424 Brandon Way','','Austin','TX','78733','USA','818-516-9270','','amalbmansour@gmail.com','ABM',1,0),(3,'Acrosscity LDA','Acrosscity','Zona Industrial do Casal da Areia','Lote 55  Casal da Areia Distrito','Alcobaca','Freguesia','206 COZ','Portugal','351-1262-545-271','','','ACR',1,0),(4,'Accord Interests, LLC','Accord Interests','11719 Bee Cave Road','Suite 301','Austin','TX','78738','USA','323-512-0111','323-512-0105','','AII',1,1),(5,'Accord/JGM, LLC','AJM','11719 Bee Cave Road','Suite 301','Austin','TX','78738','USA','512-600-1880','323-512-0105','','AJM',1,0),(6,'Anna Joan Mansour','','424 Brandon Way','','Austin','TX','78738','USA','818-424-5534','','','ANN',1,0),(7,'Accord/BRO CLY, LLC','BCR','11719 Bee Cave Road','Suite 301','Austin','TX','78738','USA','512-600-1880','323-512-0105','','BCR',1,0),(8,'Accord/BRO, LLC','BRG','11719 Bee Cave Road','Suite 301','Austin','TX','78738','USA','512-600-1880','323-512-0105','','BRG',1,0),(9,'Accord/BRO Equity, LLC','BRE','11719 Bee Cave Road','Suite 301','Austin','TX','78738','USA','512-600-1880','323-512-0105','','BRE',1,0),(10,'Accord/BRO Members, LLC','BRO','11719 Bee Cave Road','Suite 301','Austin','TX','78738','USA','512-600-1880','323-512-0105','','BRO',1,0),(11,'BVS CBP Holdings, LLC','','11719 Bee Cave Road','Suite 301','Austin','TX','78738','USA','512-600-1880','323-512-0105','','BVS',1,0),(12,'CBP Member LLC','CBM','11719 Bee Cave Road','Suite 301','Austin','TX','78738','USA','512-600-1880','323-512-0105','','CBM',1,0),(13,'Ceruzzi-Beaumont Partners, LLC','Ceruzzi-Beaumont Partners','11719 Bee Cave Road','Suite 301','Austin','TX','78738','USA','512-600-1880','323-512-0105','uzzi@bpc.com','CBP',1,0),(14,'California Commerce Centre Owners Association','CCC','11719 Bee Cave Road','Suite 301','Austin','TX','78738','USA','512-600-1880','323-512-0105','','CCC',1,0),(15,'Darla J. Nelson','','119 The Hills Drive','','Austin','TX','78738','USA','512-502-5486','','','DJN',1,0),(16,'Elizabeth Joan Mansour','','424 Brandon Way','','Austin','TX','78733','USA','310-987-1223','','','ELI',1,0),(17,'Elad Yifrach','','1203 David Drive','','Euless','TX','76040','USA','310-897-8498','','','EY',1,0),(18,'Accord Guaranty LP','GUA','11719 Bee Cave Road','Suite 301','Austin','TX','78738','USA','','','','GUA',1,0),(19,'L\'Objet IOM Limited','L\'Objet IOM','Ground Floor West Suite','54-58 Athol Street','Douglas','','1M11JD','Isle of Man','','','','IOM',1,1),(20,'Accord/OKC Members, LLC','Isola Bella','6303 NW 63rd Street','','Oklahoma City','OK','73132','USA','405-721-2191','405-603-4095','','ISO',1,1),(21,'Joseph G. Mansour','','424 Brandon Way','','Austin','TX','78733','USA','310-245-8220','','','JGM',1,0),(22,'Joan L.Mansour','','424 Brandon Way','','Austin','TX','78733','USA','310-600-1723','','','JLM',1,0),(23,'Jacob Louis Sternbaum','','1602 Lakeway Boulevard','','Lakeway','TX','78734','USA','818-231-1970','','','JLS',1,0),(24,'JGM First, LLC','JM1','11719 Bee Cave Road','Suite 301','Austin','TX','78738','USA','512-600-1880','323-512-0105','','JM1',1,0),(25,'Jacob Sternbaum Trust','Jacob\'s Trust','11719 Bee Cave Road','Suite 301','Austin','TX','78738','USA','512-600-1880','323-512-0105','','JS1',1,0),(26,'Joseph G. Mansour Family Trust 1','JGM\'s Trust','11719 Bee Cave Road','Suite 301','Austin','TX','78738','USA','512-600-1880','323-512-0105','','JT1',1,0),(27,'KLS First, LLC','KS1','11719 Bee Cave Road','Suite 301','Austin','TX','78738','USA','512-600-1880','323-512-0105','','KS1',1,0),(28,'L\'Objet UK Limited','LUK','87-135 Brompton Road','Knightsbridge','London','','SW1X7XL','United Kingdom','','','','LUK',1,0),(29,'Maxxe E  Sternbaum','Maxxy','8756 Wonderland Avenue','','Los Angeles','CA','90046','USA','818-461-4141','','','MES',1,0),(30,'Accord/MOR, LLC','MOR','11719 Bee Cave Road','Suite 301','Austin','TX','78738','USA','512-600-1880','323-512-0105','','MOR',1,0),(31,'Maxxe Sternbaum Trust','Maxxy\'s Trust','11719 Bee Cave Road','Suite 301','Austin','TX','78738','USA','512-600-1880','323-512-0105','','MS1',1,0),(32,'NYC Luxury Reps, Inc.','NYR','41 Madison Avenue','16th Floor','New York','NY','10010','USA','212-251-1011','212-251-1012','','NYR',1,0),(33,'Accord/OKC, LLC','OKG','11719 Bee Cave Road','Suite 301','Austin','TX','78738','USA','310-600-1880','323-512-0105','','OKG',1,0),(34,'Accord/OLI Members, LLC','OL2','11719 Bee Cave Road','Suite 301','Austin','TX','78738','USA','512-600-1880','323-512-0105','','OL2',1,0),(35,'Accord/OLI Equity, LLC','OLE','11719 Bee Cave Road','Suite 301','Austin','TX','78738','USA','512-600-1880','323-512-0105','','OLE',1,0),(36,'231 W Olive Partners, Ltd','OLI','11719 Bee Cave Road','Suite 301','Austin','TX','78738','USA','512-600-1880','323-512-0105','','OLI',1,0),(37,'Accord/PAC Members, LLC','PAC','11719 Bee Cave Road','Suite 301','Austin','TX','78738','USA','512-600-1880','323-512-0105','','PAC',1,0),(38,'BH Rexford Group, Inc.','REX Owners Association','11719 Bee Cave Road','Suite 301','Austin','TX','78738','USA','512-600-1880','323-512-0105','','REH',1,0),(39,'SAT Isola Equity, LLC','SAE','11719 Bee Cave Road','Suite 301','Austin','TX','78738','USA','310-600-1880','323-512-0105','','SAE',1,0),(40,'SAT Isola Manager, LLC','SAG','11719 Bee Cave Road','Suite 301','Austin','TX','78738','USA','310-600-1880','323-512-0105','','SAG',1,0),(41,'SAT Isola Partners, LP','SAT','11719 Bee Cave Road','Suite 301','Austin','TX','78738','USA','310-600-1880','323-512-0105','','SAT',1,0),(42,'Texas Cedars, Ltd.','Tucasa','11719 Bee Cave Road','Suite 301','Austin','TX','78738','USA','310-600-1880','323-512-0105','','TUC',1,1),(43,'Tucasa Corporation','TUG','11719 Bee Cave Road','Suite 301','Austin','TX','78738','USA','310-600-1880','323-512-0105','','TUG',1,0),(44,'L\'Objet USA, LLC','L\'Objet USA','3515 Conflans Road','','Irving','TX','75061','USA','972-986-9575','972-767-4014','','USA',1,1),(45,'Accord/VAU Members, LLC','VAU','11719 Bee Cave Road','Suite 301','Austin','TX','78738','USA','310-600-1880','323-512-0105','','VAU',1,0),(46,'Accord/WIL Members, LLC','WIL','11719 Bee Cave Road','Suite 301','Austin','TX','78738','USA','310-600-1880','323-512-0105','','WIL',1,0),(47,'Accord Group, Inc.','Accord Group','','','','','','','','','','AGI',0,0),(48,'Accord Valet Services, LLC','Accord Valet','','','','','','','','','','AVS',0,0),(49,'Burbank Commerce Centre Industrial, Inc.','BCC','','','','','','','','','','BCC',0,0),(50,'Accord/BEV, LLC','BEG','','','','','','','','','','BEG',0,0),(51,'Accord/BEV Associates, L.P.','BEV','','','','','','','','','','BEV',0,0),(52,'Cedar Interests, Inc.','Cedar Properties','','','','','','','','','','CII',0,0),(53,'Accord/CLY, LLC','CLG','','','','','','','','','','CLG',0,0),(54,'Accord/CLY Members, LLC','CLY','','','','','','','','','','CLY',0,0),(55,'Accord/HOL Members, LLC','HOL','','','','','','','','','','HOL',0,0),(56,'JGM Family Trust 2','JT2','','','','','','','','','','JT2',0,0),(57,'Karl Louis Sternbaum','KLS','','','','','','','','','','KLS',0,0),(58,'Estate of Karl Sternbaum','KSE','','','','','','','','','','KSE',0,0),(59,'KLS Family Trust 1','KS1','','','','','','','','','','KT1',0,0),(60,'MANCO','MCO','','','','','','','','','','MCO',0,0),(61,'Mill Creek Group, Ltd. Co.','Mill Creek','','','','','','','','','','MCT',0,0),(62,'Maxxe Sternbaum Life Insurance Trust','Maxxes Life Insurance Trust','','','','','','','','','','MSL',0,0),(63,'Accord/NE2, LLC','NE2','','','','','','','','','','NE2',0,0),(64,'Accord/NEW Manager, LLC','NEG','','','','','','','','','','NEG',0,0),(65,'Accord/PAS, LLC','PAG','','','','','','','','','','PAG',0,0),(66,'Pasadena Hotel Associates, LLC','PAS','','','','','','','','','','PAS',0,0),(67,'Radford Place Associates','Radford','','','','','','','','','','RPA',0,0),(68,'Accord/SHO, LLC','SHG','','','','','','','','','','SHG',0,0),(69,'Accord/SHO Members, LLC','SHO','','','','','','','','','','SHO',0,0),(70,'Accord/SIE, LLC','SIE','','','','','','','','','','SIE',0,0),(71,'Sternbaum General Partnership','STE','','','','','','','','','','STE',0,0),(72,'Accord/VAU, LLC','VAG','','','','','','','','','','VAG',0,0),(73,'Accord/VIL, LLC','VIG','','','','','','','','','','VIG',0,0),(74,'Accord/VIL Members, LLC','VIL','','','','','','','','','','VIL',0,0),(75,'Accord/WIL, LLC','WIG','','','','','','','','','','WIG',0,0),(76,'William Thorton Formalwear','Billy Bob\'s Bow Ties','1234 Hick Road','','Hicktown','AK','01234','USA','','','','BBT',1,1),(77,'','','','','','','','','','','','',0,0);
/*!40000 ALTER TABLE `companies` ENABLE KEYS */;
UNLOCK TABLES;

--
-- Table structure for table `compensation`
--

DROP TABLE IF EXISTS `compensation`;
/*!40101 SET @saved_cs_client     = @@character_set_client */;
/*!40101 SET character_set_client = utf8 */;
CREATE TABLE `compensation` (
  `uid` mediumint(9) NOT NULL,
  `type` mediumint(9) NOT NULL
) ENGINE=InnoDB DEFAULT CHARSET=utf8;
/*!40101 SET character_set_client = @saved_cs_client */;

--
-- Dumping data for table `compensation`
--

LOCK TABLES `compensation` WRITE;
/*!40000 ALTER TABLE `compensation` DISABLE KEYS */;
INSERT INTO `compensation` VALUES (67,0),(7,0),(20,2),(152,0),(208,1),(85,1),(109,2),(124,2),(138,0),(29,2),(60,0),(41,4),(94,4),(81,2),(133,2),(5,0),(31,0),(38,1),(210,1),(117,0),(137,0),(91,0),(183,0),(19,1),(160,2),(120,2),(190,2),(209,1),(75,0),(97,2),(105,2),(14,2),(37,2),(159,0),(169,2),(170,0),(15,0),(30,2),(56,2),(162,0),(36,0),(114,2),(118,0),(143,0),(157,0),(182,0),(136,2),(180,0),(54,0),(59,1),(98,2),(150,0),(165,0),(8,0),(13,2),(193,1),(204,2),(153,0),(158,0),(163,1),(164,0),(203,1),(44,0),(66,0),(87,0),(167,0),(70,2),(32,0),(139,0),(207,1),(122,2),(146,1),(172,2),(84,0),(111,2),(116,4),(199,1),(50,2),(76,2),(104,0),(93,2),(179,0),(39,0),(64,0),(89,1),(128,0),(131,0),(188,2),(132,4),(202,1),(10,4),(49,2),(6,0),(72,2),(90,0),(112,0),(145,2),(156,2),(12,0),(192,1),(171,0),(178,0),(194,2),(43,0),(77,2),(176,4),(121,0),(140,0),(148,0),(189,2),(196,2),(61,0),(55,1),(21,2),(53,2),(197,2),(71,2),(130,0),(142,2),(4,4),(79,0),(68,0),(88,2),(99,2),(144,4),(9,2),(195,2),(35,0),(48,0),(102,0),(74,0),(51,2),(119,0),(177,0),(185,2),(57,2),(46,2),(34,2),(45,4),(107,0),(25,0),(47,2),(100,2),(127,0),(187,4),(205,2),(16,0),(24,2),(33,0),(155,0),(80,0),(96,2),(129,4),(95,0),(42,2),(82,2),(103,1),(27,2),(174,0),(149,1),(173,1),(175,1),(181,2),(18,0),(26,2),(191,1),(83,2),(141,1),(108,0),(1,0),(200,1),(65,0),(101,4),(211,1),(11,0),(63,0),(161,2),(92,0),(151,0),(62,0),(78,0),(147,1),(52,4),(106,2),(135,0),(125,2),(40,2),(22,2),(113,0),(28,0),(58,2),(168,0),(134,0),(186,2),(201,1),(23,4),(123,0),(184,0),(3,2),(73,1),(86,0),(110,2),(115,0),(154,0),(17,2),(2,0),(126,2),(166,0),(206,1),(198,1),(69,4);
/*!40000 ALTER TABLE `compensation` ENABLE KEYS */;
UNLOCK TABLES;

--
-- Table structure for table `deductions`
--

DROP TABLE IF EXISTS `deductions`;
/*!40101 SET @saved_cs_client     = @@character_set_client */;
/*!40101 SET character_set_client = utf8 */;
CREATE TABLE `deductions` (
  `uid` mediumint(9) NOT NULL,
  `deduction` int(11) NOT NULL
) ENGINE=InnoDB DEFAULT CHARSET=utf8;
/*!40101 SET character_set_client = @saved_cs_client */;

--
-- Dumping data for table `deductions`
--

LOCK TABLES `deductions` WRITE;
/*!40000 ALTER TABLE `deductions` DISABLE KEYS */;
INSERT INTO `deductions` VALUES (3,11),(4,11),(4,9),(4,4),(9,11),(9,9),(9,4),(9,8),(10,11),(10,9),(10,4),(13,11),(13,9),(13,4),(14,11),(14,9),(14,4),(14,8),(17,11),(19,11),(19,9),(19,4),(20,11),(20,9),(20,4),(21,11),(21,9),(21,4),(21,1),(22,11),(22,8),(23,11),(23,9),(23,4),(24,11),(24,9),(24,4),(24,8),(26,11),(26,8),(27,11),(29,11),(29,9),(29,4),(30,11),(30,9),(30,4),(30,6),(34,11),(34,9),(34,4),(34,3),(34,8),(37,11),(37,9),(37,4),(37,10),(37,8),(38,11),(38,9),(38,4),(40,11),(40,9),(40,4),(41,11),(41,9),(41,4),(42,11),(42,9),(42,4),(45,11),(45,9),(45,4),(46,11),(46,9),(46,4),(46,1),(47,11),(47,9),(47,4),(47,1),(49,11),(49,9),(49,4),(50,11),(51,11),(52,11),(53,11),(53,9),(53,4),(55,11),(55,9),(55,4),(55,5),(55,1),(56,11),(56,9),(56,4),(57,11),(57,9),(57,4),(57,8),(58,11),(58,9),(58,4),(59,11),(59,9),(59,4),(59,8),(70,11),(70,9),(70,4),(71,11),(72,11),(73,11),(73,9),(73,4),(76,11),(76,9),(76,4),(76,8),(77,11),(77,9),(77,4),(81,11),(81,9),(81,4),(81,3),(82,11),(82,9),(82,4),(83,11),(83,9),(83,4),(85,11),(88,11),(89,11),(89,9),(89,4),(89,8),(93,11),(94,11),(94,9),(94,4),(96,11),(96,9),(96,4),(96,8),(99,11),(99,8),(100,11),(101,11),(101,9),(101,4),(103,11),(103,9),(103,4),(105,11),(105,8),(109,11),(109,9),(109,4),(110,11),(110,9),(110,4),(111,11),(111,9),(111,4),(111,8),(114,11),(114,9),(114,4),(116,11),(116,9),(116,4),(120,11),(122,11),(124,11),(124,9),(124,4),(124,8),(125,11),(125,9),(125,4),(126,11),(126,9),(126,4),(126,8),(129,11),(129,9),(129,4),(132,11),(132,9),(132,4),(133,11),(133,9),(133,4),(136,11),(141,11),(141,9),(141,4),(142,11),(142,9),(142,4),(142,8),(144,11),(144,9),(144,4),(145,11),(146,11),(146,9),(146,4),(146,5),(147,11),(147,9),(147,4),(149,11),(156,11),(156,9),(156,4),(156,8),(160,11),(161,11),(163,11),(163,9),(163,4),(169,11),(169,8),(172,11),(172,3),(173,11),(173,9),(173,4),(173,8),(175,11),(175,9),(175,4),(176,11),(176,9),(176,4),(181,11),(181,8),(185,11),(185,8),(186,11),(186,9),(186,4),(186,8),(187,11),(187,9),(187,4),(188,11),(188,9),(188,4),(188,8),(188,3),(189,11),(189,9),(189,4),(189,8),(190,11),(191,11),(191,4),(191,9),(191,7),(191,5),(192,11),(192,1),(193,11),(193,1),(194,11),(195,11),(196,11),(197,11),(197,4),(197,9),(197,7),(197,1),(199,11),(200,11),(200,4),(200,9),(200,7),(201,11),(201,4),(201,9),(201,7),(201,10),(202,11),(202,4),(202,9),(202,7),(202,5),(202,1),(203,11),(203,4),(203,9),(203,7),(204,11),(204,8),(205,11),(205,4),(205,9),(205,7),(205,8),(206,11),(206,4),(206,9),(206,7),(206,5),(206,1),(206,2),(207,11),(207,4),(207,9),(207,7),(207,5),(207,1),(207,2),(208,11),(209,11),(210,11),(211,11),(212,11),(198,4),(198,9),(198,11),(69,4),(69,9),(69,11);
/*!40000 ALTER TABLE `deductions` ENABLE KEYS */;
UNLOCK TABLES;

--
-- Table structure for table `departments`
--

DROP TABLE IF EXISTS `departments`;
/*!40101 SET @saved_cs_client     = @@character_set_client */;
/*!40101 SET character_set_client = utf8 */;
CREATE TABLE `departments` (
  `deptcode` mediumint(9) NOT NULL AUTO_INCREMENT,
  `name` varchar(25) DEFAULT NULL,
  PRIMARY KEY (`deptcode`)
) ENGINE=InnoDB AUTO_INCREMENT=17 DEFAULT CHARSET=utf8;
/*!40101 SET character_set_client = @saved_cs_client */;

--
-- Dumping data for table `departments`
--

LOCK TABLES `departments` WRITE;
/*!40000 ALTER TABLE `departments` DISABLE KEYS */;
INSERT INTO `departments` VALUES (1,'Administrative'),(2,'Capital Improvements'),(3,'Courtesy Patrol'),(4,'Customer Service'),(5,'Fitness Center'),(6,'Food & Beverage'),(7,'Guest Services'),(8,'Housekeeping'),(9,'Landscaping'),(10,'Maintenance'),(11,'Product Development'),(12,'Product Sales'),(13,'Serviced Apt Sales'),(14,'Trad Apt Sales'),(15,'Unknown'),(16,'Warehouse');
/*!40000 ALTER TABLE `departments` ENABLE KEYS */;
UNLOCK TABLES;

--
-- Table structure for table `jobtitles`
--

DROP TABLE IF EXISTS `jobtitles`;
/*!40101 SET @saved_cs_client     = @@character_set_client */;
/*!40101 SET character_set_client = utf8 */;
CREATE TABLE `jobtitles` (
  `jobcode` mediumint(9) NOT NULL AUTO_INCREMENT,
  `Title` varchar(40) DEFAULT NULL,
  `DeptCode` mediumint(9) DEFAULT NULL,
  PRIMARY KEY (`jobcode`)
) ENGINE=InnoDB AUTO_INCREMENT=83 DEFAULT CHARSET=utf8;
/*!40101 SET character_set_client = @saved_cs_client */;

--
-- Dumping data for table `jobtitles`
--

LOCK TABLES `jobtitles` WRITE;
/*!40000 ALTER TABLE `jobtitles` DISABLE KEYS */;
INSERT INTO `jobtitles` VALUES (1,'Accounting Assistant',1),(2,'Accounting Associate',1),(3,'Accounting Manager',1),(4,'Administrative Assistant',1),(5,'Assistant Manager',1),(6,'Associate Developer',1),(7,'Chief Executive Officer',1),(8,'Chief Financial Officer',1),(9,'Chief Operating Officer',1),(10,'Chief Technology Officer',1),(11,'General Manager',1),(12,'HR & Payroll Manager',1),(13,'Intern',1),(14,'Night Auditor',1),(15,'Office Manager',1),(16,'Procurement Specialist',1),(17,'Special Projects Associate',1),(18,'Director of Procurements',1),(19,'Call Center Associate',0),(20,'Call Center Manager',0),(21,'Courtesy Patrol Driver',3),(22,'Courtesy Patrol Manager',3),(23,'Courtesy Patrol Officer',3),(24,'Courtesy Patrol Supervisor',3),(25,'Designer',0),(26,'Creative Director',0),(27,'Development Coordinator',0),(28,'Director of Fragrence',0),(29,'Director of Sales',0),(30,'Principal',0),(31,'Studio Manager',0),(32,'Visual Arts Director',0),(33,'Fitness Center Attendant',5),(34,'Fitness Center Manager',5),(35,'Food and Beverage Manager',5),(36,'Executive Chef',6),(37,'Food & Bev Associate',6),(38,'Bar Manager',6),(39,'Bartender',6),(40,'Host',6),(41,'Waitstaff',6),(42,'Guest Services Associate',7),(43,'Concierge Manager',7),(44,'Concierge',7),(45,'Guest Services Manager',7),(46,'Housekeeping Manager',8),(47,'Housekeeping Supervisor',8),(48,'Common Area Housekeeper',8),(49,'Laundry Associate',8),(50,'Laundry Attendant',8),(51,'Serviced Apt Housekeeper',8),(52,'Svc Apt Housekeeping Associate',8),(53,'Traditional Apt Housekeeper',8),(54,'Grounds Associate',9),(55,'Grounds Supervisor',9),(56,'Maintenance Associate',10),(57,'Maintenance Manager',10),(58,'Maintenance Supervisor',10),(59,'Makeready Associate',10),(60,'Cap Improvement Associate',10),(61,'Cap Improvement Supervisor',10),(62,'Customer Service Associate',0),(63,'Customer Service Manager',0),(64,'Product Sales Associate',0),(65,'Product Sales Manager',0),(66,'National Accounts Manager',0),(67,'Leasing Associate',14),(68,'Leasing Manager',14),(69,'Packer',16),(70,'Repair Room Staff',16),(71,'Seasonal Associate',16),(72,'Checker',16),(73,'Warehouse Associate',16),(74,'Warehouse Manager',16),(75,'Warehouse Supervisor',16),(76,'Retail Clerk',0),(77,'Store Manager',0),(78,'Asst Store Manager',0),(79,'Traditional Apt Housekeeping Assoc',8),(80,'Makeready Technician',0),(81,'Serviced Apt Sales Associate',0),(82,'Unknown',0);
/*!40000 ALTER TABLE `jobtitles` ENABLE KEYS */;
UNLOCK TABLES;

--
-- Table structure for table `people`
--

DROP TABLE IF EXISTS `people`;
/*!40101 SET @saved_cs_client     = @@character_set_client */;
/*!40101 SET character_set_client = utf8 */;
CREATE TABLE `people` (
  `LastName` varchar(25) DEFAULT NULL,
  `FirstName` varchar(25) DEFAULT NULL,
  `MiddleName` varchar(25) DEFAULT NULL,
  `Salutation` varchar(10) DEFAULT NULL,
  `Class` varchar(25) DEFAULT NULL,
  `PositionControlNumber` varchar(10) DEFAULT NULL,
  `Email` varchar(35) DEFAULT NULL,
  `OfficePhone` varchar(25) DEFAULT NULL,
  `OfficeFax` varchar(25) DEFAULT NULL,
  `CellPhone` varchar(25) DEFAULT NULL,
  `PrimaryEmail` varchar(35) DEFAULT NULL,
  `SecondaryEmail` varchar(35) DEFAULT NULL,
  `birthMonth` tinyint(4) DEFAULT NULL,
  `birthDoM` tinyint(4) DEFAULT NULL,
  `HomeStreetAddress` varchar(35) DEFAULT NULL,
  `HomeStreetAddress2` varchar(25) DEFAULT NULL,
  `HomeCity` varchar(25) DEFAULT NULL,
  `HomeState` char(2) DEFAULT NULL,
  `HomePostalCode` varchar(10) DEFAULT NULL,
  `HomeCountry` varchar(25) DEFAULT NULL,
  `uid` mediumint(9) NOT NULL AUTO_INCREMENT,
  `jobcode` mediumint(9) DEFAULT NULL,
  `hire` date DEFAULT NULL,
  `termination` date DEFAULT NULL,
  `mgruid` mediumint(9) NOT NULL,
  `deptcode` mediumint(9) DEFAULT NULL,
  `cocode` mediumint(9) DEFAULT NULL,
  `StateOfEmployment` varchar(25) NOT NULL,
  `CountryOfEmployment` varchar(25) NOT NULL,
  `PreferredName` varchar(25) NOT NULL,
  `EmergencyContactName` varchar(25) NOT NULL,
  `EmergencyContactPhone` varchar(25) NOT NULL,
  `status` smallint(6) NOT NULL,
  `EligibleForRehire` smallint(6) NOT NULL,
  `AcceptedHealthInsurance` smallint(6) NOT NULL,
  `AcceptedDentalInsurance` smallint(6) NOT NULL,
  `Accepted401K` smallint(6) NOT NULL,
  `LastReview` date DEFAULT NULL,
  `NextReview` date DEFAULT NULL,
  PRIMARY KEY (`uid`)
) ENGINE=InnoDB AUTO_INCREMENT=213 DEFAULT CHARSET=utf8;
/*!40101 SET character_set_client = @saved_cs_client */;

--
-- Dumping data for table `people`
--

LOCK TABLES `people` WRITE;
/*!40000 ALTER TABLE `people` DISABLE KEYS */;
INSERT INTO `people` VALUES ('Stephenson','Manuela','','','','','','(195) 279-2070','(308) 907-6628','(154) 906-9489','ManuelaS9561@comcast.net','ManuelaS5433@hotmail.com',10,21,'90466 New Hampshire','','Saint Petersburg','WI','73128','',1,0,'2014-07-12','2014-07-24',0,0,23,'','','','','',0,1,0,0,0,'0000-00-00','0000-00-00'),('Ball','Toccara','','','OK:OKC:FDBEV','','','(727) 296-0900','(293) 358-0817','(624) 504-9176','ToccaraB5556@comcast.net','ToccaraBall104@abiz.com',1,15,'49781 Wood','','Grayslake','AZ','73132','',2,42,'2014-02-26','2014-09-05',0,7,20,'','','','','',0,0,0,0,0,'0000-00-00','0000-00-00'),('Larsen','Zella','','','OK:OKC:GSERV','1066','','(734) 182-4512','(567) 802-1404','(894) 593-5588','ZellaL7114@aol.com','ZellaL4792@gmail.com',10,23,'89160 Magnolia','Apt. #8909','Lakeland','AZ','73142','',3,42,'2015-08-10','0000-00-00',49,0,20,'','','','','',1,1,2,2,0,'0000-00-00','0000-00-00'),('Saunders','Kalyn','','','OK:OKC:HSKPG','79','','(115) 758-5293','(793) 331-4735','(401) 671-7691','KSaunders5511@yahoo.com','KalynSaunders669@yahoo.com',12,1,'43103 Quail','','Panama City','OH','73112','',4,52,'2011-08-13','0000-00-00',146,0,20,'','','','','',1,1,1,1,0,'0000-00-00','0000-00-00'),('Valenzuela','Leonora','','','OK:OKC:HSKPG','79','','(165) 304-7615','(785) 291-8886','(771) 256-8744','LeonoraV9206@gmail.com','LeonoraValenzuela70@comcast.net',12,10,'55771 Magnolia','','El Paso','WY','73112','',5,0,'2011-08-13','2015-04-29',146,0,20,'','','','','',0,1,0,0,0,'0000-00-00','0000-00-00'),('Roy','Dani','','','','','','(362) 191-9592','(796) 155-2171','(428) 661-1955','DaniRoy731@gmail.com','DaniR8651@abiz.com',11,4,'97384 Mesquite','','Detroit','KY','73132','',6,0,'2014-02-24','2014-03-09',0,0,20,'','','','','',0,1,0,0,0,'0000-00-00','0000-00-00'),('Gonzales','Ophelia','','','OK:OKC:HSKPG','','','(983) 211-3745','(940) 961-5202','(443) 659-4183','OpheliaGonzales359@yahoo.com','OpheliaG637@abiz.com',7,2,'56059 Cottonwood','','Honolulu','KY','73119','',7,0,'2010-07-23','2014-03-11',0,0,20,'','','','','',0,0,0,0,0,'0000-00-00','0000-00-00'),('Buchanan','Bruce','','','OK:OKC:HSKPG','','','(519) 903-9846','(630) 585-7925','(340) 815-6065','BruceBuchanan436@bdiddy.com','BruceB2953@yahoo.com',12,21,'76257 Canyon','','Birmingham','CO','73109','',8,0,'2011-12-20','2014-03-24',0,0,20,'','','','','',0,0,0,0,0,'0000-00-00','0000-00-00'),('Walls','Jeanine','','','OK:OKC:LSGSAL','832','','(996) 508-5008','(736) 331-0955','(803) 983-5036','JeanineWalls681@hotmail.com','JWalls8726@gmail.com',9,23,'65557 Wood','','Anchorage','DC','73132','',9,42,'2014-08-13','0000-00-00',49,7,20,'','','','','',1,1,1,1,0,'0000-00-00','0000-00-00'),('Conley','Demarcus','','','OK:OKC:HSKPG','783','','(691) 482-3383','(335) 399-7333','(391) 972-7127','DConley4183@gmail.com','DemarcusConley55@abiz.com',5,31,'55692 Narragansett','','Waco','CT','73129','',10,0,'2012-09-29','0000-00-00',146,0,20,'','','','','',1,1,1,1,0,'0000-00-00','0000-00-00'),('Robles','Conception','','','OK:OKC:FDBEV','1005','','(638) 386-0643','(435) 356-9764','(917) 631-8436','CRobles6668@hotmail.com','ConceptionRobles776@yahoo.com',2,24,'79730 Main','','South Bend','NH','73132','',11,0,'2014-10-15','2015-02-21',0,0,20,'','','','','',0,0,0,0,0,'0000-00-00','0000-00-00'),('Saunders','Lakenya','','','','','','(277) 451-0573','(532) 887-5476','(897) 967-0017','LSaunders8938@yahoo.com','LSaunders9089@yahoo.com',5,29,'97207 Sunset','Apt. #1429','Durham','MA','73132','',12,0,'2014-06-01','2014-09-02',0,0,20,'','','','','',0,0,0,0,0,'0000-00-00','0000-00-00'),('Wilkerson','Carlee','','','OK:OKC:HSKPG','604','','(116) 495-1097','(481) 602-0266','(965) 458-3942','CWilkerson7571@gmail.com','CWilkerson3469@bdiddy.com',7,6,'18131 Fifth','','Bakersfield','AZ','73112','',13,0,'2010-05-19','0000-00-00',146,0,20,'','','','','',1,1,1,1,0,'0000-00-00','0000-00-00'),('Pratt','Juliette','','','OK:OKC:HSKPG','624','','(848) 484-8837','(687) 850-0887','(731) 925-8827','JPratt2551@hotmail.com','JulietteP6124@aol.com',9,9,'71486 Bay','','Tyler','UT','73132','',14,50,'2010-07-25','0000-00-00',146,0,20,'','','','','',1,1,1,1,0,'0000-00-00','0000-00-00'),('Paul','Shanice','','','','','','(913) 984-7383','(400) 438-8926','(435) 868-3665','ShaniceP9546@aol.com','SPaul9628@comcast.net',4,17,'92817 Malulani','','Eugene','NJ','73106','',15,0,'2014-04-30','2014-05-08',0,0,20,'','','','','',0,1,0,0,0,'0000-00-00','0000-00-00'),('Branch','Berneice','','','OK:OKC:FDBEV','','','(231) 535-2550','(153) 548-7098','(261) 546-8414','BerneiceB9539@bdiddy.com','BerneiceB3052@abiz.com',10,31,'8846 Orchard','','Escondido','IA','73120','',16,0,'2014-10-14','2014-10-27',0,0,20,'','','','','',0,0,0,0,0,'0000-00-00','0000-00-00'),('Stanton','Oralia','','','OK:OKC:FDBEV','803','','(702) 183-3307','(937) 760-2229','(793) 845-4061','OStanton7000@hotmail.com','OraliaS8754@bdiddy.com',2,16,'10792 Palo Verde','','Norwich','GA','73132','',17,39,'2014-05-05','0000-00-00',73,6,20,'','','','','',1,1,3,3,0,'0000-00-00','0000-00-00'),('Finch','Jacqualine','','','OK:OKC:MAINT','609','','(489) 285-5838','(501) 179-8729','(235) 717-2949','JacqualineF7894@yahoo.com','JFinch6185@aol.com',12,29,'16924 Willow','','Tempe','ID','73127','',18,0,'2010-05-26','2015-05-26',0,0,20,'','','','','',0,0,0,0,0,'0000-00-00','0000-00-00'),('Salas','Silas','','','TX:AII:ACCTG','786','','(587) 309-0870','(839) 534-0194','(118) 769-2965','SSalas3737@abiz.com','SSalas6757@gmail.com',5,23,'58399 Airport','','Milwaukee','OR','78745','',19,8,'2014-03-10','0000-00-00',73,1,4,'','','','','',1,1,1,1,0,'0000-00-00','0000-00-00'),('Hoffman','Jeanelle','','','OK:OKC:HSKPG','700','','(826) 825-9947','(958) 724-8551','(689) 363-2995','JeanelleHoffman784@abiz.com','JeanelleH9385@yahoo.com',2,14,'58236 Walnut','','Murrieta','IN','73127','',20,52,'2012-09-12','0000-00-00',146,0,20,'','','','','',1,1,1,1,0,'0000-00-00','0000-00-00'),('Golden','Solomon','','','TX:USA:WRHSE','434','','(784) 411-1844','(966) 751-0171','(795) 130-0555','SolomonGolden124@abiz.com','SolomonGolden343@gmail.com',5,26,'17419 Maple','Apt. #5369','Charleston','SC','76028','',21,75,'2006-08-14','0000-00-00',199,16,0,'','','','','',1,1,1,1,0,'0000-00-00','0000-00-00'),('Kelly','Royal','','','OK:OKC:GRNDS','1067','','(445) 867-9458','(422) 176-0800','(436) 948-1383','RKelly9234@yahoo.com','RoyalK1578@comcast.net',5,18,'85208 Juniper','','Cincinnati','ME','73132','',22,54,'2015-08-14','0000-00-00',82,9,20,'','','','','',1,1,2,2,0,'0000-00-00','0000-00-00'),('Simpson','Malissa','','','OK:OKC:HSKPG','118','','(163) 131-2447','(216) 110-6106','(886) 681-4477','MSimpson5071@gmail.com','MalissaS4547@yahoo.com',12,9,'23596 Orchard','Apt. #1917','Boulder','IN','73008','',23,52,'2012-07-02','0000-00-00',146,0,20,'','','','','',1,1,1,1,0,'0000-00-00','0000-00-00'),('Doyle','Kimber','','','OK:OKC:PHONE','782','','(342) 554-8087','(256) 605-7668','(364) 886-4230','KDoyle5472@hotmail.com','KimberD2369@comcast.net',4,5,'71109 Church','','Victorville','MN','73132','',24,20,'2012-09-24','0000-00-00',207,0,20,'','','','','',1,1,1,1,0,'0000-00-00','0000-00-00'),('Flores','Sonny','','','OK:OKC:CPATR','1049','','(233) 204-5649','(750) 254-6329','(630) 172-5899','SonnyFlores142@gmail.com','SFlores3944@abiz.com',10,24,'66378 South Dakota','','Marina','SC','73034','',25,0,'2015-07-08','2015-07-27',0,0,20,'','','','','',0,1,0,0,0,'0000-00-00','0000-00-00'),('Joyner','Virgil','','','OK:OKC:GRNDS','1040','','(287) 886-9993','(419) 479-5062','(772) 247-2494','VirgilJoyner136@bdiddy.com','VirgilJ2633@bdiddy.com',5,4,'36554 Johnson','','Bonita Springs','CA','73127','',26,54,'2015-06-03','0000-00-00',82,9,20,'','','','','',1,1,1,1,0,'0000-00-00','0000-00-00'),('Hobbs','Steven','','','TX:AII:ACCTG','1056','','(627) 439-2888','(851) 947-9606','(944) 764-0996','StevenHobbs87@aol.com','StevenH2643@gmail.com',2,22,'26920 Pleasant','','Allentown','KS','78669','',27,16,'2015-07-29','0000-00-00',19,1,4,'','','','','',1,1,1,1,0,'0000-00-00','0000-00-00'),('Giles','Janine','','','','','','(619) 241-0844','(127) 350-4359','(662) 617-3846','JanineG2932@bdiddy.com','JGiles7416@hotmail.com',7,7,'53023 Walnut','','Henderson','CO','73089','',28,0,'2013-10-30','2014-07-02',0,0,20,'','','','','',0,1,0,0,0,'0000-00-00','0000-00-00'),('Harper','Travis','','','TX:TUC:ADMIN','277','','(682) 758-4611','(832) 439-6332','(619) 559-6128','THarper6845@hotmail.com','TravisH894@aol.com',2,14,'3514 Hill','Apt. #1244','Davidson County','VT','75212','',29,5,'2004-09-14','0000-00-00',201,1,42,'','','','','',1,1,1,1,0,'0000-00-00','0000-00-00'),('Mcknight','Desire','','','OK:OKC:ADMIN','720','','(596) 205-0180','(117) 345-4306','(549) 381-3080','DMcknight5763@hotmail.com','DMcknight9867@yahoo.com',5,15,'4629 Walnut','','Louisville','IL','73069','',30,5,'2013-06-17','0000-00-00',207,0,20,'','','','','',1,1,1,1,0,'0000-00-00','0000-00-00'),('Kemp','Alishia','','','OK:OKC:CPATR','1048','','(506) 495-5165','(392) 152-8233','(343) 149-1997','AlishiaKemp662@aol.com','AlishiaK8926@aol.com',9,28,'27814 Airport','','Pembroke Pines','MN','73142','',31,0,'2015-07-01','2015-07-09',0,0,20,'','','','','',0,0,0,0,0,'0000-00-00','0000-00-00'),('Johnson','Melina','','','OK:OKC:MAINT','515','','(129) 787-8915','(963) 899-2708','(581) 878-6185','MJohnson6996@yahoo.com','MJohnson9287@comcast.net',5,4,'83562 Sycamore','','Joliet','IL','73142','',32,0,'2009-03-30','2015-06-06',0,0,20,'','','','','',0,1,0,0,0,'0000-00-00','0000-00-00'),('Ingram','Paris','','','','','','(912) 787-2549','(308) 781-7532','(610) 281-4070','ParisIngram992@hotmail.com','ParisI4600@hotmail.com',2,21,'17043 Lake','Apt. #1180','Memphis','NY','73132','',33,0,'2013-08-05','2014-02-27',0,0,20,'','','','','',0,0,0,0,0,'0000-00-00','0000-00-00'),('Coleman','Delores','','','OK:OKC:MAINT','702','','(138) 368-4267','(522) 932-0874','(747) 845-3908','DColeman811@yahoo.com','DColeman4965@gmail.com',4,22,'72467 Ridge','Apt. #8587','Houma','ND','73132','',34,58,'2012-09-12','0000-00-00',197,0,20,'','','','','',1,1,1,1,0,'0000-00-00','0000-00-00'),('Alvarado','Wen','','','OK:OKC:GRNDS','1050','','(799) 590-5638','(119) 439-0113','(336) 732-0725','WAlvarado9609@abiz.com','WenA4555@comcast.net',1,28,'38709 Sunset','','San Jose','WV','73132','',35,0,'2015-06-29','2015-08-14',82,0,20,'','','','','',0,1,0,0,0,'0000-00-00','0000-00-00'),('Ellison','Lovie','','','OK:OKC:GSERV','','','(571) 350-8133','(427) 356-0900','(226) 551-3454','LovieEllison449@gmail.com','LovieE8396@hotmail.com',5,10,'97608 West Virginia','Apt. #4602','Oklahoma City','WV','73099','',36,19,'2014-04-30','2014-10-18',0,0,20,'','','','','',0,0,0,0,0,'0000-00-00','0000-00-00'),('Holmes','Vita','','','OK:OKC:FDBEV','584','','(718) 324-8805','(100) 517-4869','(796) 939-7186','VHolmes5906@comcast.net','VitaH3864@gmail.com',2,11,'44759 Palo Verde','','Honolulu','MT','73132','',37,0,'2010-01-25','0000-00-00',73,0,20,'','','','','',1,1,1,1,0,'0000-00-00','0000-00-00'),('Trujillo','Fredric','','','TX:USA:ADMIN','511','','(631) 962-0748','(265) 131-2959','(526) 425-2316','FredricT9884@bdiddy.com','FredricTrujillo340@yahoo.com',11,19,'43997 Sycamore','Apt. #9368','Coral Springs','NV','76040','',38,15,'2006-05-01','0000-00-00',199,1,20,'','','','','',1,1,1,1,0,'0000-00-00','0000-00-00'),('Wright','Teddy','','','','','','(919) 366-0464','(633) 149-4040','(502) 758-2878','TWright814@hotmail.com','TeddyWright615@comcast.net',7,8,'38159 1st','Apt. #4486','Portsmouth','OR','73122','',39,0,'2010-09-25','2014-07-02',0,0,20,'','','','','',0,1,0,0,0,'0000-00-00','0000-00-00'),('Gallegos','Ladawn','','','OK:OKC:CAPMP','1018','','(545) 540-5367','(182) 595-6134','(523) 793-6139','LGallegos6100@gmail.com','LadawnG2068@comcast.net',7,15,'82271 Jackson','','Baton Rouge','AK','73107','',40,17,'2015-01-26','0000-00-00',206,1,20,'','','','','',1,1,1,1,0,'0000-00-00','0000-00-00'),('Chaney','Felipe','','','OK:OKC:HSKPG','93','','(529) 573-4242','(314) 402-4619','(317) 426-3429','FChaney9592@comcast.net','FelipeChaney846@hotmail.com',11,4,'2415 Church','Apt. #5988','Kailua','SD','73107','',41,0,'2011-12-24','0000-00-00',146,0,20,'','','','','',1,1,1,1,0,'0000-00-00','0000-00-00'),('Barton','Tiffaney','','','OK:OKC:FDBEV','1016','','(656) 970-0422','(163) 924-8349','(919) 646-7435','TBarton119@gmail.com','TiffaneyBarton673@yahoo.com',3,19,'51323 South Carolina','','Lubbock','OR','73132','',42,37,'2015-01-21','0000-00-00',73,0,20,'','','','','',1,1,1,1,0,'0000-00-00','0000-00-00'),('Ellis','Cletus','','','','','','(259) 703-0960','(607) 626-0751','(156) 110-2272','CletusEllis708@bdiddy.com','CletusE3393@comcast.net',11,17,'80010 Aloha','','Orem','AZ','73105','',43,0,'2014-08-08','2014-09-19',0,0,20,'','','','','',0,0,0,0,0,'0000-00-00','0000-00-00'),('Gilbert','Genia','','','','','','(861) 768-1687','(977) 491-1339','(367) 837-8935','GGilbert9300@gmail.com','GGilbert9438@yahoo.com',10,26,'68877 Kahili','Apt. #5073','Knoxville','ND','73132','',44,0,'2014-01-06','2014-02-02',0,0,20,'','','','','',0,1,0,0,0,'0000-00-00','0000-00-00'),('Fischer','Glen','','','OK:OKC:HSKPG','701','','(278) 518-6966','(277) 820-3521','(189) 747-9924','GFischer4832@yahoo.com','GlenFischer841@hotmail.com',3,20,'86497 Sixth','','Savannah','MN','73132','',45,52,'2012-09-09','0000-00-00',146,0,20,'','','','','',1,1,1,1,0,'0000-00-00','0000-00-00'),('Berger','Meagan','','','TX:USA:WRHSE','303','','(539) 153-9052','(625) 578-5137','(268) 372-1069','MeaganB2046@comcast.net','MeaganBerger901@abiz.com',8,26,'68239 Spruce','','Racine','NH','75061','',46,73,'2006-12-11','0000-00-00',199,16,0,'','','','','',1,1,1,1,0,'0000-00-00','0000-00-00'),('Burt','Ray','','','TX:USA:WRHSE','588','','(329) 473-8916','(278) 625-2726','(590) 744-2348','RayBurt493@yahoo.com','RBurt8106@comcast.net',5,30,'65625 Delaware','Apt. #9494','Abilene','OK','75061','',47,73,'2007-10-17','0000-00-00',199,16,0,'','','','','',1,1,1,1,0,'0000-00-00','0000-00-00'),('Decker','Ginny','','','OK:OKC:GSERV','738','','(974) 148-2137','(882) 900-1719','(983) 852-3511','GDecker296@aol.com','GDecker4941@hotmail.com',11,19,'2522 County Line','','Reno','IL','73162','',48,44,'2013-09-16','2015-06-08',49,7,20,'','','','','',0,1,0,0,0,'0000-00-00','0000-00-00'),('Winters','Annamae','','','OK:OKC:GSERV','687','','(888) 243-9635','(103) 586-1963','(501) 177-4816','AnnamaeWinters12@comcast.net','AnnamaeW7718@gmail.com',11,21,'66531 Juniper','Apt. #2367','Pasadena','IN','73142','',49,43,'2009-09-29','0000-00-00',207,7,20,'','','','','',1,1,1,1,0,'0000-00-00','0000-00-00'),('Hanson','Stefani','','','OK:OKC:GSERV','1036','','(678) 955-6661','(662) 181-7291','(181) 832-6922','StefaniHanson203@gmail.com','SHanson6258@aol.com',9,22,'5135 Third','','Houston','NY','73142','',50,42,'2015-06-01','0000-00-00',49,0,20,'','','','','',1,1,3,3,0,'0000-00-00','0000-00-00'),('Greene','Trish','','','OK:OKC:ADMIN','764','','(761) 275-8746','(518) 475-8579','(963) 239-0576','TGreene4034@aol.com','TrishGreene734@gmail.com',4,27,'46742 A','','Palm Bay','PA','73083','',51,2,'2015-07-23','0000-00-00',30,1,20,'','','','','',1,1,2,2,0,'0000-00-00','0000-00-00'),('Mccoy','Thomasina','','','OK:OKC:HSKPG','1070','','(575) 212-5182','(474) 377-0400','(196) 780-9966','TMccoy1534@bdiddy.com','TMccoy2946@aol.com',2,11,'69568 County Line','','New York','KS','73122','',52,52,'2015-08-23','0000-00-00',146,0,20,'','','','','',1,1,2,2,0,'0000-00-00','0000-00-00'),('Riley','Kimiko','','','OK:OKC:LSGSAL','821','','(430) 850-9564','(118) 654-8325','(798) 722-2816','KimikoR7665@hotmail.com','KimikoR9395@abiz.com',3,19,'23054 Smith','','GreenBay','OR','73132','',53,68,'2014-07-23','0000-00-00',207,0,20,'','','','','',1,1,1,1,0,'0000-00-00','0000-00-00'),('Frazier','Linette','','','OK:OKC:FDBEV','1017','','(679) 415-0635','(935) 624-4432','(509) 823-1612','LFrazier3758@bdiddy.com','LinetteF1429@gmail.com',5,12,'94844 Eleventh','','Round Lake Beach','NM','73122','',54,0,'2015-01-19','2015-01-21',73,0,20,'','','','','',0,0,0,0,0,'0000-00-00','0000-00-00'),('Ochoa','Jenniffer','','','TX:USA:ACCTG','629','','(635) 560-8224','(958) 295-0889','(287) 859-5320','JennifferOchoa362@hotmail.com','JOchoa3730@abiz.com',9,30,'11930 Jackson','','Clarksville','WI','76117','',55,2,'2010-09-13','0000-00-00',199,0,0,'','','','','',1,1,1,1,0,'0000-00-00','0000-00-00'),('Sanders','Elfreda','','','OK:OKC:FDBEV','717','','(584) 780-2273','(470) 593-0897','(695) 114-9602','ElfredaS9188@hotmail.com','ESanders6788@yahoo.com',1,28,'11594 Pleasant','','Fullerton','IA','73132','',56,38,'2013-06-06','0000-00-00',73,6,20,'','','','','',1,1,1,1,0,'0000-00-00','0000-00-00'),('Castro','Celestina','','','OK:OKC:CPATR','799','','(173) 402-4503','(988) 369-1973','(806) 295-0188','CelestinaCastro769@abiz.com','CCastro9422@aol.com',4,15,'72277 Wilson','Apt. #526','Lowell','MI','73132','',57,23,'2014-04-16','0000-00-00',59,3,20,'','','Weasel','','',1,1,1,1,0,'0000-00-00','0000-00-00'),('Wood','Liza','','','OK:OKC:MAINT','760','','(689) 694-7602','(513) 981-6829','(736) 205-8869','LizaW9322@aol.com','LWood665@hotmail.com',10,25,'72494 Evergreen','','Naperville','NJ','73064','',58,0,'2013-05-22','0000-00-00',197,0,20,'','','','','',1,1,1,1,0,'0000-00-00','0000-00-00'),('Hunter','Eloise','','','OK:OKC:CPATR','726','','(203) 432-3898','(821) 249-9162','(198) 278-1625','EHunter5761@gmail.com','EHunter206@yahoo.com',9,18,'11485 Cottonwood','Apt. #3916','Austin','KS','73132','',59,24,'2013-07-09','0000-00-00',207,3,20,'','','Toni','','',1,1,1,1,0,'0000-00-00','0000-00-00'),('Joseph','Joslyn','','','','','','(309) 908-6669','(187) 696-4976','(757) 811-1750','JJoseph396@yahoo.com','JoslynJoseph96@hotmail.com',4,4,'38212 North Carolina','Apt. #5842','Concord','WA','73505','',60,0,'2014-02-25','2014-04-20',0,0,20,'','','','','',0,0,0,0,0,'0000-00-00','0000-00-00'),('Mcdaniel','Tisha','','','OK:OKC:GRNDS','1062','','(692) 533-8935','(310) 445-6331','(177) 635-1927','TishaMcdaniel658@gmail.com','TishaMcdaniel502@hotmail.com',3,1,'21679 Johnson','','Johnson City','WI','73128','',61,54,'2015-07-30','2015-08-15',82,9,20,'','','','','',0,0,0,0,0,'0000-00-00','0000-00-00'),('Mccarty','Delbert','','','OK:OKC:GRNDS','1041','','(979) 207-3954','(106) 647-2616','(698) 301-8356','DelbertMccarty71@abiz.com','DelbertMccarty90@hotmail.com',7,31,'62500 Zoo','Apt. #3450','Sarasota','TN','73162','',62,54,'2015-06-12','2015-08-15',82,9,20,'','','','','',0,0,0,0,0,'0000-00-00','0000-00-00'),('Molina','Alona','','','TX:AII:ACCTG','1002','','(419) 924-3366','(508) 496-1845','(436) 508-4619','AlonaMolina751@aol.com','AlonaMolina736@yahoo.com',8,21,'80850 Spruce','','Grand Prairie','HI','78749','',63,13,'2014-10-21','2015-03-11',0,1,20,'','','','','',0,1,0,0,0,'0000-00-00','0000-00-00'),('Chan','Karissa','','','','','','(157) 108-7845','(325) 147-7535','(212) 327-9626','KarissaChan66@bdiddy.com','KarissaChan903@gmail.com',12,23,'50238 Malulani','','Davenport','UT','73103','',64,0,'2014-05-20','2014-07-13',0,0,20,'','','','','',0,0,0,0,0,'0000-00-00','0000-00-00'),('Hammond','Neomi','','','OK:OKC:CPATR','1025','','(101) 577-0257','(472) 858-2634','(117) 706-4500','NeomiHammond857@gmail.com','NeomiHammond84@gmail.com',3,21,'36961 Church','','Yonkers','CA','73121','',65,0,'2015-03-26','2015-04-23',59,0,20,'','','','','',0,0,0,0,0,'0000-00-00','0000-00-00'),('Marquez','Rufus','','','OK:OKC:CPATR','1022','','(793) 158-8351','(540) 932-5175','(319) 511-1004','RufusMarquez534@gmail.com','RufusM4229@gmail.com',2,2,'50930 New York','Apt. #9974','Canton','CT','73132','',66,0,'2015-03-08','2015-04-23',59,0,20,'','','','','',0,0,0,0,0,'0000-00-00','0000-00-00'),('Joyce','Catherin','','','','','','(464) 149-1199','(527) 182-7241','(606) 946-3868','CJoyce9665@gmail.com','CatherinJ4417@gmail.com',9,20,'90956 New Jersey','','Bloomington','MN','73132','',67,0,'2013-01-01','2014-01-17',0,0,20,'','','','','',0,1,0,0,0,'0000-00-00','0000-00-00'),('Myers','Rick','','','','','','(820) 830-2561','(568) 115-3151','(187) 684-5667','RMyers1689@bdiddy.com','RMyers3302@comcast.net',2,15,'80676 Airport','','College Station','AL','73108','',68,0,'2013-08-27','2014-01-31',0,0,20,'','','','','',0,1,0,0,0,'0000-00-00','0000-00-00'),('Melendez','Kyle','','','OK:OKC:HSKPG','51','','(551) 560-3469','(263) 202-3879','(338) 793-4608','KMelendez785@gmail.com','KyleMelendez386@hotmail.com',10,9,'78362 Center','','Fitchburg','LA','73132','',69,52,'2010-12-04','0000-00-00',146,1,20,'','','C-Baby','','',1,1,1,1,0,'0000-00-00','0000-00-00'),('Reyes','Rachel','','','OK:OKC:CAPMP','1013','','(933) 770-0281','(596) 476-5197','(399) 574-9505','RachelReyes219@hotmail.com','RachelReyes113@aol.com',8,19,'10692 Rhode Island','','Brighton','VT','73132','',70,60,'2015-01-01','0000-00-00',206,1,20,'','','','','',1,1,1,1,0,'0000-00-00','0000-00-00'),('Chen','Sherril','','','TX:USA:WRHSE','319','','(131) 766-8306','(702) 224-7601','(107) 702-1350','SherrilChen935@aol.com','SherrilC6511@yahoo.com',5,15,'34929 Wilson','','Bloomington','WV','75061','',71,73,'2007-07-02','0000-00-00',199,16,0,'','','','','',1,1,2,2,0,'0000-00-00','0000-00-00'),('Mckay','Emilee','','','TX:USA:WRHSE','597','','(824) 484-3767','(436) 597-6543','(487) 333-3636','EMckay1466@hotmail.com','EmileeM7030@aol.com',9,11,'878 West Virginia','Apt. #3684','Saint Louis','MO','75061','',72,71,'2010-03-18','0000-00-00',199,16,0,'','','','','',1,1,2,2,0,'0000-00-00','0000-00-00'),('Swanson','Francis','','','OK:OKC:FDBEV','689','','(750) 974-1148','(289) 121-2293','(746) 642-1671','FrancisS8688@gmail.com','FrancisS4903@hotmail.com',7,10,'62491 Cypress','','Garden Grove','KY','73132','',73,36,'2011-06-03','0000-00-00',207,6,20,'','','','','',1,1,1,1,0,'0000-00-00','0000-00-00'),('Garcia','Nohemi','','','TX:AII:ACCTG','1024','','(556) 772-3650','(336) 495-4054','(454) 854-7290','NGarcia5310@comcast.net','NohemiG9151@gmail.com',12,12,'20036 11th','','Boise City','CT','78705','',74,13,'2015-03-30','2015-08-28',0,1,4,'','','','','',0,1,0,0,0,'0000-00-00','0000-00-00'),('Hawkins','Claudine','','','OK:OKC:GSERV','','','(950) 381-1337','(474) 541-0282','(988) 468-4310','CHawkins4916@bdiddy.com','CHawkins41@comcast.net',4,22,'39956 Fifth','','Port St. Lucie','IL','73132','',75,0,'2014-09-23','2014-11-11',0,0,20,'','','','','',0,0,0,0,0,'0000-00-00','0000-00-00'),('Mcneil','Pamula','','','OK:OKC:PHONE','1010','','(421) 317-9631','(807) 659-9511','(590) 301-3499','PamulaM6896@aol.com','PamulaM2909@hotmail.com',8,8,'20160 Highland','','Kalamazoo','TX','73132','',76,19,'2014-12-22','0000-00-00',24,0,20,'','','','','',1,1,1,1,0,'0000-00-00','0000-00-00'),('Pate','Carla','','','OK:OKC:GRNDS','1037','','(160) 612-0979','(727) 275-8038','(685) 679-0086','CarlaP4422@hotmail.com','CPate3661@bdiddy.com',1,15,'96950 Kansas','Apt. #2604','Bremerton','LA','73135','',77,54,'2015-06-01','0000-00-00',82,9,20,'','','','','',1,1,1,1,0,'0000-00-00','0000-00-00'),('Leach','Tisa','','','','','','(653) 975-3861','(210) 452-2479','(461) 238-7099','TLeach7115@comcast.net','TLeach8087@comcast.net',9,30,'80781 Delaware','','Jersey City','MD','73132','',78,0,'2014-01-24','2014-08-14',0,0,20,'','','','','',0,0,0,0,0,'0000-00-00','0000-00-00'),('Avila','Bobette','','','','','','(727) 523-3785','(472) 481-0600','(139) 482-4373','BobetteA9399@abiz.com','BobetteA9944@gmail.com',1,26,'69398 Evergreen','','Santa Barbara','ID','73112','',79,0,'2014-04-28','2014-08-29',0,0,20,'','','','','',0,1,0,0,0,'0000-00-00','0000-00-00'),('Willis','Regine','','','','','','(194) 874-0676','(256) 598-9255','(278) 672-3386','RegineW1158@yahoo.com','RegineW5553@gmail.com',9,29,'57082 A','','Fort Walton Beach','ND','73122','',80,0,'2014-02-04','2014-02-13',0,0,20,'','','','','',0,1,0,0,0,'0000-00-00','0000-00-00'),('Gould','Suellen','','','OK:OKC:MAINT','789','','(401) 760-6816','(940) 372-9945','(201) 867-6091','SuellenGould807@abiz.com','SGould5040@comcast.net',10,20,'94643 Canyon','','Roseville','WI','73132','',81,0,'2012-09-24','0000-00-00',197,0,20,'','','','','',1,1,1,1,0,'0000-00-00','0000-00-00'),('Carpenter','Rusty','','','OK:OKC:GRNDS','1015','','(370) 243-1448','(185) 198-9562','(405) 400-7928','RCarpenter1357@gmail.com','RustyC1983@hotmail.com',12,18,'72876 Cottonwood','','Daytona Beach','NY','73070','',82,55,'2015-04-30','0000-00-00',207,9,20,'','','','','',1,1,1,1,0,'0000-00-00','0000-00-00'),('Preston','Clarice','','','OK:OKC:GRNDS','1045','','(646) 716-9592','(358) 899-5731','(429) 811-7084','CPreston7217@yahoo.com','CPreston3301@abiz.com',10,9,'18887 Quail','','Boston','AK','73159','',83,54,'2015-06-23','0000-00-00',82,9,20,'','','','','',1,1,1,1,0,'0000-00-00','0000-00-00'),('Carrillo','Margery','','','','','','(331) 998-9350','(439) 370-4271','(185) 228-5076','MargeryCarrillo676@abiz.com','MargeryC9268@bdiddy.com',7,20,'52752 Pecan','','Fresno','CO','73127','',84,0,'2014-04-29','2014-06-14',0,0,20,'','','','','',0,1,0,0,0,'0000-00-00','0000-00-00'),('Kirk','Lyla','','','OK:OKC:SALES','155','','(357) 567-5977','(755) 472-7053','(547) 477-3403','LylaKirk385@hotmail.com','LKirk9936@aol.com',4,25,'99575 Lakeview','','Milwaukee','UT','73130','',85,29,'2010-11-17','0000-00-00',207,0,20,'','','','','',1,1,2,2,0,'0000-00-00','0000-00-00'),('Cohen','Emilee','','','','','','(428) 895-2071','(618) 166-3528','(805) 301-7276','EmileeCohen243@comcast.net','ECohen7675@aol.com',5,27,'32043 Holly','','Stockton','AR','73084','',86,0,'2013-12-14','2014-05-13',0,0,20,'','','','','',0,1,0,0,0,'0000-00-00','0000-00-00'),('Long','Ezra','','','','','','(911) 176-9233','(104) 556-9405','(677) 567-1759','EzraL1108@hotmail.com','ELong4005@gmail.com',8,26,'1772 New Jersey','','Durham','OK','73128','',87,0,'2014-05-08','2014-09-20',0,0,20,'','','','','',0,1,0,0,0,'0000-00-00','0000-00-00'),('Kelly','Mazie','','','TX:USA:ADMIN','745','','(282) 761-0931','(964) 973-2300','(507) 454-1533','MazieK1221@yahoo.com','MazieKelly76@gmail.com',10,7,'37855 Orchard','Apt. #4951','Melbourne','IN','75050','',88,62,'2013-10-14','0000-00-00',199,0,0,'','','','','',1,1,2,2,0,'0000-00-00','0000-00-00'),('Newton','Terisa','','','OK:OKC:CPATR','756','','(843) 725-1047','(137) 338-8644','(383) 334-3626','TNewton8094@yahoo.com','TerisaNewton7@yahoo.com',10,31,'64435 Narragansett','Apt. #1469','Independence','NH','73132','',89,24,'2013-12-14','0000-00-00',59,3,20,'','','Tiajuana','','',1,1,1,1,0,'0000-00-00','0000-00-00'),('Bray','Hillary','','','','','','(251) 594-5327','(762) 780-2668','(648) 666-0272','HBray3740@comcast.net','HillaryBray228@aol.com',2,2,'81184 S 100','','Port St. Lucie','OR','73099','',90,0,'2014-03-26','2014-09-20',0,0,20,'','','','','',0,1,0,0,0,'0000-00-00','0000-00-00'),('Russell','Ozella','','','OK:OKC:GRNDS','775','','(661) 572-5241','(269) 704-6617','(953) 524-1306','ORussell8938@hotmail.com','ORussell6999@bdiddy.com',12,30,'57185 Cypress','','Anaheim','MN','73132','',91,54,'2014-02-21','2015-06-12',0,9,20,'','','','','',0,1,0,0,0,'0000-00-00','0000-00-00'),('Cook','Franchesca','','','OK:OKC:CPATR','531','','(620) 742-9131','(421) 694-5174','(276) 351-0163','FranchescaCook549@comcast.net','FranchescaCook534@bdiddy.com',3,6,'30690 Hill','','Kailua','KY','73120','',92,0,'2009-06-17','2015-02-23',0,0,20,'','','','','',0,1,0,0,0,'0000-00-00','0000-00-00'),('Hunt','Kenneth','','','OK:OKC:GSERV','1042','','(126) 438-8094','(829) 422-7302','(421) 766-5426','KennethHunt305@hotmail.com','KHunt273@bdiddy.com',12,23,'31830 Maple','Apt. #2103','Stamford','HI','73132','',93,0,'2015-06-15','0000-00-00',49,0,20,'','','','','',1,1,3,3,0,'0000-00-00','0000-00-00'),('Banks','Vina','','','OK:OKC:HSKPG','116','','(584) 783-7747','(165) 770-6083','(916) 706-7888','VBanks3596@gmail.com','VinaB9576@comcast.net',11,4,'93848 1st','','Saint Louis','IA','73008','',94,52,'2012-06-01','0000-00-00',146,0,20,'','','','','',1,1,1,1,0,'0000-00-00','0000-00-00'),('Hampton','Tish','','','','','','(467) 341-6599','(309) 207-7095','(631) 565-1324','THampton4246@hotmail.com','THampton6076@gmail.com',12,23,'59954 Airport','Apt. #3248','Howell','TX','73149','',95,0,'2013-11-12','2014-05-15',0,0,20,'','','','','',0,1,0,0,0,'0000-00-00','0000-00-00'),('Golden','Patsy','','','OK:OKC:HSKPG','602','','(608) 453-0749','(475) 581-4778','(519) 706-1158','PatsyG8532@abiz.com','PGolden5040@abiz.com',3,4,'17774 Narragansett','','Lake Charles','TN','73132','',96,79,'2010-04-26','0000-00-00',146,8,20,'','','','','',1,1,1,1,0,'0000-00-00','0000-00-00'),('Webster','Dallas','','','TX:AII:ACCTG','820','','(251) 258-2378','(258) 534-4006','(337) 664-7485','DallasW1469@aol.com','DWebster389@yahoo.com',11,21,'89575 Shore','','Evansville','NM','78738','',97,4,'2014-06-30','0000-00-00',19,1,4,'','','','','',0,1,0,0,0,'0000-00-00','0000-00-00'),('Shelton','Jose','','','TX:AII:ACCTG','1046','','(776) 929-5250','(824) 688-5239','(740) 361-6749','JShelton4474@gmail.com','JoseShelton110@abiz.com',1,11,'55266 New Mexico','','Cape Coral','UT','78738','',98,4,'2015-06-25','0000-00-00',19,1,4,'','','','','',0,1,0,0,0,'0000-00-00','0000-00-00'),('Coffey','Thora','','','OK:OKC:LSGSAL','1053','','(641) 226-1534','(741) 897-2376','(188) 793-2318','ThoraC9123@gmail.com','ThoraC5614@abiz.com',8,11,'24205 Canyon','Apt. #6922','Boston','VA','73132','',99,67,'2015-07-13','0000-00-00',207,0,20,'','','','','',1,1,1,1,0,'0000-00-00','0000-00-00'),('Howell','Nicholas','','','TX:USA:WRHSE','316','','(409) 544-7770','(174) 868-4689','(153) 716-6439','NHowell3529@comcast.net','NHowell388@yahoo.com',2,1,'87392 Elm','Apt. #8071','Poughkeepsie','GA','75061','',100,73,'2007-06-18','0000-00-00',199,16,0,'','','','','',1,1,2,2,0,'0000-00-00','0000-00-00'),('Cortez','Tom','','','OK:OKC:HSKPG','792','','(965) 408-2491','(432) 252-2458','(318) 714-4364','TCortez6855@aol.com','TomC4047@aol.com',9,20,'21407 Ninth','','Fitchburg','ME','73122','',101,50,'2014-03-31','0000-00-00',146,0,20,'','','','','',1,1,1,1,0,'0000-00-00','0000-00-00'),('Dotson','Gino','','','OK:OKC:HSKPG','830','','(277) 451-5363','(177) 908-7146','(450) 944-8237','GinoD2211@hotmail.com','GinoD7599@gmail.com',10,5,'39420 Eleventh','','Boise City','DC','73109','',102,0,'2014-08-16','2015-07-03',0,0,20,'','','','','',0,0,0,0,0,'0000-00-00','0000-00-00'),('Tanner','Larissa','','','TX:AII:ACCTG','795','','(850) 503-5548','(639) 932-1045','(798) 459-0420','LarissaTanner31@gmail.com','LTanner7331@aol.com',4,12,'93065 10th','','Westminster','NH','78613','',103,2,'2014-04-07','0000-00-00',19,0,4,'','','','','',1,1,1,1,0,'0000-00-00','0000-00-00'),('Cardenas','Marica','','','OK:OKC:GRNDS','1030','','(226) 904-2717','(880) 418-4373','(802) 886-8042','MaricaCardenas442@comcast.net','MaricaCardenas540@gmail.com',10,26,'37751 N 400','','Fontana','AZ','73120','',104,54,'2015-04-27','2015-05-25',153,9,20,'','','','','',0,0,0,0,0,'0000-00-00','0000-00-00'),('Miller','Natalia','','','OK:OKC:GSERV','110','','(117) 491-1600','(839) 353-8872','(184) 835-1686','NMiller9624@comcast.net','NataliaM9504@bdiddy.com',6,15,'67699 1st','','Grand Prairie','CT','73099','',105,44,'2013-10-10','0000-00-00',49,7,20,'','','','','',1,1,2,2,0,'0000-00-00','0000-00-00'),('George','Tawny','','','TX:AII:ACCTG','1047','','(289) 355-6714','(277) 445-0900','(401) 511-8682','TawnyGeorge353@yahoo.com','TGeorge8046@gmail.com',9,20,'1762 N 400','','Hialeah','HI','78735','',106,4,'2015-06-25','0000-00-00',19,1,4,'','','','','',0,1,0,0,0,'0000-00-00','0000-00-00'),('Hines','Reatha','','','','','','(125) 502-4039','(260) 171-1891','(267) 436-3070','ReathaHines89@abiz.com','ReathaHines803@abiz.com',1,2,'58692 Apache','Apt. #405','Asheville','NJ','73127','',107,0,'2012-02-16','2014-06-14',0,0,20,'','','','','',0,1,0,0,0,'0000-00-00','0000-00-00'),('Sawyer','Lin','','','','','','(441) 347-1754','(399) 323-1028','(814) 119-9148','LSawyer8818@comcast.net','LSawyer7401@aol.com',8,20,'26362 N 400','Apt. #7299','New Haven','AR','73106','',108,0,'2014-02-06','2014-02-07',0,0,20,'','','','','',0,1,0,0,0,'0000-00-00','0000-00-00'),('Carey','Cinderella','','','OK:OKC:CAPMP','100','','(747) 634-0253','(842) 112-0865','(307) 120-4516','CinderellaCarey573@gmail.com','CCarey2406@comcast.net',11,21,'9330 Sycamore','','Canton','WV','73108','',109,60,'2012-02-13','0000-00-00',206,0,20,'','','','','',1,1,1,1,0,'0000-00-00','0000-00-00'),('Odonnell','Jermaine','','','TX:USA:WRHSE','733','','(256) 342-2711','(762) 966-8510','(552) 236-0374','JOdonnell5277@abiz.com','JermaineO9120@bdiddy.com',3,17,'32205 Pioneer','','Youngstown','MO','75212','',110,73,'2013-08-22','0000-00-00',199,16,0,'','','','','',1,1,1,1,0,'0000-00-00','0000-00-00'),('Hester','Leilani','','','OK:OKC:PHONE','839','','(394) 352-8960','(608) 983-8693','(130) 667-7463','LeilaniHester195@hotmail.com','LeilaniHester186@yahoo.com',6,18,'39757 Cottonwood','','New York City','TN','73132','',111,19,'2014-09-16','0000-00-00',24,0,20,'','','','','',1,1,1,1,0,'0000-00-00','0000-00-00'),('Brewer','Nerissa','','','OK:OKC:GRNDS','1023','','(988) 695-2840','(520) 546-2785','(781) 275-7135','NerissaB5513@yahoo.com','NerissaB6773@yahoo.com',8,31,'9566 Kansas','','Santa Maria','ND','73132','',112,54,'2015-03-17','2015-07-01',0,9,20,'','','','','',0,1,0,0,0,'0000-00-00','0000-00-00'),('Hernandez','Jenee','','','OK:OKC:SALES','840','','(690) 430-4861','(266) 144-2977','(517) 201-5011','JeneeH1817@abiz.com','JeneeH8937@yahoo.com',7,31,'71564 Malulani','','Scranton','MO','73132','',113,0,'2014-09-15','2015-05-15',0,0,20,'','','','','',0,0,0,0,0,'0000-00-00','0000-00-00'),('Crane','Tien','','','TX:TUC:HSKPG','56','','(377) 644-6988','(268) 748-5077','(228) 246-7518','TienCrane389@bdiddy.com','TCrane8629@bdiddy.com',7,16,'59156 West Virginia','Apt. #3407','Lakewood','WI','75061','',114,80,'2011-01-15','0000-00-00',201,0,42,'','','','','',1,1,1,1,0,'0000-00-00','0000-00-00'),('Marshall','Stanton','','','','','','(499) 845-4848','(897) 937-7730','(216) 469-2811','SMarshall1280@abiz.com','SMarshall3247@bdiddy.com',12,12,'63016 S 100','','Dayton','NJ','73159','',115,0,'2013-01-31','2014-01-14',0,0,20,'','','','','',0,1,0,0,0,'0000-00-00','0000-00-00'),('Phelps','Kyung','','','OK:OKC:HSKPG','554','','(381) 164-4415','(137) 660-8261','(852) 666-6082','KPhelps8211@gmail.com','KyungP2213@hotmail.com',3,30,'49431 Sycamore','Apt. #8960','Fargo','KS','73139','',116,49,'2012-01-02','0000-00-00',146,8,20,'','','','','',1,1,1,1,0,'0000-00-00','0000-00-00'),('Hines','Derek','','','OK:OKC:FDBEV','1021','','(249) 512-3227','(881) 915-2200','(890) 489-1778','DHines5970@abiz.com','DHines7802@comcast.net',1,14,'71760 Elm','Apt. #1187','New York','IN','73507','',117,39,'2015-02-26','2015-08-15',73,6,20,'','','','','',0,1,0,0,0,'0000-00-00','0000-00-00'),('Mooney','Iluminada','','','','','','(372) 742-3708','(351) 850-5687','(534) 352-5585','IluminadaM1464@yahoo.com','IluminadaMooney99@bdiddy.com',3,12,'37645 Elm','','Columbus','HI','73132','',118,0,'2014-03-10','2014-05-15',0,0,20,'','','','','',0,1,0,0,0,'0000-00-00','0000-00-00'),('Tyson','Sherise','','','OK:OKC:CPATR','834','','(744) 827-9561','(661) 645-9994','(185) 581-6856','STyson2676@bdiddy.com','SheriseT3000@aol.com',8,8,'57024 Cedar','','Garland','RI','73132','',119,0,'2014-08-28','2015-06-12',0,0,20,'','','','','',0,1,0,0,0,'0000-00-00','0000-00-00'),('Mcintyre','Giuseppe','','','OK:OKC:ADMIN','1064','','(833) 974-4178','(473) 712-0677','(434) 330-9388','GiuseppeMcintyre698@aol.com','GMcintyre5378@hotmail.com',10,7,'32974 Spruce','','Jacksonville','IL','73118','',120,1,'2015-07-27','0000-00-00',30,1,20,'','','','','',1,1,3,3,0,'0000-00-00','0000-00-00'),('Robertson','Aundrea','','','','','','(851) 719-7918','(179) 596-4819','(436) 560-8355','AundreaRobertson732@comcast.net','AundreaRobertson374@yahoo.com',5,25,'10170 Tenth','','Cambridge','NH','73159','',121,0,'2013-11-11','2014-05-24',0,0,20,'','','','','',0,1,0,0,0,'0000-00-00','0000-00-00'),('Greene','Domenica','','','OK:OKC:MAINT','1051','','(629) 629-4263','(932) 239-8439','(498) 610-9920','DomenicaGreene263@gmail.com','DomenicaGreene53@hotmail.com',6,5,'45173 River','','Des Moines','WI','73120','',122,56,'2015-07-01','0000-00-00',34,0,20,'','','','','',1,1,2,2,0,'0000-00-00','0000-00-00'),('Finley','Leeanna','','','OK:OKC:FDBEV','825','','(204) 121-0609','(726) 948-8586','(807) 705-1293','LFinley5366@aol.com','LFinley6481@hotmail.com',1,13,'11334 Juniper','Apt. #626','Gulfport-Biloxi','ME','73099','',123,0,'2014-08-02','2015-01-18',0,0,20,'','','','','',0,0,0,0,0,'0000-00-00','0000-00-00'),('Oliver','Erasmo','','','OK:OKC:FDBEV','754','','(705) 461-0462','(476) 152-2109','(759) 678-2877','ErasmoOliver416@abiz.com','ErasmoOliver272@gmail.com',5,13,'74533 Delaware','Apt. #5484','Pompano Beach','NJ','73132','',124,37,'2012-05-29','0000-00-00',207,0,20,'','','','','',1,1,1,1,0,'0000-00-00','0000-00-00'),('Jarvis','Quincy','','','OK:OKC:HSKPG','815','','(800) 809-0394','(574) 373-1876','(910) 895-3027','QuincyJarvis962@bdiddy.com','QJarvis5308@yahoo.com',1,13,'30836 Bay','','Rancho Cucamonga','NH','73109','',125,47,'2014-06-14','0000-00-00',146,8,20,'','','','','',1,1,1,1,0,'0000-00-00','0000-00-00'),('Caldwell','Dinah','','','OK:OKC:CAPMP','58','','(116) 752-1204','(966) 918-7095','(503) 814-3679','DinahCaldwell245@yahoo.com','DCaldwell2196@gmail.com',1,6,'63858 West Virginia','','Santa Clara','NJ','73132','',126,60,'2011-03-07','0000-00-00',206,0,20,'','','','','',1,1,1,1,0,'0000-00-00','0000-00-00'),('Carver','Michele','','','OK:OKC:GRNDS','739','','(949) 516-6897','(889) 959-5642','(296) 533-9473','MicheleC2356@hotmail.com','MCarver4501@abiz.com',5,15,'73740 Eleventh','Apt. #3723','Tallahassee','ME','73135','',127,54,'2013-09-17','2015-05-18',82,9,20,'','','','','',0,0,0,0,0,'0000-00-00','0000-00-00'),('Winters','Vicenta','','','OK:OKC:GRNDS','753','','(447) 221-0241','(451) 902-0245','(670) 699-2390','VicentaWinters590@hotmail.com','VicentaW5612@yahoo.com',10,28,'99212 Tenth','','Eugene','NV','73132','',128,54,'2013-12-14','2015-06-22',0,9,20,'','','','','',0,0,0,0,0,'0000-00-00','0000-00-00'),('Reyes','Felix','','','OK:OKC:HSKPG','97','','(507) 887-6062','(410) 710-1664','(768) 745-8518','FelixR4694@abiz.com','FelixReyes158@abiz.com',10,6,'6787 Mountain View','','Naples','DC','73112','',129,52,'2012-01-28','0000-00-00',146,0,20,'','','','','',1,1,1,1,0,'0000-00-00','0000-00-00'),('Wright','Norma','','','OK:OKC:CPATR','1014','','(105) 142-4423','(613) 117-3748','(776) 961-1913','NormaW4937@bdiddy.com','NormaWright472@hotmail.com',6,20,'73430 River','','St. Paul','AL','73132','',130,23,'2015-01-19','2015-08-04',59,3,20,'','','','','',0,0,0,0,0,'0000-00-00','0000-00-00'),('Thornton','Tracie','','','OK:OKC:GSERV','1019','','(633) 710-4195','(108) 109-2054','(555) 692-1590','TracieThornton560@hotmail.com','TracieT8471@aol.com',2,9,'18117 3rd','','Danbury','WA','73132','',131,42,'2015-02-11','2015-08-28',24,7,20,'','','','','',0,1,0,0,0,'0000-00-00','0000-00-00'),('Blake','Gonzalo','','','OK:OKC:HSKPG','831','','(741) 922-7615','(883) 575-3675','(326) 705-9056','GonzaloBlake849@bdiddy.com','GonzaloBlake417@gmail.com',2,21,'71866 Orchard','','Montgomery','VT','73109','',132,0,'2014-08-16','0000-00-00',146,0,20,'','','','','',1,1,1,1,0,'0000-00-00','0000-00-00'),('Buchanan','Danyel','','','OK:OKC:HSKPG','162','','(426) 555-7984','(399) 657-1226','(113) 917-0423','DBuchanan6678@hotmail.com','DBuchanan3389@bdiddy.com',10,25,'75469 Lake','Apt. #3502','Lakeland','ID','73127','',133,52,'2012-08-07','0000-00-00',146,0,20,'','','','','',1,1,1,1,0,'0000-00-00','0000-00-00'),('Frederick','Mitchell','','','OK:OKC:FDBEV','','','(935) 906-7493','(914) 556-8859','(441) 595-7384','MitchellF7428@aol.com','MFrederick5425@yahoo.com',11,10,'35054 First','','Tulsa','IN','73132','',134,0,'2014-06-16','2014-10-12',0,0,20,'','','','','',0,1,0,0,0,'0000-00-00','0000-00-00'),('Haney','Amiee','','','OK:OKC:GRNDS','1055','','(161) 694-1770','(847) 957-5193','(369) 213-7543','AHaney1765@hotmail.com','AmieeH3793@gmail.com',11,4,'33853 First','','Paterson','WY','73111','',135,54,'2015-07-27','2015-08-28',82,9,20,'','','','','',0,0,0,0,0,'0000-00-00','0000-00-00'),('Powell','Minh','','','OK:OKC:CPATR','1068','','(548) 995-6133','(335) 638-1566','(358) 996-2298','MPowell1013@comcast.net','MinhP3611@yahoo.com',11,28,'66805 Wilson','Apt. #6788','Bloomington','FL','73142','',136,23,'2015-08-17','0000-00-00',89,0,20,'','','','','',1,1,2,2,0,'0000-00-00','0000-00-00'),('Yates','Emogene','','','','','','(640) 242-2033','(304) 229-6662','(948) 759-7932','EYates815@hotmail.com','EmogeneY5944@abiz.com',10,2,'60349 Eleventh','','Provo','FL','93112','',137,0,'2014-01-13','2014-02-21',0,0,20,'','','','','',0,1,0,0,0,'0000-00-00','0000-00-00'),('Macdonald','Paola','','','','','','(834) 969-7126','(631) 920-4016','(369) 818-1100','PaolaMacdonald669@abiz.com','PMacdonald6267@abiz.com',4,5,'95243 First','Apt. #398','Fort Worth','AL','73120','',138,0,'2013-12-14','2014-06-05',0,0,20,'','','','','',0,1,0,0,0,'0000-00-00','0000-00-00'),('Foreman','Karena','','','','','','(727) 231-0774','(218) 759-7103','(861) 537-5503','KarenaForeman473@aol.com','KarenaF9885@bdiddy.com',4,22,'17673 Center','Apt. #5636','Billings','OR','73106','',139,0,'2010-12-01','2014-05-06',0,0,20,'','','','','',0,1,0,0,0,'0000-00-00','0000-00-00'),('Higgins','Adah','','','OK:OKC:CPATR','1043','','(673) 674-1680','(643) 976-0001','(292) 918-0175','AHiggins3724@yahoo.com','AHiggins4928@bdiddy.com',5,9,'13937 North','','West Covina','AZ','73142','',140,0,'2015-06-10','2015-06-28',0,0,20,'','','','','',0,1,0,0,0,'0000-00-00','0000-00-00'),('Hart','Lizzette','','','TX:USA:ACCTG','690','','(531) 901-1630','(910) 218-3310','(157) 299-7260','LizzetteHart661@yahoo.com','LHart7782@hotmail.com',3,1,'50963 North Dakota','','Champaign','OK','76121','',141,3,'2011-07-05','0000-00-00',199,1,0,'','','','','',1,1,1,1,0,'0000-00-00','0000-00-00'),('Weeks','Alina','','','OK:OKC:MAINT','1034','','(178) 241-5999','(819) 636-8429','(615) 984-3394','AWeeks9623@comcast.net','AWeeks5690@abiz.com',2,4,'70251 Shore','','Santa Clarita','KS','73132','',142,56,'2015-05-29','0000-00-00',197,0,20,'','','','','',1,1,1,1,0,'0000-00-00','0000-00-00'),('Wilkerson','Chara','','','TX:USA:WRHSE','','','(205) 111-9007','(507) 590-9642','(168) 574-4477','CWilkerson940@yahoo.com','CWilkerson8157@comcast.net',12,19,'69833 Navajo','Apt. #8650','Beaumont','WI','75062','',143,73,'2010-07-21','2014-10-17',0,16,0,'','','','','',0,0,0,0,0,'0000-00-00','0000-00-00'),('Cole','Clara','','','OK:OKC:HSKPG','95','','(740) 227-5140','(131) 890-5493','(441) 671-9904','ClaraC8569@yahoo.com','ClaraC9300@hotmail.com',9,13,'97928 West','','Tyler','MS','73127','',144,52,'2011-12-31','0000-00-00',146,0,20,'','','','','',1,1,1,1,0,'0000-00-00','0000-00-00'),('Leonard','Cherrie','','','OK:OKC:HSKPG','612','','(104) 820-5504','(150) 709-6397','(108) 550-3910','CherrieLeonard304@gmail.com','CherrieL8239@aol.com',4,27,'15617 Narragansett','','Eugene','VT','73132','',145,47,'2010-06-05','0000-00-00',146,0,20,'','','','','',1,1,2,2,0,'0000-00-00','0000-00-00'),('Burt','Yvette','','','OK:OKC:HSKPG','394','','(525) 653-2905','(401) 694-5718','(735) 336-1374','YBurt5230@gmail.com','YBurt8395@bdiddy.com',6,15,'94707 Rhode Island','','Murrieta','KS','73122','',146,46,'2007-10-14','0000-00-00',207,8,20,'','','','','',1,1,1,1,0,'0000-00-00','0000-00-00'),('Mason','Lauran','','','OK:OKC:FTNSS','688','','(695) 555-3457','(348) 374-9309','(670) 716-3356','LauranMason510@yahoo.com','LauranMason625@gmail.com',9,6,'49369 Pioneer','','Plano','SD','73132','',147,34,'2010-04-09','0000-00-00',207,5,20,'','','','','',1,1,1,1,0,'0000-00-00','0000-00-00'),('Mendoza','Lovella','','','OK:OKC:FDBEV','835','','(360) 134-2199','(773) 930-1780','(620) 132-2643','LovellaMendoza642@abiz.com','LMendoza2413@hotmail.com',4,10,'53175 New Hampshire','','Poughkeepsie','HI','73132','',148,0,'2014-09-19','2014-11-23',0,0,20,'','','','','',0,0,0,0,0,'0000-00-00','0000-00-00'),('Dunlap','Osvaldo','','','OK:OKC:SALES','798','','(221) 503-6470','(610) 488-5858','(176) 578-9264','ODunlap5561@aol.com','OsvaldoD5544@yahoo.com',8,28,'19662 Spruce','Apt. #4291','Seattle','AR','73170','',149,81,'2012-09-24','0000-00-00',207,0,20,'','','','','',1,1,2,2,0,'0000-00-00','0000-00-00'),('Weber','Laverna','','','OK:OKC:GSERV','1011','','(109) 943-5782','(197) 903-0163','(588) 107-1744','LavernaWeber841@bdiddy.com','LWeber7973@aol.com',10,8,'80107 Lakeview','','Orlando','GA','73107','',150,0,'2014-12-22','2015-01-02',0,0,20,'','','','','',0,0,0,0,0,'0000-00-00','0000-00-00'),('Sampson','Elana','','','','','','(400) 930-3408','(583) 594-4808','(190) 111-8860','ElanaSampson313@hotmail.com','ElanaS4773@abiz.com',1,25,'81392 Airport','','Las Vegas','WV','73127','',151,0,'2014-05-08','2014-08-26',0,0,20,'','','','','',0,1,0,0,0,'0000-00-00','0000-00-00'),('Bender','Thad','','','OK:OKC:GSERV','1012','','(175) 487-0531','(121) 696-1643','(794) 484-0445','TBender930@yahoo.com','TBender197@comcast.net',6,25,'83744 Park','Apt. #7425','Erie','KS','73132','',152,42,'2014-12-22','2015-05-31',49,7,20,'','','','','',0,1,0,0,0,'0000-00-00','0000-00-00'),('Ford','Carolynn','','','OK:OKC:GRNDS','114','','(336) 698-8021','(306) 879-9399','(285) 660-6579','CFord6311@comcast.net','CFord3986@yahoo.com',9,1,'1717 Holly','','Winter Haven','IA','73132','',153,55,'2012-05-14','2015-05-19',82,9,20,'','','','','',0,0,0,0,0,'0000-00-00','0000-00-00'),('Salas','Sonny','','','OK:OKC:GRNDS','752','','(443) 565-8898','(213) 748-9751','(500) 258-8056','SonnySalas145@comcast.net','SSalas4808@yahoo.com',9,6,'6258 River','','Atlanta','HI','73108','',154,0,'2013-11-25','2015-01-14',0,0,20,'','','','','',0,0,0,0,0,'0000-00-00','0000-00-00'),('Ratliff','Consuela','','','TX:USA:WRHSE','291','','(523) 618-7221','(769) 328-5080','(457) 232-9249','ConsuelaRatliff132@aol.com','ConsuelaRatliff113@hotmail.com',3,6,'91592 Aspen','Apt. #2054','Anchorage','WY','76247','',155,73,'2006-06-25','2014-12-08',0,16,0,'','','','','',0,0,0,0,0,'0000-00-00','0000-00-00'),('Russell','Tonita','','','OK:OKC:LSGSAL','1039','','(404) 464-1932','(621) 844-1970','(629) 771-7323','TonitaR1278@bdiddy.com','TonitaR8493@hotmail.com',3,16,'86933 Quail','Apt. #853','Stockton','IN','73132','',156,67,'2015-06-12','0000-00-00',207,0,20,'','','','','',1,1,1,1,0,'0000-00-00','0000-00-00'),('Greene','Cletus','','','','','','(434) 171-8791','(194) 671-5882','(813) 705-8471','CGreene3256@hotmail.com','CletusGreene527@comcast.net',1,22,'59541 Seventh','','Fontana','ID','73130','',157,0,'2011-08-22','2014-05-16',0,0,20,'','','','','',0,1,0,0,0,'0000-00-00','0000-00-00'),('Phelps','Brigette','','','','','','(790) 367-4547','(651) 161-9809','(191) 795-6710','BrigettePhelps633@aol.com','BPhelps8610@yahoo.com',10,27,'75314 Pleasant','','Santa Rosa','AZ','73008','',158,0,'2012-02-04','2014-06-27',0,0,20,'','','','','',0,1,0,0,0,'0000-00-00','0000-00-00'),('Michael','Odessa','','','','','','(962) 595-9955','(381) 981-2917','(923) 598-4478','OdessaM5675@comcast.net','OdessaM2431@aol.com',0,0,'82044 Redwood','Apt. #3206','South Bend','ID','','',159,0,'0000-00-00','2014-04-25',0,0,20,'','','','','',0,1,0,0,0,'0000-00-00','0000-00-00'),('Schmidt','Chiquita','','','OK:OKC:FDBEV','1060','','(654) 618-0470','(576) 815-8901','(944) 336-6023','CSchmidt2746@aol.com','CSchmidt9203@aol.com',6,30,'82057 Bay','Apt. #3086','Howell','AZ','73107','',160,39,'2015-07-27','0000-00-00',73,6,20,'','','','','',1,1,3,3,0,'0000-00-00','0000-00-00'),('Morse','Rochel','','','OK:OKC:GSERV','1059','','(627) 262-6676','(157) 411-3965','(526) 944-4719','RMorse5291@yahoo.com','RMorse9342@gmail.com',9,10,'27129 Elm','Apt. #3578','Savannah','NM','73103','',161,44,'2015-08-03','0000-00-00',49,7,20,'','','','','',1,1,2,2,0,'0000-00-00','0000-00-00'),('Sanders','Merlene','','','OK:OKC:GRNDS','755','','(266) 161-7590','(703) 382-1258','(155) 260-7935','MerleneSanders528@bdiddy.com','MSanders5555@comcast.net',2,15,'80517 Thirteenth','Apt. #5332','Spokane','GA','73129','',162,54,'2013-12-14','2015-04-13',0,9,20,'','','','','',0,1,0,0,0,'0000-00-00','0000-00-00'),('Koch','Taina','','','NY:USA:Design','1057','','(235) 213-5311','(926) 229-5134','(692) 970-0979','TainaKoch103@hotmail.com','TainaKoch363@bdiddy.com',5,4,'79956 11th','Apt. #2458','Lakewood','IA','11211','',163,0,'2015-08-05','0000-00-00',199,0,0,'','','','','',1,1,1,1,0,'0000-00-00','0000-00-00'),('Fuller','Audrey','','','','','','(380) 621-7694','(894) 325-2319','(200) 743-8635','AudreyF8845@gmail.com','AudreyFuller793@hotmail.com',3,3,'59677 5th','','Bradenton','SC','73023','',164,0,'2014-02-09','2014-07-01',0,0,20,'','','','','',0,1,0,0,0,'0000-00-00','0000-00-00'),('Dudley','Tressa','','','OK:OKC:FDBEV','1020','','(833) 447-8781','(175) 607-4860','(956) 920-8488','TressaDudley600@hotmail.com','TressaDudley366@yahoo.com',6,5,'3539 Lehua','','Chicago','NM','73112','',165,39,'2015-02-25','2015-04-17',73,6,20,'','','','','',0,1,0,0,0,'0000-00-00','0000-00-00'),('Steele','Junita','','','OK:OKC:GSERV','1007','','(374) 648-7488','(602) 887-2609','(414) 244-4421','JSteele2668@bdiddy.com','JunitaS8392@abiz.com',2,23,'13511 New Jersey','','Cary','NM','73107','',166,19,'2014-11-17','2014-12-11',24,0,20,'','','','','',0,0,0,0,0,'0000-00-00','0000-00-00'),('Stein','Sherilyn','','','OK:OKC:ADMIN','814','','(808) 948-2792','(293) 885-2527','(776) 121-5338','SStein7265@hotmail.com','SherilynStein805@aol.com',7,4,'39096 Sycamore','','Mesquite','MN','73118','',167,0,'2014-06-09','2015-04-07',0,0,20,'','','','','',0,0,0,0,0,'0000-00-00','0000-00-00'),('Ball','Scot','','','','','','(814) 654-6911','(741) 367-3562','(533) 868-6863','ScotBall616@bdiddy.com','ScotBall940@abiz.com',6,13,'96798 3rd','Apt. #9176','Grayslake','AR','73132','',168,0,'2013-12-17','2014-04-29',0,0,20,'','','','','',0,1,0,0,0,'0000-00-00','0000-00-00'),('Faulkner','Rochell','','','OK:OKC:CPATR','1031','','(430) 606-9121','(480) 428-0432','(731) 428-5846','RochellFaulkner46@bdiddy.com','RochellFaulkner748@hotmail.com',4,17,'5922 Washington','Apt. #1248','Burlington','VT','73132','',169,23,'2015-05-12','0000-00-00',59,0,20,'','','','','',1,1,1,1,0,'0000-00-00','0000-00-00'),('Little','Racquel','','','OK:OKC:ADMIN','1032','','(521) 177-8819','(269) 111-0600','(664) 210-4798','RLittle8514@gmail.com','RacquelL1503@aol.com',8,3,'54853 Birch','Apt. #9248','Daytona Beach','KS','73112','',170,4,'2015-05-11','2015-07-15',0,1,20,'','','','','',0,1,0,0,0,'0000-00-00','0000-00-00'),('Calderon','Alycia','','','OK:OKC:GSERV','1038','','(924) 704-6173','(292) 413-7113','(763) 365-5207','AlyciaC4349@comcast.net','ACalderon7167@yahoo.com',10,17,'11577 Eleventh','Apt. #1854','Kansas City','ND','73034','',171,0,'2015-06-01','2015-08-15',49,0,20,'','','','','',0,0,0,0,0,'0000-00-00','0000-00-00'),('Mccoy','Arica','','','OK:OKC:GRNDS','1063','','(839) 475-9378','(713) 191-8002','(407) 495-1475','AricaM6307@comcast.net','AricaMccoy940@abiz.com',4,26,'24811 Pine','','Tampa','SD','73179','',172,54,'2015-07-30','0000-00-00',82,9,20,'','','','','',1,1,1,1,0,'0000-00-00','0000-00-00'),('Paul','Glendora','','','TX:TUC:MAINT','683','','(685) 855-1359','(468) 265-8887','(148) 326-8389','GPaul2690@hotmail.com','GPaul7675@comcast.net',2,18,'44574 12th','Apt. #7859','Davenport','NH','75061','',173,57,'1996-05-20','0000-00-00',201,10,42,'','','','','',1,1,1,1,0,'0000-00-00','0000-00-00'),('Benjamin','Yen','','','OK:OKC:CPATR','1029','','(126) 776-3551','(340) 323-0079','(903) 664-8506','YBenjamin3816@comcast.net','YenBenjamin216@bdiddy.com',2,9,'93422 Zoo','','Davidson County','RI','73003','',174,0,'2015-04-27','2015-05-29',59,0,20,'','','','','',0,0,0,0,0,'0000-00-00','0000-00-00'),('Bowen','Donald','','','TX:TUC:CPATR','293','','(756) 885-0404','(166) 419-3801','(864) 449-6995','DonaldBowen353@abiz.com','DBowen2492@comcast.net',12,25,'3975 Zoo','','Columbus','TX','75061','',175,22,'2006-06-25','0000-00-00',201,3,42,'','','','','',1,1,1,1,0,'0000-00-00','0000-00-00'),('David','Rolf','','','OK:OKC:HSKPG','590','','(144) 621-0488','(687) 585-9962','(114) 917-9376','RolfDavid199@hotmail.com','RDavid6177@comcast.net',10,13,'36983 Canyon','','Clarke County','MS','73142','',176,52,'2010-02-15','0000-00-00',146,0,20,'','','','','',1,1,1,1,0,'0000-00-00','0000-00-00'),('Jarvis','Celina','','','OK:OKC:HSKPG','','','(661) 205-8823','(276) 643-4643','(700) 182-2477','CJarvis8619@yahoo.com','CJarvis6718@gmail.com',2,6,'7801 Kahili','','Richmond','MA','73127','',177,0,'2014-08-16','2014-09-12',0,0,20,'','','','','',0,1,0,0,0,'0000-00-00','0000-00-00'),('Curtis','Kermit','','','','','','(299) 605-3504','(372) 774-6939','(167) 613-0118','KermitC1199@comcast.net','KermitC885@abiz.com',10,8,'79147 Fifth','','Utica','OR','73129','',178,0,'2014-07-13','2014-07-24',0,0,20,'','','','','',0,1,0,0,0,'0000-00-00','0000-00-00'),('Hinton','Aliza','','','OK:OKC:GRNDS','1033','','(818) 396-0650','(641) 506-9591','(313) 583-0883','AHinton8923@bdiddy.com','AHinton1269@yahoo.com',4,20,'97504 Third','','Cedar Rapids','WY','73132','',179,54,'2015-05-21','2015-06-08',82,9,20,'','','','','',0,1,0,0,0,'0000-00-00','0000-00-00'),('Hickman','Dahlia','','','OK:OKC:PHONE','1009','','(636) 859-5579','(511) 122-2239','(759) 831-7639','DHickman5908@comcast.net','DHickman4747@aol.com',1,29,'67887 Aspen','','Lancaster','NM','73162','',180,19,'2014-12-22','2015-01-06',24,0,20,'','','','','',0,0,0,0,0,'0000-00-00','0000-00-00'),('Fowler','Sylvie','','','OK:OKC:MAINT','1069','','(173) 183-8831','(617) 545-8360','(298) 739-9773','SylvieFowler720@aol.com','SylvieFowler622@hotmail.com',11,8,'91748 5th','','Pittsburgh','NV','73132','',181,0,'2015-08-10','0000-00-00',197,0,20,'','','','','',1,1,2,2,0,'0000-00-00','0000-00-00'),('Larson','Donnell','','','','','','(286) 118-5621','(203) 345-0083','(564) 535-9029','DonnellL2335@gmail.com','DonnellL9768@bdiddy.com',7,28,'64686 Kansas','','Tulsa','IL','73054','',182,0,'2013-10-11','2014-01-24',0,0,20,'','','','','',0,1,0,0,0,'0000-00-00','0000-00-00'),('Everett','Benito','','','OK:OKC:CPATR','1006','','(604) 119-8369','(351) 496-2544','(448) 877-1855','BEverett3092@bdiddy.com','BEverett5793@hotmail.com',6,18,'41682 Navajo','','Olympia','NY','73132','',183,0,'2014-10-10','2015-03-25',0,0,20,'','','','','',0,0,0,0,0,'0000-00-00','0000-00-00'),('Graves','Brendan','','','OK:OKC:FDBEV','1008','','(209) 886-5935','(384) 450-7974','(872) 444-1863','BGraves6502@abiz.com','BGraves8287@aol.com',4,5,'6614 Maple','','Frederick','AR','73132','',184,0,'2014-11-24','2015-05-08',0,0,20,'','','','','',0,0,0,0,0,'0000-00-00','0000-00-00'),('Rowland','Lauran','','','OK:OKC:CPATR','1058','','(440) 574-5683','(336) 683-5941','(234) 934-1275','LRowland9212@aol.com','LauranR2628@hotmail.com',12,24,'19800 South Dakota','','Sioux Falls','WY','73132','',185,23,'2015-07-29','0000-00-00',89,0,20,'','','','','',1,1,2,2,0,'0000-00-00','0000-00-00'),('Goodwin','Aja','','','OK:OKC:GSERV','759','','(920) 843-6090','(856) 106-3952','(232) 675-6455','AjaGoodwin522@gmail.com','AjaGoodwin356@gmail.com',7,7,'43212 North Carolina','','Denver','ID','73132','',186,42,'2013-12-14','0000-00-00',49,7,20,'','','','','',1,1,1,1,0,'0000-00-00','0000-00-00'),('Faulkner','Teressa','','','OK:OKC:HSKPG','816','','(640) 377-6755','(454) 501-2406','(111) 573-1247','TeressaFaulkner124@bdiddy.com','TFaulkner1511@hotmail.com',7,24,'22057 Elm','','Fort Worth','VA','73107','',187,52,'2014-06-14','0000-00-00',146,0,20,'','','','','',1,1,1,1,0,'0000-00-00','0000-00-00'),('Adkins','Donnie','','','OK:OKC:MAINT','1052','','(340) 441-5461','(132) 739-5498','(110) 462-4077','DonnieAdkins741@aol.com','DonnieA3169@aol.com',4,26,'36422 Birch','Apt. #1182','Medford','ME','73132','',188,56,'2015-07-02','0000-00-00',34,0,20,'','','','','',1,1,1,1,0,'0000-00-00','0000-00-00'),('Reed','Takako','','','OK:OKC:MAINT','766','','(767) 245-7373','(796) 523-8521','(557) 410-7347','TakakoReed48@gmail.com','TReed6023@aol.com',4,8,'5874 Aspen','Apt. #9744','Pittsburgh','MS','73132','',189,59,'2014-01-14','0000-00-00',197,0,20,'','','','','',1,1,1,1,0,'0000-00-00','0000-00-00'),('Chapman','Larraine','','','NY:NYR - USA:SALES','1061','','(871) 411-6808','(225) 117-9112','(750) 501-7980','LChapman8705@hotmail.com','LarraineChapman11@comcast.net',3,24,'76254 Birch','','Layton','CT','11968','',190,76,'2015-08-06','0000-00-00',195,0,0,'','','','','',1,1,3,3,0,'0000-00-00','0000-00-00'),('Velez','Shakira','','','NY:NYR - USA:SALES','654','','(627) 964-3324','(642) 422-9433','(520) 440-2327','ShakiraV4135@yahoo.com','ShakiraV8096@comcast.net',11,24,'57076 North','Apt. #4109','Lacey','IL','10022','',191,29,'2010-01-16','0000-00-00',199,0,0,'','','','','',1,1,1,1,0,'0000-00-00','0000-00-00'),('Callahan','Caryl','','','NY:NYR - USA:CRVDES','665','','(249) 630-9721','(503) 703-6692','(983) 972-0512','CCallahan9605@abiz.com','CCallahan2970@yahoo.com',3,1,'784 Aloha','','Garland','AK','11106','',192,32,'2012-04-01','0000-00-00',199,0,0,'','','','','',1,1,2,2,0,'0000-00-00','0000-00-00'),('Mccall','Coreen','','','NY:NYR - USA:SALES','80','','(422) 819-1653','(762) 527-2293','(721) 160-5646','CMccall327@abiz.com','CMccall9942@comcast.net',9,12,'73004 Sunset','','Port Orange','RI','11561','',193,66,'2011-10-17','0000-00-00',199,0,0,'','','','','',1,1,1,1,0,'0000-00-00','0000-00-00'),('Armstrong','Sandi','','','NY:NYR - USA:SALES','1044','','(956) 786-1171','(810) 158-5034','(236) 441-3233','SArmstrong3766@comcast.net','SArmstrong7509@aol.com',6,17,'35245 Hemlock','','Fullerton','OR','11968','',194,76,'2015-05-30','0000-00-00',195,0,0,'','','','','',1,1,3,3,0,'0000-00-00','0000-00-00'),('Rice','Santina','','','NY:NYR - USA:SALES','1026','','(741) 674-8204','(161) 566-2974','(259) 132-2473','SRice8695@comcast.net','SantinaRice185@aol.com',9,7,'22615 New Jersey','','Knoxville','ID','11968','',195,77,'2015-04-06','0000-00-00',193,0,0,'','','','','',1,1,2,2,0,'0000-00-00','0000-00-00'),('Holman','Timika','','','NY:NYR - USA:SALES','1027','','(112) 715-6361','(342) 921-1342','(444) 494-5057','TimikaH5884@bdiddy.com','THolman8534@gmail.com',8,18,'96785 Apache','Apt. #1165','Cleveland','PA','11949','',196,78,'2015-04-06','0000-00-00',193,0,0,'','','','','',1,1,2,2,0,'0000-00-00','0000-00-00'),('Wagner','Jammie','','','OK:OKC:MAINT','413','','(361) 552-6382','(391) 691-7770','(995) 707-8946','JammieWagner666@bdiddy.com','JammieWagner190@aol.com',11,12,'62778 Laurel','','Richmond County','NV','73132','',197,58,'2007-09-14','0000-00-00',207,10,20,'','','','','',1,1,1,1,0,'0000-00-00','0000-00-00'),('Myers','Felipa','','','TX:AII:ADMIN','1004','','(680) 806-7521','(276) 788-0232','(542) 718-0091','FelipaMyers687@comcast.net','FelipaM7799@bdiddy.com',6,19,'48863 Rhode Island','','Utica','NE','78733','',198,30,'2014-10-07','0000-00-00',0,1,4,'','','Joe','','',1,1,1,1,0,'0000-00-00','0000-00-00'),('Cook','Ria','','','TX:USA:ADMIN','87','','(560) 130-1567','(996) 286-8509','(156) 208-3947','RiaCook386@aol.com','RiaC6360@bdiddy.com',12,22,'63123 Second','Apt. #5121','Austin','LA','75093','',199,7,'2012-01-02','0000-00-00',198,1,0,'','','','','',1,1,1,1,0,'0000-00-00','0000-00-00'),('Gamble','Brande','','','TX:AII:ADMIN','391','','(709) 484-7031','(548) 774-2543','(505) 717-4950','BGamble8867@abiz.com','BGamble5357@gmail.com',3,9,'24378 North Dakota','Apt. #8601','Grand Prairie','MO','78738','',200,9,'1996-01-01','0000-00-00',198,1,4,'','','','','',1,1,1,1,0,'0000-00-00','0000-00-00'),('Elliott','Brendan','','','TX:TUC:ADMIN','686','','(510) 411-4881','(454) 619-7136','(389) 823-6721','BrendanElliott135@comcast.net','BrendanElliott403@comcast.net',1,27,'39176 Fifth','','Santa Rosa','NC','76248','',201,11,'1990-10-30','0000-00-00',198,1,42,'','','','','',1,1,1,1,0,'0000-00-00','0000-00-00'),('Pittman','Many','','','TX:AII:ACCTG','1001','','(486) 643-5532','(251) 182-6226','(520) 611-5743','ManyP5535@aol.com','ManyPittman432@comcast.net',9,17,'64807 N 400','','Jefferson','WY','78729','',202,12,'2014-07-07','0000-00-00',200,1,4,'','','','','',1,1,1,1,0,'0000-00-00','0000-00-00'),('Kaufman','Carlos','','','TX:AII:ADMIN','773','','(589) 508-3008','(285) 828-7825','(787) 843-4171','CarlosK3284@bdiddy.com','CarlosK8926@comcast.net',8,28,'57688 Tenth','','Hartford','FL','78729','',203,6,'2014-02-10','0000-00-00',198,1,4,'','','','','',1,1,1,1,0,'0000-00-00','0000-00-00'),('Mcintyre','Rana','','','OK:OKC:CPATR','1054','','(621) 820-5713','(563) 461-7190','(941) 292-3692','RMcintyre7770@abiz.com','RanaMcintyre635@hotmail.com',7,29,'23001 Kukui','','Concord','RI','73132','',204,23,'2015-07-15','0000-00-00',59,3,20,'','','','','',1,1,1,1,0,'0000-00-00','0000-00-00'),('Nixon','Vincenzo','','','OK:OKC:TRANS','663','','(345) 438-2750','(827) 676-5471','(155) 119-1501','VincenzoNixon63@aol.com','VincenzoN9386@abiz.com',6,8,'61906 Dogwood','','Charlotte','IN','73132','',205,21,'2010-12-18','0000-00-00',59,3,20,'','','','','',1,1,1,1,0,'0000-00-00','0000-00-00'),('Medina','Louie','','','OK:OKC:CAPMP','596','','(953) 805-4192','(840) 204-4857','(196) 606-5804','LMedina9791@gmail.com','LouieM1717@yahoo.com',5,15,'54385 North Carolina','','Green Bay','FL','73142','',206,61,'2010-03-01','0000-00-00',207,10,20,'','','','','',1,1,1,1,0,'0000-00-00','0000-00-00'),('Blackwell','Onie','','','OK:OKC:ADMIN','474','','(665) 601-8957','(572) 234-6717','(542) 216-6901','OBlackwell5871@aol.com','OBlackwell327@aol.com',10,9,'75688 Hampton','','Alexandria','RI','73142','',207,11,'2008-08-26','0000-00-00',198,0,20,'','','','','',1,1,1,1,0,'0000-00-00','0000-00-00'),('Hayden','Tara','','','NY:NYR - USA:ADMIN','','','(485) 513-1882','(445) 363-3598','(382) 788-1020','TaraHayden630@hotmail.com','TaraHayden651@abiz.com',11,29,'35180 Second','Apt. #4942','Springfield','AK','11221','',208,31,'2014-09-22','0000-00-00',199,0,0,'','','','','',1,1,2,2,0,'0000-00-00','0000-00-00'),('Harper','Adan','','','TX:AII: CRVDES','','','(598) 505-8995','(649) 613-1175','(548) 476-3586','AdanHarper111@comcast.net','AdanH7961@abiz.com',10,3,'36190 Lehua','Apt. #8182','El Paso','NJ','76040','',209,26,'2008-10-01','0000-00-00',198,0,0,'','','','','',1,1,1,1,0,'0000-00-00','0000-00-00'),('Decker','Christian','','','CA:AII ADMIN','','','(916) 123-2670','(720) 541-2624','(825) 924-0054','CDecker2143@hotmail.com','ChristianD7865@yahoo.com',10,31,'35521 Apache','Apt. #445','Melbourne','IN','91202','',210,30,'2015-04-20','0000-00-00',198,0,4,'','','','','',1,1,2,1,0,'0000-00-00','0000-00-00'),('Workman','Loretta','','','CA:AII ADMIN','','','(242) 174-2543','(416) 574-1097','(727) 381-4823','LWorkman9100@hotmail.com','LorettaW7460@gmail.com',10,24,'16454 Mountain View','Apt. #7019','Pomona','MN','95035','',211,10,'2015-08-17','0000-00-00',198,0,4,'','','Steve','Sharon Yu','408-507-6062',1,1,0,0,0,'0000-00-00','0000-00-00'),('Hurley','Cathie','','','','',NULL,'(629) 142-1335','(117) 189-1338','(226) 138-4634','CathieHurley692@comcast.net','CHurley178@comcast.net',12,1,'74523 Pecan','','Gainesville','WA','','USA',212,1,'0000-00-00','0000-00-00',211,1,4,'CA','USA','P-Diddy','Hannibal Lecter','876-543-0987',1,1,0,0,0,'0000-00-00','0000-00-00');
/*!40000 ALTER TABLE `people` ENABLE KEYS */;
UNLOCK TABLES;
/*!40103 SET TIME_ZONE=@OLD_TIME_ZONE */;

/*!40101 SET SQL_MODE=@OLD_SQL_MODE */;
/*!40014 SET FOREIGN_KEY_CHECKS=@OLD_FOREIGN_KEY_CHECKS */;
/*!40014 SET UNIQUE_CHECKS=@OLD_UNIQUE_CHECKS */;
/*!40101 SET CHARACTER_SET_CLIENT=@OLD_CHARACTER_SET_CLIENT */;
/*!40101 SET CHARACTER_SET_RESULTS=@OLD_CHARACTER_SET_RESULTS */;
/*!40101 SET COLLATION_CONNECTION=@OLD_COLLATION_CONNECTION */;
/*!40111 SET SQL_NOTES=@OLD_SQL_NOTES */;

-- Dump completed on 2015-11-01 20:56:37
